cost,time,Pg,B,R,P0,P_rsrv,B_rsrv,P_cul,status
106.58844574931496,0.982457160949707,0,2.75,-5757637565328988e-23,0.2408326451801235,0.229,2.763,0,OPTIMAL
