cost,time,Pg,B,R,Pd,P0,P_rsrv,P_cul,status,cost_opt,peak_opt
8193.001260046012,8.594,7.341828129574032,157.1349999999996,0.749999999999999,7.341828129574032,2.3509329297119113,0,-1.5687321233692764e-15,OPTIMAL,441577.3293560012,0.0
