cost,time,Pg,B,R,Pd,P0,P_rsrv,P_cul,status,cost_opt,peak_opt
37201.729390396875,13.61,0.6390177273061131,107.32199999999978,0.749999999999999,0.6390177273061131,11.369721696331563,0,1.3305532348649451e-16,OPTIMAL,445341.161012933,0.0
