cost,time,Pg,B,R,Pd,P0,P_rsrv,P_cul,status,cost_opt,peak_opt
15049.62061264186,10.422,0.0,181.72899999999967,-0.6925200000000029,0.0,9.295627308611401,0,0.0,OPTIMAL,455529.1410875291,0.0
