cost,time,Pg,B,R,Pd,P0,P_rsrv,P_cul,status,cost_opt,peak_opt
14408.239278786124,9.406,0.0,187.4999999999996,0.0,0.0,8.737561721519786,0,0.0,OPTIMAL,455783.39033596375,0.0
