cost,time,Pg,B,R,Pd,P0,P_rsrv,P_cul,status,cost_opt,peak_opt
21796.342935195735,9.859,0.0,0.2779999999995717,0.02845996150035885,0.0,9.952668006938692,0,0.0,OPTIMAL,440743.9080864051,0.0
