cost,time,Pg,B,R,Pd,P0,P_rsrv,P_cul,status,cost_opt,peak_opt
34422.03446077529,11.047,0.0,13.044999999999558,0.749999999999999,0.0,11.114638185590989,0,0.0,OPTIMAL,443529.8705566585,0.0
