cost,time,Pg,B,R,Pd,P0,P_rsrv,P_cul,status,cost_opt,peak_opt
15108.191679068685,11.313,0.4542643839787599,156.75499999999934,-0.7489626893267162,0.4542643839787599,9.162032552497687,0,2.4929196077230764e-16,OPTIMAL,456781.626372478,0.0
