cost,time,Pg,B,R,Pd,P0,P_rsrv,P_cul,status,cost_opt,peak_opt
12475.09958863683,10.125,3.381928901705522,175.20199999999937,0.024070838938264987,3.381928901705522,6.427150741183322,0,-1.117988622685584e-15,OPTIMAL,455492.4823829208,0.0
