cost,time,Pg,B,R,Pd,P0,P_rsrv,P_cul,status,cost_opt,peak_opt
13921.03136674387,9.14,0.6703752755038069,169.4289999999995,-0.7498308389382692,0.6703752755038069,9.01621202509318,0,1.0107169821135104e-15,OPTIMAL,456349.95183536806,0.0
