cost,time,Pg,B,R,Pd,P0,P_rsrv,P_cul,status,cost_opt,peak_opt
13938.652452800574,11.047,0.0,156.3629999999996,-0.7369474831851995,0.0,8.788557662547651,0,0.0,OPTIMAL,450382.9889523153,0.0
