cost,time,Pg,B,R,Pd,P0,P_rsrv,P_cul,status,cost_opt,peak_opt
20264.22441052155,11.61,0.0,6.426999999999568,0.749999999999999,0.0,9.248847289147216,0,0.0,OPTIMAL,440534.88485045236,0.0
