cost,time,Pg,B,R,Pd,P0,P_rsrv,P_cul,status,cost_opt,peak_opt
13953.512710016175,10.703,0.0,172.74299999999926,-0.7498308389382689,0.0,8.842530234484268,0,0.0,OPTIMAL,453287.8035190554,0.0
