cost,time,Pg,B,R,Pd,P0,P_rsrv,P_cul,status,cost_opt,peak_opt
6699.743310209844,8.906,7.817047914750988,176.38599999999968,-0.7480268313917361,7.817047914750988,3.7220796167832466,0,-1.1721309686740788e-15,OPTIMAL,461184.09798278374,0.0
