cost,time,Pg,B,R,Pd,P0,P_rsrv,P_cul,status,cost_opt,peak_opt
42964.166434576066,10.969,0.2102816775741487,51.3099999999996,0.749999999999999,0.2102816775741487,11.665535279548212,0,-7.646844041222373e-16,OPTIMAL,444253.2673605954,0.0
