cost,time,Pg,B,R,Pd,P0,P_rsrv,P_cul,status,cost_opt,peak_opt
13135.245627432696,8.657,1.3221564267444033,182.4749999999998,0.14699999999999488,1.3221564267444033,7.672456558079846,0,-1.0593536139448523e-15,OPTIMAL,455593.1045450029,0.0
