cost,time,Pg,B,R,Pd,P0,P_rsrv,P_cul,status,cost_opt,peak_opt
13825.488336792365,11.282,0.0,87.79599999999974,-0.7499999999999987,0.0,9.32264891219984,0,0.0,OPTIMAL,421370.8693194074,0.0
