cost,time,Pg,B,R,Pd,P0,P_rsrv,P_cul,status,cost_opt,peak_opt
-3319.927053794222,9.016,11.222478779447142,187.4999999999996,0.749999999999999,11.222478779447142,-1.2286924699460482,0,-1.4877964311932335e-15,OPTIMAL,462347.9512320998,0.0
