cost,time,Pg,B,R,Pd,P0,P_rsrv,P_cul,status,cost_opt,peak_opt
1867.566757574033,9.094,9.935064739932399,187.4999999999996,1.5728954597116222e-16,9.935064739932399,0.7169162217174792,0,1.1904539853890839e-16,OPTIMAL,461713.6657488992,0.0
