cost,time,Pg,B,R,Pd,P0,P_rsrv,P_cul,status,cost_opt,peak_opt
15654.255475112173,9.969,0.6260848407778699,169.80499999999932,-0.7495069687325034,0.6260848407778699,9.224664393112654,0,2.4738850833323778e-15,OPTIMAL,456327.27012205706,0.0
