cost,time,Pg,B,R,Pd,P0,P_rsrv,P_cul,status,cost_opt,peak_opt
20158.371965515464,9.312,3.764131020851755,181.91699999999955,-0.6699600000000026,3.764131020851755,7.373215788410922,0,8.762521958027847e-16,OPTIMAL,460330.34484147903,0.0
