cost,time,Pg,B,R,Pd,P0,P_rsrv,P_cul,status,cost_opt,peak_opt
11634.825664159933,8.532,4.901862307060629,138.67299999999975,0.13878073676862088,4.901862307060629,5.569567096294846,0,9.836017634060057e-16,OPTIMAL,458514.5156179842,0.0
