cost,time,Pg,B,R,Pd,P0,P_rsrv,P_cul,status,cost_opt,peak_opt
-998.491361487163,8.407,10.720940444774895,187.4999999999996,0.0,10.720940444774895,-0.35508227648903373,0,3.907464629637758e-16,OPTIMAL,459694.2613597224,0.0
