cost,time,Pg,B,R,Pd,P0,P_rsrv,P_cul,status,cost_opt,peak_opt
22684.734559778746,8.875,2.9973907852703254,175.5819999999995,-0.6801600000000037,2.9973907852703254,8.127816037183356,0,-1.259029772798792e-15,OPTIMAL,449559.76531142765,0.0
