cost,time,Pg,B,R,Pd,P0,P_rsrv,P_cul,status,cost_opt,peak_opt
37599.16987746979,11.984,0.0,31.900999999999573,0.749999999999999,0.0,11.491188837857514,0,0.0,OPTIMAL,443826.38934619684,0.0
