cost,time,Pg,B,R,Pd,P0,P_rsrv,P_cul,status,cost_opt,peak_opt
4728.743171420482,8.953,8.620274958499213,182.70699999999945,-0.5751600000000008,8.620274958499213,2.6241638021201346,0,1.7212793690379868e-15,OPTIMAL,461080.320174586,0.0
