cost,time,Pg,B,R,Pd,P0,P_rsrv,P_cul,status,cost_opt,peak_opt
20057.187122277788,9.906,4.292367488573433,168.98699999999957,0.749999999999999,4.292367488573433,5.951687573376198,0,3.0722223810092375e-16,OPTIMAL,436601.78124361817,0.0
