cost,time,Pg,B,R,Pd,P0,P_rsrv,P_cul,status,cost_opt,peak_opt
7687.0896265298425,8.375,8.821066298604379,144.8369999999998,-0.7496616778765394,8.821066298604379,2.5319794553787363,0,6.193775960866565e-16,OPTIMAL,441590.67974572437,0.0
