cost,time,Pg,B,R,Pd,P0,P_rsrv,P_cul,status,cost_opt,peak_opt
12184.822895578356,9.469,0.0,162.90399999999943,0.749999999999999,0.0,7.380268258981439,0,0.0,OPTIMAL,452337.996192546,0.0
