cost,time,Pg,B,R,Pd,P0,P_rsrv,P_cul,status,cost_opt,peak_opt
11944.33045221918,9.86,6.861016599846907,169.05299999999957,-0.7494569307390836,6.861016599846907,4.3768158491092635,0,7.844744819018867e-16,OPTIMAL,461475.56119899056,0.0
