cost,time,Pg,B,R,Pd,P0,P_rsrv,P_cul,status,cost_opt,peak_opt
14066.566771669375,12.25,6.0002448990874075,181.3509999999998,-0.7378800000000013,6.0002448990874075,5.401907362392233,0,1.7209541083862412e-15,OPTIMAL,462042.7106349387,0.0
