cost,time,Pg,B,R,Pd,P0,P_rsrv,P_cul,status,cost_opt,peak_opt
37141.396196912356,10.172,0.37488748413847706,94.3529999999995,0.749999999999999,0.37488748413847706,11.570528410253068,0,3.1350891663544517e-16,OPTIMAL,445602.6615121125,0.0
