cost,time,Pg,B,R,Pd,P0,P_rsrv,P_cul,status,cost_opt,peak_opt
14478.157564529904,9.766,0.0,181.48799999999991,-0.7214400000000037,0.0,9.128724820006244,0,0.0,OPTIMAL,454872.0084705883,0.0
