cost,time,Pg,B,R,Pd,P0,P_rsrv,P_cul,status,cost_opt,peak_opt
14097.151499534362,10.438,0.0,147.59799999999996,-0.749661677876539,0.0,8.905338913161316,0,0.0,OPTIMAL,453179.84313931153,0.0
