cost,time,Pg,B,R,Pd,P0,P_rsrv,P_cul,status,cost_opt,peak_opt
16328.066655184273,10.0,4.197644635485881,181.3509999999998,0.749999999999999,4.197644635485881,5.499517229769038,0,-2.4481691630537372e-15,OPTIMAL,459095.047669114,0.0
