cost,time,Pg,B,R,Pd,P0,P_rsrv,P_cul,status,cost_opt,peak_opt
13120.656109954063,9.797,0.0,168.99012166483882,-0.7213545612810467,0.0,8.859322153919017,0,0.0,OPTIMAL,447323.00747803756,0.0
