cost,time,Pg,B,R,Pd,P0,P_rsrv,P_cul,status,cost_opt,peak_opt
31969.195903573767,13.672,0.0,43.88199999999963,0.749999999999999,0.0,10.610420147219969,0,0.0,OPTIMAL,440274.1453174384,0.0
