cost,time,Pg,B,R,Pd,P0,P_rsrv,P_cul,status,cost_opt,peak_opt
13053.618417366019,8.516,1.7702808991612855,187.4999999999996,0.0,1.7702808991612855,7.620325987954478,0,-1.5716526929714092e-15,OPTIMAL,455498.2178724355,0.0
