cost,time,Pg,B,R,Pd,P0,P_rsrv,P_cul,status,cost_opt,peak_opt
19324.59952152456,8.906,5.460235604817807,169.1769999999995,-0.7498308389382692,5.460235604817807,6.528580919433972,0,-5.282232984349378e-16,OPTIMAL,435240.3637492218,0.0
