cost,time,Pg,B,R,Pd,P0,P_rsrv,P_cul,status,cost_opt,peak_opt
9663.017647938625,9.906,6.002168393523354,119.34499999999943,-0.7496616778765394,6.002168393523354,5.518570901164263,0,-5.073496961091606e-15,OPTIMAL,459847.504680095,0.0
