cost,time,Pg,B,R,Pd,P0,P_rsrv,P_cul,status,cost_opt,peak_opt
20467.933435596828,10.984,0.0,50.85799999999957,-0.7496616778765388,0.0,9.883116096377028,0,0.0,OPTIMAL,442288.50201521214,0.0
