cost,time,Pg,B,R,Pd,P0,P_rsrv,P_cul,status,cost_opt,peak_opt
40882.68625208967,9.797,0.269192548340603,82.05499999999945,0.749999999999999,0.269192548340603,11.627612699684207,0,-1.3054564956707475e-15,OPTIMAL,445790.4506459859,0.0
