cost,time,Pg,B,R,Pd,P0,P_rsrv,P_cul,status,cost_opt,peak_opt
14164.070760594035,9.016,0.0,175.20199999999937,0.749999999999999,0.0,7.821132391272245,0,0.0,OPTIMAL,455439.19632162503,0.0
