cost,time,Pg,B,R,Pd,P0,P_rsrv,P_cul,status,cost_opt,peak_opt
13033.718490777457,10.812,0.0,169.05299999999957,0.749999999999999,0.0,7.372012721027973,0,0.0,OPTIMAL,452138.87841864984,0.0
