cost,time,Pg,B,R,Pd,P0,P_rsrv,P_cul,status,cost_opt,peak_opt
12955.105496206332,12.672,6.444492054704219,175.39199999999983,-0.7496084653695413,6.444492054704219,4.837604740928429,0,-9.217615819928637e-16,OPTIMAL,461016.12435259885,0.0
