cost,time,Pg,B,R,Pd,P0,P_rsrv,P_cul,status,cost_opt,peak_opt
14112.95583058777,13.86,0.0,179.0819999999998,-0.7365977826997271,0.0,8.898458909576147,0,0.0,OPTIMAL,453462.4885064737,0.0
