cost,time,Pg,B,R,Pd,P0,P_rsrv,P_cul,status,cost_opt,peak_opt
36135.80637685032,10.734,0.9068160303476421,138.06699999999958,0.749999999999999,0.9068160303476421,10.764315274605398,0,-4.0718567840408726e-17,OPTIMAL,444832.7552116299,0.0
