cost,time,Pg,B,R,Pd,P0,P_rsrv,P_cul,status,cost_opt,peak_opt
11070.410408653193,10.047,5.049860076738113,132.15899999999957,-0.749047436464172,5.049860076738113,6.119629855529681,0,-8.845056848408306e-16,OPTIMAL,457502.3978872354,0.0
