cost,time,Pg,B,R,Pd,P0,P_rsrv,P_cul,status,cost_opt,peak_opt
14807.171730079248,11.032,4.372451926928029,181.72899999999967,0.749999999999999,4.372451926928029,5.413956756884551,0,3.0489255868279552e-15,OPTIMAL,460906.51687175356,0.0
