cost,time,Pg,B,R,Pd,P0,P_rsrv,P_cul,status,cost_opt,peak_opt
13967.775154716475,9.578,0.0,166.61499999999953,-0.7232648827296406,0.0,8.795828183070828,0,0.0,OPTIMAL,453252.39059758745,0.0
