cost,time,Pg,B,R,Pd,P0,P_rsrv,P_cul,status,cost_opt,peak_opt
10363.102523876478,9.234,5.1761285249667415,125.30399999999948,0.749999999999999,5.1761285249667415,4.699819738719491,0,3.0691052997633417e-16,OPTIMAL,459461.2049933126,0.0
