cost,time,Pg,B,R,Pd,P0,P_rsrv,P_cul,status,cost_opt,peak_opt
38010.34984751582,11.281,0.0,12.859999999999552,-0.7489208925155858,0.0,12.798097591756168,0,0.0,OPTIMAL,442137.34690968745,0.0
