cost,time,Pg,B,R,Pd,P0,P_rsrv,P_cul,status,cost_opt,peak_opt
43048.449312541365,10.0,0.2085534435466555,75.90599999999952,0.749999999999999,0.2085534435466555,11.82649706388499,0,1.5588794361268143e-15,OPTIMAL,445906.64081347536,0.0
