cost,time,Pg,B,R,Pd,P0,P_rsrv,P_cul,status,cost_opt,peak_opt
0.0,11.844,0.0,119.22826488791385,-0.749909780767076,0.0,9.100450560384093,0,0.0,OPTIMAL,442347.0566150652,0.0
