cost,time,Pg,B,R,Pd,P0,P_rsrv,P_cul,status,cost_opt,peak_opt
19230.938934668862,10.422,0.0,76.21399999999971,-0.749661677876539,0.0,9.58193270287437,0,0.0,OPTIMAL,443097.9328481945,0.0
