cost,time,Pg,B,R,Pd,P0,P_rsrv,P_cul,status,cost_opt,peak_opt
9052.706513641497,8.938,6.39090051894292,187.4999999999996,0.749999999999999,6.39090051894292,3.6052196390448015,0,-2.987979872207114e-15,OPTIMAL,461790.75041958573,0.0
