cost,time,Pg,B,R,Pd,P0,P_rsrv,P_cul,status,cost_opt,peak_opt
14968.035486171008,11.781,2.7277154721132515,175.09999999999934,-0.7498308389382692,2.7277154721132515,7.803980962550057,0,5.602750251590405e-16,OPTIMAL,455803.5054070299,0.0
