cost,time,Pg,B,R,Pd,P0,P_rsrv,P_cul,status,cost_opt,peak_opt
19330.371101786513,8.687,4.1085567870839945,175.57999999999953,-0.7496084653695413,4.1085567870839945,7.085913160478928,0,-7.666664612188123e-17,OPTIMAL,460794.63122254045,0.0
