cost,time,Pg,B,R,Pd,P0,P_rsrv,P_cul,status,cost_opt,peak_opt
13947.548434834385,9.406,0.0,138.43912166483867,-0.6868325982561572,0.0,8.912171523855838,0,0.0,OPTIMAL,446236.02244470094,0.0
