cost,time,Pg,B,R,Pd,P0,P_rsrv,P_cul,status,cost_opt,peak_opt
14772.851108294106,11.437,0.0,175.39199999999983,-0.749608465369541,0.0,9.314534116200571,0,0.0,OPTIMAL,455334.11433692905,0.0
