cost,time,Pg,B,R,Pd,P0,P_rsrv,P_cul,status,cost_opt,peak_opt
11187.221993305351,10.641,3.23519895885329,181.3509999999998,0.749999999999999,3.23519895885329,5.7577056064361045,0,-4.67602844465842e-16,OPTIMAL,455297.8852480684,0.0
