cost,time,Pg,B,R,Pd,P0,P_rsrv,P_cul,status,cost_opt,peak_opt
34413.931340033574,12.593,1.4629492172240663,150.3649999999998,0.749999999999999,1.4629492172240663,10.103914075171337,0,4.794270855963331e-15,OPTIMAL,443704.1770814721,0.0
