cost,time,Pg,B,R,Pd,P0,P_rsrv,P_cul,status,cost_opt,peak_opt
28260.00294371757,9.953,0.0,0.2379999999995714,0.023226522934813573,0.0,10.536913849260838,0,0.0,OPTIMAL,440952.2880148208,0.0
