cost,time,Pg,B,R,Pd,P0,P_rsrv,P_cul,status,cost_opt,peak_opt
15227.59326804928,9.281,0.0013623126381083015,181.3509999999998,0.749999999999999,0.0013623126381083015,7.9393082732269455,0,-7.293885412101506e-17,OPTIMAL,456222.2965267975,0.0
