cost,time,Pg,B,R,Pd,P0,P_rsrv,P_cul,status,cost_opt,peak_opt
13036.569574963005,11.891,4.037675475452304,144.45699999999968,0.749999999999999,4.037675475452304,5.660690219263136,0,-2.182214370143043e-15,OPTIMAL,457496.5037828385,0.0
