cost,time,Pg,B,R,Pd,P0,P_rsrv,P_cul,status,cost_opt,peak_opt
35686.432467921324,10.187,0.0,18.908999999999573,-0.749661677876539,0.0,12.460346532095436,0,0.0,OPTIMAL,441861.39209987584,0.0
