cost,time,Pg,B,R,Pd,P0,P_rsrv,P_cul,status,cost_opt,peak_opt
12833.722061801242,15.14,2.388515331965272,187.4999999999996,0.749999999999999,2.388515331965272,6.601708879527387,0,-9.487311110334407e-16,OPTIMAL,455537.36843024084,0.0
