cost,time,Pg,B,R,Pd,P0,P_rsrv,P_cul,status,cost_opt,peak_opt
12092.996050454847,9.343,0.0,185.26099999999963,0.749999999999999,0.0,7.419015981874139,0,0.0,OPTIMAL,453562.50959239696,0.0
