cost,time,Pg,B,R,Pd,P0,P_rsrv,P_cul,status,cost_opt,peak_opt
21771.128951270184,8.172,3.9505372191161534,175.13599999999937,0.749999999999999,3.9505372191161534,6.22743963137019,0,-8.496079274139534e-17,OPTIMAL,437351.49446778465,0.0
