cost,time,Pg,B,R,Pd,P0,P_rsrv,P_cul,status,cost_opt,peak_opt
19756.707239427797,9.125,2.9080465719189523,187.4999999999996,0.749999999999999,2.9080465719189523,6.983636351865606,0,-3.563908066231414e-16,OPTIMAL,463220.5155678984,0.0
