cost,time,Pg,B,R,Pd,P0,P_rsrv,P_cul,status,cost_opt,peak_opt
13315.53306249454,11.078,6.087891184589813,181.2849999999998,0.749999999999999,6.087891184589813,3.9441744853360605,0,-1.0854218999295506e-15,OPTIMAL,436801.76984982553,0.0
