cost,time,Pg,B,R,Pd,P0,P_rsrv,P_cul,status,cost_opt,peak_opt
17628.74777290693,10.328,0.0,88.8919999999997,-0.7498308389382689,0.0,9.401998812217029,0,0.0,OPTIMAL,443721.5108453169,0.0
