cost,time,Pg,B,R,Pd,P0,P_rsrv,P_cul,status,cost_opt,peak_opt
13261.03966352978,9.735,1.7566512975412443,187.4999999999996,0.0,1.7566512975412443,7.582069561766598,0,8.722338715010103e-16,OPTIMAL,455491.5213889246,0.0
