cost,time,Pg,B,R,Pd,P0,P_rsrv,P_cul,status,cost_opt,peak_opt
7252.434715277603,9.25,8.578923748073485,181.3509999999998,-0.7378800000000013,8.578923748073485,2.890567841880272,0,1.3684799821112037e-15,OPTIMAL,461730.294392902,0.0
