cost,time,Pg,B,R,Pd,P0,P_rsrv,P_cul,status,cost_opt,peak_opt
22314.89371663688,10.375,0.0,0.23399999999957177,0.023179961500359055,0.0,10.04270644313091,0,0.0,OPTIMAL,440492.0752012429,0.0
