cost,time,Pg,B,R,Pd,P0,P_rsrv,P_cul,status,cost_opt,peak_opt
14512.718703434695,9.359,2.956321713301904,162.90399999999943,0.749999999999999,2.956321713301904,6.543155411828086,0,-9.451532438642385e-16,OPTIMAL,456995.69347177114,0.0
