cost,time,Pg,B,R,Pd,P0,P_rsrv,P_cul,status,cost_opt,peak_opt
12574.106513059915,10.922,0.0,187.4999999999996,0.749999999999999,0.0,7.714175774883383,0,0.0,OPTIMAL,455062.2038437329,0.0
