cost,time,Pg,B,R,Pd,P0,P_rsrv,P_cul,status,cost_opt,peak_opt
35424.09684609699,10.64,0.0,31.771999999999654,-0.6916642692824312,0.0,12.282973941087722,0,0.0,OPTIMAL,440907.1189307046,0.0
