cost,time,Pg,B,R,Pd,P0,P_rsrv,P_cul,status,cost_opt,peak_opt
38824.60156177342,9.672,0.0,19.602999999999565,0.749999999999999,0.0,11.489967908189826,0,0.0,OPTIMAL,443938.7193476381,0.0
