cost,time,Pg,B,R,Pd,P0,P_rsrv,P_cul,status,cost_opt,peak_opt
11743.455610614763,13.703,0.0,169.05299999999957,0.749999999999999,0.0,7.316794772968699,0,0.0,OPTIMAL,449188.29095908557,0.0
