cost,time,Pg,B,R,Pd,P0,P_rsrv,P_cul,status,cost_opt,peak_opt
13454.597059850907,10.781,2.1183606748789376,187.4999999999996,0.0,2.1183606748789376,7.34421236891425,0,2.1971357025418747e-16,OPTIMAL,455371.4909096431,0.0
