cost,time,Pg,B,R,Pd,P0,P_rsrv,P_cul,status,cost_opt,peak_opt
39496.36333180694,9.906,0.0,44.01499999999957,-0.7487369307390827,0.0,13.183031819695241,0,0.0,OPTIMAL,444109.95541631046,0.0
