cost,time,Pg,B,R,Pd,P0,P_rsrv,P_cul,status,cost_opt,peak_opt
22164.63311711418,10.875,4.556224563722634,162.83799999999943,-0.7496616778765394,4.556224563722634,7.279025654224689,0,-1.0335563785032753e-15,OPTIMAL,435921.0173270344,0.0
