cost,time,Pg,B,R,Pd,P0,P_rsrv,P_cul,status,cost_opt,peak_opt
12340.595779101797,14.406,4.474949711427993,132.0169999999996,-0.749545062895444,4.474949711427993,7.027674133884851,0,9.389868440082272e-16,OPTIMAL,460484.85622873507,0.0
