cost,time,Pg,B,R,Pd,P0,P_rsrv,P_cul,status,cost_opt,peak_opt
34652.564521423505,10.703,0.0,19.19399999999951,0.749999999999999,0.0,11.189074756675334,0,0.0,OPTIMAL,443298.2724763207,0.0
