cost,time,Pg,B,R,Pd,P0,P_rsrv,P_cul,status,cost_opt,peak_opt
12367.45180499003,12.594,0.0,175.20199999999937,0.749999999999999,0.0,7.309368679072122,0,0.0,OPTIMAL,451812.2819432421,0.0
