cost,time,Pg,B,R,Pd,P0,P_rsrv,P_cul,status,cost_opt,peak_opt
7184.766008518955,9.829,8.511454314099751,181.3509999999998,-0.7378800000000013,8.511454314099751,2.892417877825666,0,-1.514305174310504e-15,OPTIMAL,462130.06387182855,0.0
