cost,time,Pg,B,R,Pd,P0,P_rsrv,P_cul,status,cost_opt,peak_opt
29810.941753858104,9.922,0.0,0.8389999999995713,0.09431299197025347,0.0,10.79324466106376,0,0.0,OPTIMAL,441679.3365048636,0.0
