cost,time,Pg,B,R,Pd,P0,P_rsrv,P_cul,status,cost_opt,peak_opt
15017.115002518205,8.922,0.26669292834451863,162.90399999999943,0.749999999999999,0.26669292834451863,7.784922240807779,0,-1.5288868464974868e-15,OPTIMAL,456726.97659522295,0.0
