cost,time,Pg,B,R,P0,P_rsrv,status
96.21931778525791,1.403411865234375,0,2.927999999999999,0.010000136150492963,0.2313891409665521,0,OPTIMAL
