cost,time,Pg,B,R,Pd,P0,P_rsrv,P_cul,status
1190.4556720130927,8.719,0.0,0.0,0.0,8.14450858818562,8.144508588459015,0,0.0,OPTIMAL
