cost,time,Pg,B,R,Pd,P0,P_rsrv,P_cul,status
1628.8186415766822,5.516,0.0,0.0,0.0,9.492872131680894,9.492872121865075,0,0.0,OPTIMAL
