cost,time,Pg,B,R,Pd,P0,P_rsrv,P_cul,status
145.94192650660267,7.797,0.0,0.0,0.0,8.107884805792176,8.107884805922371,0,0.0,OPTIMAL
