cost,time,Pg,B,R,Pd,P0,P_rsrv,P_cul,status
990.9699540446455,8.532,0.0,0.0,0.0,8.029464360647895,8.02946620427802,0,0.0,OPTIMAL
