cost,time,Pg,B,R,Pd,P0,P_rsrv,P_cul,status
1080.9807195163273,7.812,0.0,0.0,0.0,7.963027191565521,7.963025558131324,0,0.0,OPTIMAL
