cost,time,Pg,B,R,Pd,P0,P_rsrv,P_cul,status
1097.2844321613472,6.36,0.0,0.0,0.0,8.043623498294114,8.043624426350743,0,0.0,OPTIMAL
