cost,time,Pg,B,R,Pd,P0,P_rsrv,P_cul,status
1943.5120246318043,6.234,0.0,0.0,0.0,10.33324957874932,10.333249577129665,0,0.0,OPTIMAL
