cost,time,Pg,B,R,Pd,P0,P_rsrv,P_cul,status
1502.4780918270985,6.125,0.0,0.0,0.0,9.590285638685986,9.590285692513396,0,0.0,OPTIMAL
