cost,time,Pg,B,R,Pd,P0,P_rsrv,P_cul,status
1058.0737314234916,7.546,0.0,0.0,0.0,8.03092001522799,8.030920162607147,0,0.0,OPTIMAL
