cost,time,Pg,B,R,Pd,P0,P_rsrv,P_cul,status
803.339969984081,6.984,5.049860428814276,0.0,0.0,5.328954924181866,5.328954672693861,0,-3.520761616630758e-7,OPTIMAL
