cost,time,Pg,B,R,Pd,P0,P_rsrv,P_cul,status
1391.0527312605475,5.531,0.0,0.0,0.0,9.500644721679848,9.500644721187577,0,0.0,OPTIMAL
