cost,time,Pg,B,R,Pd,P0,P_rsrv,P_cul,status
2764.977456143121,7.625,0.0,0.0,0.0,11.504760560597767,11.504760566476232,0,0.0,OPTIMAL
