cost,time,Pg,B,R,Pd,P0,P_rsrv,P_cul,status
1004.0325602414846,7.625,0.0,0.0,0.0,8.13530769510674,8.135307712962739,0,0.0,OPTIMAL
