cost,time,Pg,B,R,Pd,P0,P_rsrv,P_cul,status
2773.7958071271196,7.593,0.0,0.0,0.0,11.622047667545836,11.622049471203013,0,0.0,OPTIMAL
