cost,time,Pg,B,R,Pd,P0,P_rsrv,P_cul,status
997.5492106650038,8.406,0.0,0.0,0.0,8.082775489956221,8.082775508426769,0,0.0,OPTIMAL
