cost,time,Pg,B,R,Pd,P0,P_rsrv,P_cul,status
1056.9560554045652,7.719,0.0,0.0,0.0,8.104455374237988,8.104455376904014,0,0.0,OPTIMAL
