cost,time,Pg,B,R,Pd,P0,P_rsrv,P_cul,status
2959.3764111371156,6.406,0.0,0.0,0.0,11.957076420497563,11.957076408634812,0,0.0,OPTIMAL
