cost,time,Pg,B,R,Pd,P0,P_rsrv,P_cul,status
2430.295547435685,5.985,0.0,0.0,0.0,10.659190734372565,10.659190997524934,0,0.0,OPTIMAL
