cost,time,Pg,B,R,Pd,P0,P_rsrv,P_cul,status
1157.8857927206443,6.047,0.0,0.0,0.0,8.55580644843418,8.555806350152544,0,0.0,OPTIMAL
