cost,time,Pg,B,R,Pd,P0,P_rsrv,P_cul,status
-14372.376530772004,6.437,0.0,0.0,0.0,8.344712507499143,8.344712520285661,0,0.0,OPTIMAL
