cost,time,Pg,B,R,Pd,P0,P_rsrv,P_cul,status,cost_opt,peak_opt
7252.434715277603,38.75,8.578923748073485,181.3509999999998,-0.7378800000000013,8.578923748073485,2.890567841880272,0,1.3684799821112037e-15,OPTIMAL,462744.7820990477,1.797725809896708
