cost,time,Pg,B,R,Pd,P0,P_rsrv,P_cul,status,cost_opt,peak_opt
35839.00995457096,30.25,0.0,104.8829999999996,0.45953661261482454,0.0,11.962286366679226,0,0.0,OPTIMAL,443007.6747737911,1.8769825545519354
