cost,time,Pg,B,R,Pd,P0,P_rsrv,P_cul,status,cost_opt,peak_opt
13369.17017078929,55.921,0.0,119.20812166483861,-0.2662245722635628,0.0,8.55353177913582,0,0.0,OPTIMAL,447744.9939836436,1.8134944955160506
