cost,time,Pg,B,R,Pd,P0,P_rsrv,P_cul,status,cost_opt,peak_opt
33376.18529417223,38.281,0.0,26.96499999999957,0.28652086286809614,0.0,11.077393061457762,0,0.0,OPTIMAL,441652.4460656012,1.8472473064827275
