cost,time,Pg,B,R,Pd,P0,P_rsrv,P_cul,status,cost_opt,peak_opt
34010.57846818321,78.157,0.0,34.697999999999574,0.32866773715656306,0.0,11.29169271852032,0,0.0,OPTIMAL,441984.96086090617,1.8532894650063831
