cost,time,Pg,B,R,Pd,P0,P_rsrv,P_cul,status,cost_opt,peak_opt
-1728.4059689230571,41.109,10.113900465570557,169.05299999999957,0.749999999999999,10.113900465570557,-0.5279187443259185,0,-1.9962059349259986e-15,OPTIMAL,447476.62293525436,1.8102128349096185
