cost,time,Pg,B,R,Pd,P0,P_rsrv,P_cul,status,cost_opt,peak_opt
9869.32976704538,39.984,5.6683336417166945,122.28699999999964,0.749999999999999,5.6683336417166945,4.250357350148742,0,1.7542391150815462e-15,OPTIMAL,460539.96223532385,1.7969072483986916
