cost,time,Pg,B,R,Pd,P0,P_rsrv,P_cul,status,cost_opt,peak_opt
-2014.3356615232315,40.796,11.09549460696021,187.4999999999996,0.0,11.09549460696021,-0.6770876173187332,0,-9.720956678505033e-16,OPTIMAL,454798.5247427437,1.8184840285279786
