cost,time,Pg,B,R,Pd,P0,P_rsrv,P_cul,status,cost_opt,peak_opt
19756.70723942757,38.75,2.9080465719189523,187.4999999999996,0.749999999999999,2.9080465719189523,6.983636351865526,0,-8.00480016473204e-16,OPTIMAL,464254.42510851915,1.8136662801182672
