cost,time,Pg,B,R,Pd,P0,P_rsrv,P_cul,status,cost_opt,peak_opt
35728.40207374012,34.5,1.3889284182959676,184.84099999999955,0.1769922486915598,1.3889284182959676,10.642955637098638,0,4.513736931964496e-16,OPTIMAL,444112.9776307766,1.8500709825572639
