cost,time,Pg,B,R,Pd,P0,P_rsrv,P_cul,status,cost_opt,peak_opt
38142.96954128675,38.516,0.37488748413847706,157.31599999999955,0.4401091911650364,0.37488748413847706,11.88254502843824,0,3.210497121516713e-15,OPTIMAL,444555.50185847003,1.8771959578665438
