cost,time,Pg,B,R,Pd,P0,P_rsrv,P_cul,status,cost_opt,peak_opt
18709.75881134529,82.968,0.0,0.659999999999571,-0.043829615766710295,0.0,9.082407189973443,0,0.0,OPTIMAL,446149.7073149972,1.7342828576358191
