cost,time,Pg,B,R,Pd,P0,P_rsrv,P_cul,status,cost_opt,peak_opt
40661.77020679196,29.344,0.2805556397683153,153.74799999999956,0.4753629036149092,0.2805556397683153,12.051502728746875,0,-1.1577678309874877e-15,OPTIMAL,444826.5131666425,1.880530591923191
