cost,time,Pg,B,R,Pd,P0,P_rsrv,P_cul,status,cost_opt,peak_opt
15827.09933069208,49.422,5.394849819798765,181.3509999999998,-0.7378800000000026,5.394849819798765,5.782644987465137,0,1.2996873542669984e-16,OPTIMAL,449095.3382999457,1.7964596475059038
