cost,time,Pg,B,R,Pd,P0,P_rsrv,P_cul,status,cost_opt,peak_opt
21872.349817128554,56.266,0.0,2.3809999999995717,0.0814713407985693,0.0,9.987374345720802,0,0.0,OPTIMAL,441589.8748476589,1.8046651858427143
