cost,time,Pg,B,R,Pd,P0,P_rsrv,P_cul,status,cost_opt,peak_opt
14327.798359381171,41.891,2.8459772857710153,181.3509999999998,0.749999999999999,2.8459772857710153,6.47730486409637,0,5.587300370632486e-16,OPTIMAL,457346.22973577026,1.8073448930251719
