cost,time,Pg,B,R,Pd,P0,P_rsrv,P_cul,status,cost_opt,peak_opt
16739.09908601022,51.359,0.0,4.940999999999575,-0.10303471639372269,0.0,8.805417720152667,0,0.0,OPTIMAL,448364.319026412,1.7294192629437903
