cost,time,Pg,B,R,Pd,P0,P_rsrv,P_cul,status,cost_opt,peak_opt
29490.40823596108,119.844,0.0,13.42099999999958,0.20928307207246616,0.0,10.67719342359199,0,0.0,OPTIMAL,442313.6915295429,1.8332818609051142
