cost,time,Pg,B,R,Pd,P0,P_rsrv,P_cul,status,cost_opt,peak_opt
8971.91337753073,74.079,6.876622452527954,175.20199999999937,0.749999999999999,6.876622452527954,2.7828515438991097,0,-7.958586047129845e-16,OPTIMAL,447473.25969527406,1.7947938481609769
