cost,time,Pg,B,R,Pd,P0,P_rsrv,P_cul,status,cost_opt,peak_opt
15543.10500518189,43.016,0.353014457034478,169.6979999999997,-0.18668922692698617,0.353014457034478,8.927688113257833,0,-9.460121352727544e-16,OPTIMAL,457464.59397671325,1.819307567096535
