cost,time,Pg,B,R,Pd,P0,P_rsrv,P_cul,status,cost_opt,peak_opt
21700.77888373103,43.656,0.0,1.3069999999995732,0.07174230451135676,0.0,9.90903145375846,0,0.0,OPTIMAL,441808.94819125626,1.7974939487295676
