cost,time,Pg,B,R,Pd,P0,P_rsrv,P_cul,status,cost_opt,peak_opt
19305.993746966833,59.703,0.0,0.16099999999957165,0.0069679813905902015,0.0,9.380949342549481,0,0.0,OPTIMAL,444227.1575319215,1.7498980217356839
