cost,time,Pg,B,R,Pd,P0,P_rsrv,P_cul,status,cost_opt,peak_opt
38553.757874684015,30.36,0.0,76.21299999999954,0.4153335734504598,0.0,11.736303767027097,0,0.0,OPTIMAL,441789.6036900629,1.8688649391949654
