cost,time,Pg,B,R,Pd,P0,P_rsrv,P_cul,status,cost_opt,peak_opt
13316.127569836313,59.219,6.843426244651687,156.2009999999998,-0.7498308389382692,6.843426244651687,4.399117135723923,0,9.073687981531187e-16,OPTIMAL,443201.48952706996,1.794671077630581
