cost,time,Pg,B,R,Pd,P0,P_rsrv,P_cul,status,cost_opt,peak_opt
13634.927137100087,63.859,3.2699559654555523,150.60599999999957,0.749999999999999,3.2699559654555523,6.3153900588698875,0,4.391831950195657e-16,OPTIMAL,458491.84653715417,1.8061186561298985
