cost,time,Pg,B,R,Pd,P0,P_rsrv,P_cul,status,cost_opt,peak_opt
8102.684216237677,47.719,6.9865220203576,185.06899999999968,0.6720969514355002,6.9865220203576,2.97783322904729,0,2.7420828194874014e-15,OPTIMAL,462370.12271285104,1.7958140131814997
