cost,time,Pg,B,R,Pd,P0,P_rsrv,P_cul,status,cost_opt,peak_opt
21087.226225802682,48.094,3.7869650416155203,175.20199999999937,-0.5543941988569819,3.7869650416155203,7.253947790093802,0,-4.050416686079972e-15,OPTIMAL,459923.76590833697,1.8039655557642897
