cost,time,Pg,B,R,Pd,P0,P_rsrv,P_cul,status,cost_opt,peak_opt
39434.437344939266,28.672,0.025484894471506044,120.3309999999996,0.4720444395025558,0.025484894471506044,12.030029696442728,0,-3.1883536156326767e-15,OPTIMAL,441747.60678262496,1.8799466444612132
