cost,time,Pg,B,R,Pd,P0,P_rsrv,P_cul,status,cost_opt,peak_opt
37544.6840014966,51.141,0.8110623445986057,177.58399999999963,0.3466774033392096,0.8110623445986057,11.439574650059903,0,1.90106888835629e-15,OPTIMAL,444611.617761025,1.8669585611369877
