cost,time,Pg,B,R,Pd,P0,P_rsrv,P_cul,status,cost_opt,peak_opt
39916.20292845425,33.282,0.0,83.02899999999954,0.43009276490002873,0.0,11.813022470687851,0,0.0,OPTIMAL,442774.68902219436,1.8714942716779506
