cost,time,Pg,B,R,Pd,P0,P_rsrv,P_cul,status,cost_opt,peak_opt
34573.4398161695,26.344,0.0,63.21399999999953,0.3968499553062694,0.0,11.640888826993097,0,0.0,OPTIMAL,441365.1022641016,1.865663718081429
