cost,time,Pg,B,R,Pd,P0,P_rsrv,P_cul,status,cost_opt,peak_opt
30082.31130609558,64.5,0.0,10.365999999999573,0.1702285093452689,0.0,10.481641570068145,0,0.0,OPTIMAL,442013.4689525678,1.8278999553741846
