cost,time,Pg,B,R,Pd,P0,P_rsrv,P_cul,status,cost_opt,peak_opt
37982.33400325974,20.5,0.0,116.49699999999969,0.47869100068021375,0.0,12.061712925773179,0,0.0,OPTIMAL,442011.0018058184,1.8800968789256445
