cost,time,Pg,B,R,Pd,P0,P_rsrv,P_cul,status,cost_opt,peak_opt
33442.731930645146,48.0,1.3376494890976556,187.48699999999963,0.12670565541262033,1.3376494890976556,10.398859431170756,0,8.634992677489239e-16,OPTIMAL,444390.4132559316,1.845446760725185
