cost,time,Pg,B,R,Pd,P0,P_rsrv,P_cul,status,cost_opt,peak_opt
0.0,41.703,0.0,113.58626488791388,-0.2558382761032053,0.0,8.603254588779578,0,0.0,OPTIMAL,443388.01531695994,1.8145834871200146
