cost,time,Pg,B,R,Pd,P0,P_rsrv,P_cul,status,cost_opt,peak_opt
35611.80052429059,29.469,0.0,56.9349999999996,0.3685524491133361,0.0,11.498805464737035,0,0.0,OPTIMAL,442990.24281607405,1.861963209334254
