cost,time,Pg,B,R,Pd,P0,P_rsrv,P_cul,status,cost_opt,peak_opt
15986.380603510952,39.328,6.202418573766316,155.86299999999957,-0.7495009968172639,6.202418573766316,4.9957439385971725,0,-1.6252461616100833e-15,OPTIMAL,444467.266951405,1.7949930005820012
