cost,time,Pg,B,R,Pd,P0,P_rsrv,P_cul,status,cost_opt,peak_opt
33980.51129532953,35.594,0.0,45.33399999999958,0.3451567738075491,0.0,11.376133677713266,0,0.0,OPTIMAL,442194.1944782655,1.8569096860107006
