cost,time,Pg,B,R,Pd,P0,P_rsrv,P_cul,status,cost_opt,peak_opt
14164.070760594035,50.078,0.0,186.66626462907684,0.749999999999999,0.0,7.821132391272245,0,0.0,OPTIMAL,456052.8328802057,1.8163825131717755
