cost,time,Pg,B,R,Pd,P0,P_rsrv,P_cul,status,cost_opt,peak_opt
4813.548700034657,39.578,7.629822598185854,140.73399999999958,0.749999999999999,7.629822598185854,2.1810370185929573,0,5.0198560586078855e-17,OPTIMAL,459332.76552824466,1.795248019327556
