cost,time,Pg,B,R,Pd,P0,P_rsrv,P_cul,status,cost_opt,peak_opt
33890.73426350674,34.422,0.0,50.9399999999996,0.34606975277947627,0.0,11.388015545533177,0,0.0,OPTIMAL,442520.83902958245,1.8587577437220675
