cost,time,Pg,B,R,Pd,P0,P_rsrv,P_cul,status,cost_opt,peak_opt
7198.2511255793315,91.188,8.494129306542217,169.05099999999956,-0.7498308389382692,8.494129306542217,2.5301409931737546,0,-1.1403096349116293e-15,OPTIMAL,457937.57305216836,1.799255325263153
