cost,time,Pg,B,R,Pd,P0,P_rsrv,P_cul,status,cost_opt,peak_opt
12181.997422940922,35.094,0.0,115.8062648879139,-0.27135553156790465,0.0,8.530810520266753,0,0.0,OPTIMAL,444837.1643075717,1.813681413408281
