cost,time,Pg,B,R,Pd,P0,P_rsrv,P_cul,status,cost_opt,peak_opt
32529.75368260576,83.266,0.0,42.5539999999996,0.3416272859352518,0.0,11.358154218786927,0,0.0,OPTIMAL,441985.05626005935,1.8562965655798338
