cost,time,Pg,B,R,Pd,P0,P_rsrv,P_cul,status,cost_opt,peak_opt
12833.72206180065,40.266,2.388515331965272,187.4999999999996,0.749999999999999,2.388515331965272,6.6017088795270835,0,-5.04641901183378e-16,OPTIMAL,456407.6566452796,1.8069975837572074
