cost,time,Pg,B,R,Pd,P0,P_rsrv,P_cul,status,cost_opt,peak_opt
35259.351100193984,27.266,0.0,108.78499999999954,0.47981481490744426,0.0,12.058601607453484,0,0.0,OPTIMAL,442491.5498524294,1.8786935163650713
