cost,time,Pg,B,R,Pd,P0,P_rsrv,P_cul,status,cost_opt,peak_opt
12545.842860350085,37.296,0.0,124.03227876157082,-0.28413521845545986,0.0,8.471197069783987,0,0.0,OPTIMAL,448213.32321379264,1.8128020109408627
