cost,time,Pg,B,R,Pd,P0,P_rsrv,P_cul,status,cost_opt,peak_opt
17877.560728571676,30.485,0.0,2.290999999999572,-0.0809261900971318,0.0,8.90760375115679,0,0.0,OPTIMAL,447171.25422099885,1.7313707866691552
