cost,time,Pg,B,R,Pd,P0,P_rsrv,P_cul,status,cost_opt,peak_opt
32895.82089633408,45.547,0.0,0.9592648879138517,0.05849643956913203,0.0,11.449989869938767,0,0.0,OPTIMAL,442092.37866195943,2.1003025200247443
