cost,time,Pg,B,R,Pd,P0,P_rsrv,P_cul,status,cost_opt,peak_opt
37291.07969838708,26.563,1.4629492172240663,47.70026488791386,-0.088578629357748,1.4629492172240663,10.948643481616877,0,1.2415571771628303e-15,OPTIMAL,447614.5867922483,2.12216477235782
