cost,time,Pg,B,R,Pd,P0,P_rsrv,P_cul,status,cost_opt,peak_opt
23337.672527804018,44.437,4.384049408029378,13.0669999999998,-0.749999999999999,4.384049408029378,7.579627323093217,0,4.488732519361549e-16,OPTIMAL,440919.07939426857,2.0786079213386595
