cost,time,Pg,B,R,Pd,P0,P_rsrv,P_cul,status,cost_opt,peak_opt
-1703.751913171776,18.781,11.09549460696021,11.75699999999979,-0.10446329621913017,11.09549460696021,-0.5726897187132021,0,-9.460748157108512e-16,OPTIMAL,459437.0563488713,0.0
