cost,time,Pg,B,R,Pd,P0,P_rsrv,P_cul,status,cost_opt,peak_opt
12537.437080731675,28.282,4.901862307060629,138.2189999999997,-0.29103404043077497,4.901862307060629,6.001645323471362,0,1.4276909732560683e-15,OPTIMAL,459499.61839258485,1.7986358707357002
