cost,time,Pg,B,R,Pd,P0,P_rsrv,P_cul,status,cost_opt,peak_opt
38451.44889187654,37.125,0.8110623445986057,48.730264887913854,0.07366134292491139,0.8110623445986057,11.715858894538862,0,-1.3151084361047102e-15,OPTIMAL,448361.08929322707,2.1368853123077733
