cost,time,Pg,B,R,Pd,P0,P_rsrv,P_cul,status,cost_opt,peak_opt
22355.9576557778,14.062,0.0,0.1079999999998096,0.0048541479367135935,0.0,10.06118706380639,0,0.0,OPTIMAL,440494.8958014988,1.8803799659148783
