cost,time,Pg,B,R,Pd,P0,P_rsrv,P_cul,status,cost_opt,peak_opt
43054.23453904003,40.781,0.0,22.019264887913852,0.1992703204325403,0.0,12.273156938152802,0,0.0,OPTIMAL,445509.7283145534,2.1442603405108795
