cost,time,Pg,B,R,Pd,P0,P_rsrv,P_cul,status,cost_opt,peak_opt
11924.062465922954,43.719,3.369030760311953,185.77699999999965,-0.20676000000000008,3.369030760311953,6.369691488206707,0,-2.4448216888461882e-15,OPTIMAL,455858.99814318726,1.799555143004185
