cost,time,Pg,B,R,Pd,P0,P_rsrv,P_cul,status,cost_opt,peak_opt
13567.38197040314,33.5,0.0,138.23025453060387,-0.31490880948861866,0.0,8.328656826521264,0,0.0,OPTIMAL,450724.9383842384,1.8111257734237112
