cost,time,Pg,B,R,Pd,P0,P_rsrv,P_cul,status,cost_opt,peak_opt
13484.357175164829,35.547,0.0,149.0082080588384,-0.2993323757150356,0.0,8.40146864496251,0,0.0,OPTIMAL,453686.7003028756,1.8115998098009811
