cost,time,Pg,B,R,Pd,P0,P_rsrv,P_cul,status,cost_opt,peak_opt
13866.186472206164,39.0,6.210809543363702,173.41299999999953,-0.7488970291661226,6.210809543363702,5.112900616595193,0,1.3725999503666486e-16,OPTIMAL,463000.8252879244,1.7963114787700551
