cost,time,Pg,B,R,Pd,P0,P_rsrv,P_cul,status,cost_opt,peak_opt
39237.48315710584,26.672,0.6390177273061131,46.59026488791382,0.1331994025795739,0.6390177273061131,11.99189583041132,0,-1.1020677914089921e-15,OPTIMAL,447865.9789324878,2.1419692229834073
