cost,time,Pg,B,R,Pd,P0,P_rsrv,P_cul,status,cost_opt,peak_opt
39934.585669743945,32.531,0.7659591170660962,47.28626488791388,0.0957301906474074,0.7659591170660962,11.811471656238965,0,-4.1055348140237036e-16,OPTIMAL,447826.6620091535,2.1372555433621745
