cost,time,Pg,B,R,Pd,P0,P_rsrv,P_cul,status,cost_opt,peak_opt
13482.159500294327,49.781,0.0,143.64539700592823,-0.29874510986449904,0.0,8.405336346816913,0,0.0,OPTIMAL,451189.9949400155,1.811641989791053
