cost,time,Pg,B,R,Pd,P0,P_rsrv,P_cul,status,cost_opt,peak_opt
15331.742235160442,49.0,0.0,97.30799999999981,-0.20666233032787426,0.0,8.831648752972605,0,0.0,OPTIMAL,423006.4098330622,1.817872099519691
