cost,time,Pg,B,R,Pd,P0,P_rsrv,P_cul,status,cost_opt,peak_opt
10506.912883112196,15.0,7.041877377241255,2.614999999999807,0.0757093883998352,7.041877377241255,3.2752222204215076,0,1.1753564701372232e-15,OPTIMAL,449135.76921845286,0.5571376471436329
