cost,time,Pg,B,R,Pd,P0,P_rsrv,P_cul,status,cost_opt,peak_opt
31082.669514734363,29.718,3.063690864054143,38.43026488791381,-0.473857897502637,3.063690864054143,9.158123015537527,0,-1.997276584571328e-15,OPTIMAL,442785.08422275004,2.095605981491677
