cost,time,Pg,B,R,Pd,P0,P_rsrv,P_cul,status,cost_opt,peak_opt
34429.57557574425,35.0,1.8172487183857142,45.21126488791386,-0.1814487294066155,1.8172487183857142,10.512847504044046,0,-3.9351524426176065e-15,OPTIMAL,448238.0594837493,2.114939862563695
