cost,time,Pg,B,R,Pd,P0,P_rsrv,P_cul,status,cost_opt,peak_opt
39439.33587165975,54.312,0.0,12.723264887913851,0.1479093077896236,0.0,12.005886110094291,0,0.0,OPTIMAL,443300.51424434036,2.1340219560706934
