cost,time,Pg,B,R,Pd,P0,P_rsrv,P_cul,status,cost_opt,peak_opt
14269.122133454144,59.657,0.4542643839787599,158.64299999999932,-0.24488347403588884,0.4542643839787599,8.653197170075286,0,6.933811706223703e-16,OPTIMAL,457595.3708717711,1.81555387231422
