cost,time,Pg,B,R,Pd,P0,P_rsrv,P_cul,status,cost_opt,peak_opt
34134.056196766905,67.281,0.0,0.5612648879138512,0.03705859926162119,0.0,11.328926716484203,0,0.0,OPTIMAL,441941.49247571966,2.094635584674315
