cost,time,Pg,B,R,Pd,P0,P_rsrv,P_cul,status,cost_opt,peak_opt
13776.684843399496,37.265,0.0,176.51036821751492,-0.26040997060796167,0.0,8.583604263800309,0,0.0,OPTIMAL,455119.2237299462,1.8138265503102866
