cost,time,Pg,B,R,Pd,P0,P_rsrv,P_cul,status,cost_opt,peak_opt
13288.478418595894,42.0,0.684490863177398,165.09499999999954,-0.2770058028190333,0.684490863177398,8.507348539433991,0,8.331416069193298e-16,OPTIMAL,457280.1801193254,1.8142408439825113
