cost,time,Pg,B,R,Pd,P0,P_rsrv,P_cul,status,cost_opt,peak_opt
14465.644583332309,37.906,2.7277154721132515,177.8949999999994,-0.48961083471201805,2.7277154721132515,7.542046185261892,0,-2.2833704328359405e-15,OPTIMAL,456631.9888840609,1.8045718342151467
