cost,time,Pg,B,R,Pd,P0,P_rsrv,P_cul,status,cost_opt,peak_opt
13313.534075163028,43.344,0.0,180.51726462907695,-0.2356120422360191,0.0,8.69597261604378,0,0.0,OPTIMAL,455955.108342391,1.8158958178026532
