cost,time,Pg,B,R,Pd,P0,P_rsrv,P_cul,status,cost_opt,peak_opt
6505.013946106291,37.562,7.7493345986350235,116.13799999999954,-0.7496616778765394,7.7493345986350235,3.712907503485326,0,2.9002408113987244e-18,OPTIMAL,460519.13293285086,1.795570851642172
