cost,time,Pg,B,R,Pd,P0,P_rsrv,P_cul,status,cost_opt,peak_opt
9043.03366825184,28.031,6.885115275120624,187.4999999999996,0.0,6.885115275120624,3.8928255136684626,0,-1.4829175214170487e-15,OPTIMAL,462178.4215889347,1.7957181215135782
