cost,time,Pg,B,R,Pd,P0,P_rsrv,P_cul,status,cost_opt,peak_opt
18611.07014075656,14.891,0.0,0.1079999999998096,0.003457239127085022,0.0,9.034500068328427,0,0.0,OPTIMAL,443700.412436177,1.6875142664526306
