cost,time,Pg,B,R,Pd,P0,P_rsrv,P_cul,status,cost_opt,peak_opt
13051.364445651381,58.5,0.0,122.94526488791385,0.749999999999999,0.0,7.440914735263045,0,0.0,OPTIMAL,447064.34860808635,1.8132970692524062
