cost,time,Pg,B,R,Pd,P0,P_rsrv,P_cul,status,cost_opt,peak_opt
22373.485757771585,16.125,4.292367488573433,0.8309999999998091,0.06516276879259333,4.292367488573433,6.639016545332813,0,3.1794093182865857e-15,OPTIMAL,442080.6120220355,1.1881878051472832
