cost,time,Pg,B,R,Pd,P0,P_rsrv,P_cul,status,cost_opt,peak_opt
9936.875024757492,14.125,7.8487615472831616,0.6139999999998096,-0.3734851994259397,7.8487615472831616,3.1435858983731384,0,-5.133155185632621e-16,OPTIMAL,444199.1491692824,0.8983130795163097
