cost,time,Pg,B,R,Pd,P0,P_rsrv,P_cul,status,cost_opt,peak_opt
13814.950520418894,40.781,4.6477456744277905,132.34899999999976,-0.6930490950493177,4.6477456744277905,6.625875549361579,0,-5.20820908102293e-15,OPTIMAL,459380.6456138585,1.799321247608832
