cost,time,Pg,B,R,Pd,P0,P_rsrv,P_cul,status,cost_opt,peak_opt
15822.560828060929,21.266,4.717572894414125,4.980999999999813,0.5494134010015955,4.717572894414125,5.100761066428411,0,-7.310504198526635e-16,OPTIMAL,457143.70796307863,0.5110371174662804
