cost,time,Pg,B,R,Pd,P0,P_rsrv,P_cul,status,cost_opt,peak_opt
-8007.845350444295,14.422,13.808571365003584,6.026999999999804,-0.5955561877225313,13.808571365003584,-2.8019053010651835,0,-1.863743534502582e-16,OPTIMAL,462897.33838299755,0.0
