cost,time,Pg,B,R,Pd,P0,P_rsrv,P_cul,status,cost_opt,peak_opt
19308.60207970731,16.954,0.0,0.1099999999998096,0.005711269846114676,0.0,9.382216753988004,0,0.0,OPTIMAL,442402.90999146295,1.7511504158756988
