cost,time,Pg,B,R,Pd,P0,P_rsrv,P_cul,status,cost_opt,peak_opt
11112.803382560714,66.844,0.0,134.03805399912542,-0.2957567241249775,0.0,8.418790441333876,0,0.0,OPTIMAL,449471.0432472932,1.812158653725728
