cost,time,Pg,B,R,Pd,P0,P_rsrv,P_cul,status,cost_opt,peak_opt
4734.5668829463775,38.219,8.620274958499213,182.681,-0.5782800000000017,8.620274958499213,2.6273956065185224,0,1.7212793690379868e-15,OPTIMAL,462093.74477945035,1.798290717503355
