cost,time,Pg,B,R,Pd,P0,P_rsrv,P_cul,status,cost_opt,peak_opt
13737.622839857355,41.797,3.365566358911788,156.75499999999934,0.749999999999999,3.365566358911788,6.22456857265852,0,1.3046475792061196e-15,OPTIMAL,458124.86946307146,1.8055022032578636
