cost,time,Pg,B,R,Pd,P0,P_rsrv,P_cul,status,cost_opt,peak_opt
14324.425669716658,98.016,0.0,95.4639999999999,-0.2096277452076426,0.0,8.82045915622947,0,0.0,OPTIMAL,422698.62360099703,1.8178422966081724
