cost,time,Pg,B,R,Pd,P0,P_rsrv,P_cul,status,cost_opt,peak_opt
23435.699330128642,13.297,0.0,0.17099999999980942,0.01782397840339493,0.0,10.38356195397813,0,0.0,OPTIMAL,440695.3009383732,1.9306273734764912
