cost,time,Pg,B,R,Pd,P0,P_rsrv,P_cul,status,cost_opt,peak_opt
34330.224411657866,27.625,1.3376494890976556,42.47626488791385,-0.14687558981809506,1.3376494890976556,10.674821023525457,0,2.241737069412497e-15,OPTIMAL,448674.86165113235,2.116858926982017
