cost,time,Pg,B,R,Pd,P0,P_rsrv,P_cul,status,cost_opt,peak_opt
18569.83115515217,14.015,0.0,0.1669999999998094,0.017674561281047545,0.0,9.040813610103296,0,0.0,OPTIMAL,444112.05092174443,1.677025690820683
