cost,time,Pg,B,R,Pd,P0,P_rsrv,P_cul,status,cost_opt,peak_opt
14949.00618022272,110.672,0.6273252475071212,167.48899999999963,-0.2533290943929407,0.6273252475071212,8.61614189061828,0,9.959413393816063e-18,OPTIMAL,457370.6864175496,1.815547011139752
