cost,time,Pg,B,R,Pd,P0,P_rsrv,P_cul,status,cost_opt,peak_opt
15487.09797491219,13.219,0.0,0.12499999999980958,0.012634561281046962,0.0,8.759670800289701,0,0.0,OPTIMAL,445128.8496748479,1.62829359548578
