cost,time,Pg,B,R,Pd,P0,P_rsrv,P_cul,status
1130.0045205806935,2.297,0.0,0.0,0.0,8.014220072698246,8.014216458019103,0,0.0,OPTIMAL
