cost,time,Pg,B,R,Pd,P0,P_rsrv,P_cul,status
2020.662663891563,2.391,3.9505372191161525,0.0,0.0,6.93591422077697,6.935913033952733,0,0.0,OPTIMAL
