cost,time,Pg,B,R,Pd,P0,P_rsrv,P_cul,status
3042.400082073366,2.219,0.0,0.0,0.0,11.788440814484318,11.788440744230027,0,0.0,OPTIMAL
