cost,time,Pg,B,R,Pd,P0,P_rsrv,P_cul,status
1064.4876678105522,2.594,0.6844908631773977,0.0,0.0,8.177882857805104,8.17788221109259,0,0.0,OPTIMAL
