cost,time,Pg,B,R,Pd,P0,P_rsrv,P_cul,status
1284.396978763953,2.578,0.0,0.0,0.0,8.717627188483354,8.717626552696514,0,0.0,OPTIMAL
