cost,time,Pg,B,R,Pd,P0,P_rsrv,P_cul,status
1649.9754964232504,2.532,3.2605113781416457,0.0,0.0,7.284660395676627,7.284660028358721,0,0.0,OPTIMAL
