cost,time,Pg,B,R,Pd,P0,P_rsrv,P_cul,status
533.5345526401338,2.828,7.629822598185858,0.0,0.0,2.90095815368632,2.9009581475675565,0,0.0,OPTIMAL
