cost,time,Pg,B,R,Pd,P0,P_rsrv,P_cul,status
1098.238650381095,3.157,1.7566512975412452,0.0,0.0,7.535082927659968,7.53508507980168,0,0.0,OPTIMAL
