cost,time,Pg,B,R,Pd,P0,P_rsrv,P_cul,status
2890.667061226101,2.203,0.0,0.0,0.0,11.655910759294377,11.655915569460085,0,0.0,OPTIMAL
