cost,time,Pg,B,R,Pd,P0,P_rsrv,P_cul,status
887.854759690568,2.609,0.0,0.0,0.0,8.071407470146147,8.071406906277891,0,0.0,OPTIMAL
