cost,time,Pg,B,R,Pd,P0,P_rsrv,P_cul,status
3433.801188284056,2.453,0.0,0.0,0.0,12.183800697389588,12.183800786342008,0,0.0,OPTIMAL
