cost,time,Pg,B,R,Pd,P0,P_rsrv,P_cul,status
1108.1624497399812,2.906,2.3174794138481456,0.0,0.0,7.103605356938833,7.103605447051162,0,0.0,OPTIMAL
