cost,time,Pg,B,R,Pd,P0,P_rsrv,P_cul,status
2531.0177551582346,2.625,0.0,0.0,0.0,10.582652157537812,10.58265263480795,0,0.0,OPTIMAL
