cost,time,Pg,B,R,Pd,P0,P_rsrv,P_cul,status
911.6046712740674,2.734,6.843426244651687,0.0,0.0,3.613870168017379,3.613893642315431,0,0.0,OPTIMAL
