cost,time,Pg,B,R,Pd,P0,P_rsrv,P_cul,status
789.7331128808731,2.328,4.982453700916294,0.0,0.0,5.736560006278357,5.736560141991814,0,0.0,OPTIMAL
