cost,time,Pg,B,R,Pd,P0,P_rsrv,P_cul,status
1112.3199159887358,2.454,0.0,0.0,0.0,8.084697691914641,8.084699571087116,0,0.0,OPTIMAL
