cost,time,Pg,B,R,Pd,P0,P_rsrv,P_cul,status
1143.248590198004,2.25,0.0,0.0,0.0,8.416554030720551,8.416554038267515,0,0.0,OPTIMAL
