cost,time,Pg,B,R,Pd,P0,P_rsrv,P_cul,status
1190.4559680235027,2.813,0.0,0.0,0.0,8.14450858818562,8.144510613615754,0,0.0,OPTIMAL
