cost,time,Pg,B,R,Pd,P0,P_rsrv,P_cul,status
3274.3871072264938,2.563,0.3748874841384773,0.0,0.0,12.240699466422658,12.240699466267266,0,0.0,OPTIMAL
