cost,time,Pg,B,R,Pd,P0,P_rsrv,P_cul,status
1739.9185782944219,2.391,4.384049408029378,0.0,0.0,6.781090194294598,6.781105209331947,0,0.0,OPTIMAL
