cost,time,Pg,B,R,Pd,P0,P_rsrv,P_cul,status
1068.570375309512,2.812,0.0,0.0,0.0,8.100344335677706,8.10034396949725,0,0.0,OPTIMAL
