cost,time,Pg,B,R,Pd,P0,P_rsrv,P_cul,status
1353.299033968166,2.953,2.6750799333411694,0.0,0.0,7.5218096173904065,7.521810286066692,0,0.0,OPTIMAL
