cost,time,Pg,B,R,Pd,P0,P_rsrv,P_cul,status
618.4049744519822,2.469,7.884582126037935,0.0,0.0,2.6935504091588696,2.6935969849088144,0,0.0,OPTIMAL
