cost,time,Pg,B,R,Pd,P0,P_rsrv,P_cul,status
1423.5750306999144,3.062,4.29561932900847,0.0,0.0,6.207449270709263,6.207449261772878,0,0.0,OPTIMAL
