cost,time,Pg,B,R,Pd,P0,P_rsrv,P_cul,status
439.42320925413634,2.563,8.51145431409975,0.0,0.0,2.122815413313114,2.12281743601032,0,0.0,OPTIMAL
