cost,time,Pg,B,R,Pd,P0,P_rsrv,P_cul,status
803.3400423047764,2.485,5.049860076738115,0.0,0.0,5.328954924181866,5.328955504509295,0,0.0,OPTIMAL
