cost,time,Pg,B,R,Pd,P0,P_rsrv,P_cul,status
1097.2843872025082,2.891,0.0,0.0,0.0,8.043623498294114,8.043624096780757,0,0.0,OPTIMAL
