cost,time,Pg,B,R,Pd,P0,P_rsrv,P_cul,status
1330.9781142756378,2.969,4.909729439696407,0.0,0.0,5.374070970713812,5.374070447950086,0,0.0,OPTIMAL
