cost,time,Pg,B,R,Pd,P0,P_rsrv,P_cul,status
1340.1334908384745,3.031,2.956321713301904,0.0,0.0,7.250499004100821,7.250496794437193,0,0.0,OPTIMAL
