cost,time,Pg,B,R,Pd,P0,P_rsrv,P_cul,status
674.7030505262896,2.641,7.56862521438644,0.0,0.0,3.180077576169479,3.1800615107287786,0,0.0,OPTIMAL
