cost,time,Pg,B,R,P0,P_rsrv,status
74.44175113827303,1.1649770736694336,0,3,0.010000114185991366,0.237012739097712,2.595,OPTIMAL
