cost,time,Pg,B,R,P0,P_rsrv,status
96.21938071721543,1.3683159351348877,0,2.927999999999999,0.009999986240655876,0.23138929230592892,0,OPTIMAL
