cost,time,Pg,B,R,P0,P_rsrv,status
96.21938313568205,1.497622013092041,0,2.927999999999999,0.009999980338019755,0.23138929812188072,0,OPTIMAL
