cost,time,Pg,B,R,P0,P_rsrv,status
74.44175446683225,1.1231529712677002,0,3,0.010000101447404286,0.23701274969540648,2.596,OPTIMAL
