cost,time,Pg,B,R,P0,P_rsrv
96.21947814778295,1.3687808513641357,0,2.916666832640959,0.009999752870360416,0.23138952660789486,20453610272141987e-23
