cost,time,Pg,B,R,P0,P_rsrv,status
74.44175303321764,1.4261760711669922,0,3,0.0100001076400082,0.23701274513096623,2.595,OPTIMAL
