GML,Real
-0.19851020271188702,-0.19741190971189798
0.22471879399586925,0.22569821502022183
-0.014682623576465659,-0.014682623576468684
0.07661717343815094,0.07661717343815154
0.38237119414263265,0.38285166976855256
0.0713922847343854,0.07139228473438566
0.08526855766100283,0.08544928266846501
-0.49295482464419393,-0.4909867984696671
-0.3724566929227393,-0.37064903945009015
