GML,Real
-0.22950014585036627,-0.22832426377480675
0.264811132339546,0.26611013692235763
-0.0088195172027642,-0.008725575364582587
0.07661717343815094,0.07661717343815155
0.3882102623444586,0.3888327720303501
0.07145708326075831,0.07145708326076063
0.08443102606802685,0.08462705494650714
-0.5329380167834117,-0.5308705705700888
-0.41047546071636276,-0.4085622708021598
