GML,Real
-0.07067926872805685,-0.07109700853511736
0.2074060582124881,0.20771736187209114
-0.03210449955018701,-0.03224100806909808
0.08800421289927787,0.08800421289927847
0.43116317050680875,0.4304535076943761
0.07907431275689131,0.07907431275689242
0.08728254002677291,0.08733251005924196
-0.19698362240166745,-0.19742422989759278
-0.07233602046738952,-0.07265211949727278
