cost,time,Pg,B,R,Pd,P0,P_rsrv,P_cul,status,cost_opt,peak_opt
3164.512728139432,54.313,7.629822598185854,74.99999999999989,1.5000000000000004,7.629822598185854,1.4338526180967068,0,-4.2934406030425976e-16,OPTIMAL,483640.8869876642,0.0
