cost,time,Pg,B,R,Pd,P0,P_rsrv,P_cul,status,cost_opt,peak_opt
7505.661729181113,51.297,7.884582126037934,74.99999999999989,0.0,7.884582126037934,2.7243781231147413,0,-4.764797497530671e-16,OPTIMAL,487302.1191125462,0.0
