cost,time,Pg,B,R,Pd,P0,P_rsrv,P_cul,status,cost_opt,peak_opt
40652.08925056907,121.625,0.0,12.711999999999849,-2.224739236910534,0.0,13.519151729487552,0,0.0,OPTIMAL,441076.7730138425,0.0
