cost,time,Pg,B,R,Pd,P0,P_rsrv,P_cul,status,cost_opt,peak_opt
15756.880930547743,81.703,0.11475978001708123,74.99999999999989,0.0,0.11475978001708123,8.540314867505552,0,-2.173224809473833e-15,OPTIMAL,486249.1273274943,0.0
