cost,time,Pg,B,R,Pd,P0,P_rsrv,P_cul,status,cost_opt,peak_opt
25009.998057626908,59.796,0.0,44.04699999999976,3.7499999999999813,0.0,8.14127540938376,0,0.0,OPTIMAL,455624.497540264,0.0
