cost,time,Pg,B,R,Pd,P0,P_rsrv,P_cul,status,cost_opt,peak_opt
12950.350220326674,82.125,0.0,74.99999999999989,0.0,0.0,8.285572757726598,0,0.0,OPTIMAL,485831.6285734803,0.0
