cost,time,Pg,B,R,Pd,P0,P_rsrv,P_cul,status,cost_opt,peak_opt
9542.10482414513,54.843,4.982453700916295,74.99999999999989,0.0,4.982453700916295,5.776092508562428,0,3.996098157238448e-16,OPTIMAL,483123.5915638353,0.0
