cost,time,Pg,B,R,Pd,P0,P_rsrv,P_cul,status,cost_opt,peak_opt
13192.044103020095,127.656,0.0,74.99999999999989,0.0,0.0,8.11318825523991,0,0.0,OPTIMAL,486908.3709524969,0.0
