cost,time,Pg,B,R,Pd,P0,P_rsrv,P_cul,status,cost_opt,peak_opt
-8805.158841514496,64.172,10.352810544185164,54.51899999999985,2.7714536033928625,10.352810544185164,-2.650559554941149,0,1.1348344139405775e-15,OPTIMAL,464912.24526890466,0.0
