cost,time,Pg,B,R,Pd,P0,P_rsrv,P_cul,status,cost_opt,peak_opt
3782.471996443893,52.812,5.1761285249667415,31.448999999999877,3.749999999999982,5.1761285249667415,1.7154068011083417,0,1.2477134126234746e-15,OPTIMAL,486814.2067460961,0.0
