cost,time,Pg,B,R,Pd,P0,P_rsrv,P_cul,status,cost_opt,peak_opt
14970.563229161155,72.719,0.0,74.99999999999989,0.0,0.0,8.623596330161956,0,0.0,OPTIMAL,485111.6387126706,0.0
