cost,time,Pg,B,R,Pd,P0,P_rsrv,P_cul,status,cost_opt,peak_opt
34478.3977609617,56.234,0.0,0.10499999999985535,0.011969666924847095,0.0,11.061404478973916,0,0.0,OPTIMAL,451522.8549221163,0.0
