cost,time,Pg,B,R,Pd,P0,P_rsrv,P_cul,status,cost_opt,peak_opt
18606.38887175424,53.531,0.0,74.99999999999989,0.0,0.0,9.058611914193886,0,0.0,OPTIMAL,443707.91686812823,0.0
