cost,time,Pg,B,R,Pd,P0,P_rsrv,P_cul,status,cost_opt,peak_opt
16674.15097821657,77.016,0.0013623126381083015,74.99999999999989,0.0,0.0013623126381083015,8.693509373418442,0,-2.333770587263466e-16,OPTIMAL,485208.3843157504,0.0
