cost,time,Pg,B,R,Pd,P0,P_rsrv,P_cul,status,cost_opt,peak_opt
15009.960749243228,84.0,0.0,74.99999999999989,0.0,0.0,8.153156300512345,0,0.0,OPTIMAL,484432.00790689536,0.0
