cost,time,Pg,B,R,Pd,P0,P_rsrv,P_cul,status,cost_opt,peak_opt
14298.378511363337,80.703,2.388515331965272,74.99999999999989,0.0,2.388515331965272,7.355132979096365,0,-2.868256847310402e-15,OPTIMAL,483731.0304550092,0.0
