cost,time,Pg,B,R,Pd,P0,P_rsrv,P_cul,status,cost_opt,peak_opt
10889.962566477623,54.532,6.002168393523354,62.97399999999993,-1.4431199999999995,6.002168393523354,6.21928187691469,0,6.167484058183792e-16,OPTIMAL,484820.0460242265,0.0
