cost,time,Pg,B,R,Pd,P0,P_rsrv,P_cul,status,cost_opt,peak_opt
13261.035370328224,83.313,1.7566512975412443,74.99999999999989,0.0,1.7566512975412443,7.582067107105903,0,-2.3056236824262055e-16,OPTIMAL,481648.7526907454,0.0
