cost,time,Pg,B,R,Pd,P0,P_rsrv,P_cul,status,cost_opt,peak_opt
11792.22470011002,181.328,0.0,74.99999999999989,0.0,0.0,8.257860434250714,0,0.0,OPTIMAL,472630.9759546626,0.0
