cost,time,Pg,B,R,Pd,P0,P_rsrv,P_cul,status,cost_opt,peak_opt
-305.33500620052496,54.906,6.861016599846907,74.99999999999989,3.749999999999982,6.861016599846907,-0.11188530824497067,0,-2.474149357611921e-16,OPTIMAL,487349.39473720227,0.0
