cost,time,Pg,B,R,Pd,P0,P_rsrv,P_cul,status,cost_opt,peak_opt
13454.869129875704,85.938,2.1183606748789376,74.99999999999989,0.0,2.1183606748789376,7.344360878753113,0,5.143963326039586e-16,OPTIMAL,481674.3164170813,0.0
