cost,time,Pg,B,R,Pd,P0,P_rsrv,P_cul,status,cost_opt,peak_opt
34832.93709599906,56.297,0.0,62.77399999999985,-1.4671199999999998,0.0,12.136911880139046,0,0.0,OPTIMAL,450982.24815225357,0.0
