cost,time,Pg,B,R,Pd,P0,P_rsrv,P_cul,status,cost_opt,peak_opt
25340.745056997075,57.812,0.0,43.85599999999987,3.749999999999981,0.0,8.182352294800477,0,0.0,OPTIMAL,448455.2986689737,0.0
