cost,time,Pg,B,R,Pd,P0,P_rsrv,P_cul,status,cost_opt,peak_opt
14507.35643918811,139.547,0.6273252475071212,74.99999999999989,0.0,0.6273252475071212,8.361588725756835,0,-1.384382178662956e-15,OPTIMAL,481376.4687593156,0.0
