cost,time,Pg,B,R,Pd,P0,P_rsrv,P_cul,status,cost_opt,peak_opt
-1347.2275616189738,101.219,7.568625214386444,74.99999999999989,3.749999999999982,7.568625214386444,-0.5291545803688036,0,-7.137302901472076e-16,OPTIMAL,482562.2233636941,0.0
