cost,time,Pg,B,R,Pd,P0,P_rsrv,P_cul,status,cost_opt,peak_opt
12864.507873508683,137.078,0.0,74.99999999999989,0.0,0.0,8.22013282652312,0,0.0,OPTIMAL,487362.4750152053,0.0
