cost,time,Pg,B,R,Pd,P0,P_rsrv,P_cul,status,cost_opt,peak_opt
23783.58989777579,65.25,0.0,31.44099999999988,3.749999999999981,0.0,7.962366889111412,0,0.0,OPTIMAL,455074.806555863,0.0
