cost,time,Pg,B,R,Pd,P0,P_rsrv,P_cul,status,cost_opt,peak_opt
12522.492083139383,76.297,3.381928901705522,74.99999999999989,0.0,3.381928901705522,6.451567276218126,0,-8.598875192618316e-16,OPTIMAL,483272.14148065407,0.0
