cost,time,Pg,B,R,Pd,P0,P_rsrv,P_cul,status,cost_opt,peak_opt
52448.11281511338,55.843,0.0,12.711999999999852,-3.7495489038353687,0.0,15.965939974159323,0,0.0,OPTIMAL,466148.67963729356,0.0
