cost,time,Pg,B,R,Pd,P0,P_rsrv,P_cul,status,cost_opt,peak_opt
15509.630444730965,74.234,0.0,74.99999999999989,0.0,0.0,8.772415409915704,0,0.0,OPTIMAL,442884.14215621713,0.0
