cost,time,Pg,B,R,Pd,P0,P_rsrv,P_cul,status,cost_opt,peak_opt
11673.93434196187,69.953,3.9735994473124627,74.99999999999989,0.0,3.9735994473124627,6.017491928846326,0,2.1669677770924656e-15,OPTIMAL,482643.1682536222,0.0
