cost,time,Pg,B,R,Pd,P0,P_rsrv,P_cul,status,cost_opt,peak_opt
13201.762290642984,88.469,0.0,74.99999999999989,0.0,0.0,8.225397065821173,0,0.0,OPTIMAL,485967.46528324415,0.0
