cost,time,Pg,B,R,Pd,P0,P_rsrv,P_cul,status,cost_opt,peak_opt
1137.5653888889701,60.968,6.528633095789875,62.59299999999985,3.749999999999982,6.528633095789875,0.43752514957268085,0,-9.603320742790356e-17,OPTIMAL,484489.30995146703,0.0
