cost,time,Pg,B,R,Pd,P0,P_rsrv,P_cul,status,cost_opt,peak_opt
16471.831209134503,90.344,0.26669292834451863,74.99999999999989,0.0,0.26669292834451863,8.5390519487478,0,1.0999231039865442e-16,OPTIMAL,485111.0268003351,0.0
