cost,time,Pg,B,R,Pd,P0,P_rsrv,P_cul,status,cost_opt,peak_opt
13388.714937034416,126.578,1.3221564267444033,74.99999999999989,0.0,1.3221564267444033,7.820511061351878,0,1.384898868760781e-15,OPTIMAL,481592.6959707794,0.0
