cost,time,Pg,B,R,Pd,P0,P_rsrv,P_cul,status,cost_opt,peak_opt
28322.92678719369,52.937,0.0,74.99999999999989,0.0,0.0,10.56037538672397,0,0.0,OPTIMAL,452059.1673549576,0.0
