cost,time,Pg,B,R,Pd,P0,P_rsrv,P_cul,status,cost_opt,peak_opt
7774.843325031762,120.938,6.025961883827257,74.99999999999989,0.0,6.025961883827257,4.763997135436129,0,-7.502679033599691e-17,OPTIMAL,482689.43000689545,0.0
