cost,time,Pg,B,R,Pd,P0,P_rsrv,P_cul,status,cost_opt,peak_opt
9005.140912050134,51.61,5.528868169258918,74.99999999999989,0.0,5.528868169258918,5.181323884954048,0,-6.275633224889221e-16,OPTIMAL,481807.2278485301,0.0
