cost,time,Pg,B,R,Pd,P0,P_rsrv,P_cul,status,cost_opt,peak_opt
-1373.3956395503649,63.109,7.817047914750988,31.448999999999877,3.749999999999982,7.817047914750988,-0.7629975775279805,0,8.519660671391094e-16,OPTIMAL,482215.5488790242,0.0
