cost,time,Pg,B,R,Pd,P0,P_rsrv,P_cul,status,cost_opt,peak_opt
22275.417684867363,55.641,0.0,31.35999999999991,3.749999999999981,0.0,7.422665006620248,0,0.0,OPTIMAL,446939.4444627506,0.0
