cost,time,Pg,B,R,Pd,P0,P_rsrv,P_cul,status,cost_opt,peak_opt
38673.3578712551,56.406,0.9068160303476421,74.99999999999989,0.0,0.9068160303476421,11.520213843090588,0,-2.491239094355724e-15,OPTIMAL,459842.19291823276,0.0
