cost,time,Pg,B,R,Pd,P0,P_rsrv,P_cul,status,cost_opt,peak_opt
40189.07861221415,53.406,0.5612257649197546,74.99999999999989,0.0,0.5612257649197546,11.964596192978311,0,-1.586374125594689e-15,OPTIMAL,459174.2897113473,0.0
