cost,time,Pg,B,R,Pd,P0,P_rsrv,P_cul,status,cost_opt,peak_opt
53450.86091219206,57.141,0.025484894471506044,43.85599999999987,-3.737279999999996,0.025484894471506044,16.305936824951818,0,1.1807588462748111e-15,OPTIMAL,462821.0669459903,0.0
