cost,time,Pg,B,R,Pd,P0,P_rsrv,P_cul,status,cost_opt,peak_opt
-279.94155989664193,109.922,6.843426244651687,74.99999999999989,3.749999999999982,6.843426244651687,-0.09248151962228013,0,3.913969842672671e-17,OPTIMAL,460817.717206332,0.0
