cost,time,Pg,B,R,Pd,P0,P_rsrv,P_cul,status,cost_opt,peak_opt
14666.399447568876,73.828,0.0,74.99999999999989,0.0,0.0,8.005676554349822,0,0.0,OPTIMAL,485409.65954526234,0.0
