cost,time,Pg,B,R,Pd,P0,P_rsrv,P_cul,status,cost_opt,peak_opt
48565.29895482925,113.313,0.0,12.711999999999849,-3.749369666924846,0.0,15.68140101867267,0,0.0,OPTIMAL,454369.1471736645,0.0
