cost,time,Pg,B,R,Pd,P0,P_rsrv,P_cul,status,cost_opt,peak_opt
-3070.0140654062798,52.328,7.8487615472831616,74.99999999999989,3.749999999999982,7.8487615472831616,-0.9712160915552926,0,1.7206017426801834e-15,OPTIMAL,455822.7973790778,0.0
