cost,time,Pg,B,R,Pd,P0,P_rsrv,P_cul,status,cost_opt,peak_opt
14373.788790519091,82.25,0.0,74.99999999999989,0.0,0.0,8.194862480341557,0,0.0,OPTIMAL,474655.6815169138,0.0
