cost,time,Pg,B,R,Pd,P0,P_rsrv,P_cul,status,cost_opt,peak_opt
22850.208235178852,127.141,5.994441364441011,43.85599999999987,-3.737279999999996,5.994441364441011,8.431811156892564,0,2.335642530076898e-16,OPTIMAL,486832.07785961794,0.0
