cost,time,Pg,B,R,Pd,P0,P_rsrv,P_cul,status,cost_opt,peak_opt
7439.661983523607,63.625,4.197644635485881,43.85599999999987,3.749999999999981,4.197644635485881,2.50578039189074,0,1.2918675460979467e-15,OPTIMAL,481664.00277924864,0.0
