cost,time,Pg,B,R,Pd,P0,P_rsrv,P_cul,status,cost_opt,peak_opt
16827.509714964915,61.828,8.821066298604379,43.85599999999987,-3.737279999999996,8.821066298604379,5.542658008881725,0,-6.287559448786562e-16,OPTIMAL,460316.93665162555,0.0
