cost,time,Pg,B,R,Pd,P0,P_rsrv,P_cul,status,cost_opt,peak_opt
27613.782763409916,56.484,4.1085567870839945,0.21599999999985395,-3.7495489038353695,4.1085567870839945,10.12235438541419,0,-1.2152144525032216e-15,OPTIMAL,485442.74354310404,0.0
