cost,time,Pg,B,R,Pd,P0,P_rsrv,P_cul,status,cost_opt,peak_opt
12704.254301166113,79.328,0.0,74.99999999999989,0.0,0.0,8.566590897617068,0,0.0,OPTIMAL,486103.4855605359,0.0
