cost,time,Pg,B,R,Pd,P0,P_rsrv,P_cul,status,cost_opt,peak_opt
21859.256999288576,111.796,0.0,74.99999999999989,0.0,0.0,9.981395890086109,0,0.0,OPTIMAL,446044.1422755753,0.0
