cost,time,Pg,B,R,Pd,P0,P_rsrv,P_cul,status,cost_opt,peak_opt
30557.920860898663,119.75,0.0,43.85599999999987,3.749999999999981,0.0,8.710923848602812,0,0.0,OPTIMAL,453775.7004352765,0.0
