cost,time,Pg,B,R,Pd,P0,P_rsrv,P_cul,status,cost_opt,peak_opt
30308.598129783793,144.281,0.269192548340603,74.99999999999989,3.749999999999982,0.269192548340603,8.620192869676847,0,4.813118186072687e-15,OPTIMAL,456967.99368808797,0.0
