cost,time,Pg,B,R,Pd,P0,P_rsrv,P_cul,status,cost_opt,peak_opt
11803.65003738033,54.406,7.7493345986350235,31.639999999999844,-3.7495141946913337,7.7493345986350235,6.737243172020736,0,-1.026603932072212e-15,OPTIMAL,488094.8275606393,0.0
