cost,time,Pg,B,R,Pd,P0,P_rsrv,P_cul,status,cost_opt,peak_opt
14484.86781048778,67.094,2.8725759813524245,74.99999999999989,0.0,2.8725759813524245,7.163633931991978,0,1.7589960521133263e-15,OPTIMAL,481882.7671651928,0.0
