cost,time,Pg,B,R,Pd,P0,P_rsrv,P_cul,status,cost_opt,peak_opt
12774.66738070356,78.531,0.0,74.99999999999989,0.0,0.0,8.080118520369108,0,0.0,OPTIMAL,485821.6964114239,0.0
