cost,time,Pg,B,R,Pd,P0,P_rsrv,P_cul,status,cost_opt,peak_opt
18187.12970373317,185.406,0.0,74.99999999999989,0.0,0.0,8.443421403775845,0,0.0,OPTIMAL,441718.1372841465,0.0
