cost,time,Pg,B,R,Pd,P0,P_rsrv,P_cul,status,cost_opt,peak_opt
33415.09185476815,60.578,0.0,0.29699999999985605,0.035009666924847194,0.0,11.667280675547538,0,0.0,OPTIMAL,455352.1851006219,0.0
