cost,time,Pg,B,R,Pd,P0,P_rsrv,P_cul,status,cost_opt,peak_opt
53135.294637168045,57.219,0.6259901459245453,12.711999999999849,-3.749369666924847,0.6259901459245453,15.91353538100271,0,1.7164207880525362e-15,OPTIMAL,461360.5270784986,0.0
