cost,time,Pg,B,R,Pd,P0,P_rsrv,P_cul,status,cost_opt,peak_opt
-16805.522196660153,67.875,12.407015313797796,62.59299999999985,3.749999999999982,12.407015313797796,-5.847432914634709,0,-1.3486932924633432e-15,OPTIMAL,479139.7414383973,0.0
