cost,time,Pg,B,R,Pd,P0,P_rsrv,P_cul,status,cost_opt,peak_opt
6619.048088785927,83.281,4.372451926928029,31.359999999999907,3.749999999999982,4.372451926928029,2.4201272719509785,0,1.3262638600200494e-15,OPTIMAL,486487.91647897754,0.0
