cost,time,Pg,B,R,Pd,P0,P_rsrv,P_cul,status,cost_opt,peak_opt
11151.530762831664,60.282,4.353662261354291,74.99999999999989,0.0,4.353662261354291,6.350530047170652,0,-1.5871093501929057e-15,OPTIMAL,486303.3623480107,0.0
