cost,time,Pg,B,R,Pd,P0,P_rsrv,P_cul,status,cost_opt,peak_opt
17092.970716913358,58.265,5.460235604817807,74.99999999999989,0.0,5.460235604817807,5.774652269227486,0,5.094394957966264e-17,OPTIMAL,458985.82611445396,0.0
