cost,time,Pg,B,R,Pd,P0,P_rsrv,P_cul,status,cost_opt,peak_opt
49944.75461370147,55.281,1.4629492172240663,12.711999999999849,-3.7495489038353695,1.4629492172240663,14.663756492572364,0,1.440833536465666e-15,OPTIMAL,449739.8472645904,0.0
