cost,time,Pg,B,R,Pd,P0,P_rsrv,P_cul,status,cost_opt,peak_opt
10719.779054296821,80.922,0.0,74.99999999999989,0.0,0.0,8.121044738103652,0,0.0,OPTIMAL,485533.04899377003,0.0
