cost,time,Pg,B,R,Pd,P0,P_rsrv,P_cul,status,cost_opt,peak_opt
32097.190910109064,53.485,0.2085534435466555,43.85599999999987,3.749999999999981,0.2085534435466555,8.817909590689304,0,3.312161403977963e-16,OPTIMAL,458690.2046508611,0.0
