cost,time,Pg,B,R,Pd,P0,P_rsrv,P_cul,status,cost_opt,peak_opt
27558.44697431544,123.782,0.0,74.99999999999989,3.749999999999982,0.0,8.72378821599096,0,0.0,OPTIMAL,459365.04718061077,0.0
