cost,time,Pg,B,R,Pd,P0,P_rsrv,P_cul,status,cost_opt,peak_opt
10310.184942483333,57.688,2.9973907852703254,74.99999999999989,3.749999999999982,2.9973907852703254,3.6940827454257725,0,4.652582572678421e-17,OPTIMAL,470049.14131646993,0.0
