cost,time,Pg,B,R,Pd,P0,P_rsrv,P_cul,status,cost_opt,peak_opt
18261.15393998826,62.89,0.0,74.99999999999989,0.0,0.0,8.856039738112639,0,0.0,OPTIMAL,443449.2541242421,0.0
