cost,time,Pg,B,R,Pd,P0,P_rsrv,P_cul,status,cost_opt,peak_opt
28687.75949765119,145.297,3.708741924107155,43.85599999999987,-3.737279999999996,3.708741924107155,10.485292214053798,0,9.257189199224358e-16,OPTIMAL,480604.0603397565,0.0
