P_gen,Q_gen,v,theta,P_gen_star,Q_gen_star,v_star,theta_star
2.122222204179589,0.8253199383412095,1.0,0.0,2.122222204179589,0.8253199383411868,1.0,0.0
1.2351835974196064,0.9687252888709281,0.9811306835151874,-0.009931282033668852,1.2351835974197451,0.9687252888709733,0.9811306835151875,-0.009931282033664874
0.0,0.0,0.9758572312492193,-0.02040451964505949,0.0,0.0,0.9758572312492195,-0.02040451964505695
0.0,0.0,1.0,0.021399310491311597,0.0,0.0,1.0,0.021399310491318373
