P_gen,Q_gen,v,theta,P_gen_star,Q_gen_star,v_star,theta_star
2.122222204179589,0.9864949413416682,1.0,0.0,2.122222204179589,0.6860384053600256,1.0,0.0
-0.26227728003912243,0.7957977178905793,0.9833575497144704,-0.04272411246737435,-0.26266381024245933,1.1178158471093476,0.9832187829016493,0.02269816305023524
0.0,0.0,0.9786053956931319,-0.04868645703030227,0.0,0.0,0.9787760162667977,0.007842522802608538
0.0,0.0,1.0,-0.016352837109035522,0.0,0.0,1.0,0.05873840266130201
