P_gen,Q_gen,v,theta,P_gen_star,Q_gen_star,v_star,theta_star
-4.553790532838,-2.3948601544343346,1.0,0.0,-4.553790532838,-2.2921140349181828,1.0,0.0
-2.517199028570154,-3.3080717569671374,0.8999999999944024,0.014229344506613733,-2.436572385133446,-3.1486655790741778,1.08165710592906,0.009918543933314176
0.0,0.0,0.8999999999656623,0.05450303319801837,0.0,0.0,1.0796814792871015,0.04404091067629213
0.0,0.0,1.0,-0.0562003559063935,0.0,0.0,1.0,-0.04810669762636546
