cost,time,Pg,B,R,Pd,P0,P_rsrv,P_cul,status,cost_opt,peak_opt
17410.64705890452,2.813,0.0,0.0,0.0,0.0,8.116851775713064,0,0.0,OPTIMAL,524010.5368812233,0.0
