cost,time,Pg,B,R,Pd,P0,P_rsrv,P_cul,status,cost_opt,peak_opt
26597.857549468863,2.969,0.0,0.0,0.0,0.0,10.643400379939523,0,0.0,OPTIMAL,314945.21857557475,0.0
