cost,time,Pg,B,R,Pd,P0,P_rsrv,P_cul,status,cost_opt,peak_opt
1856.4276321269342,2.954,8.235307929058699,0.0,0.0,8.235307929058699,0.8064411955373303,0,3.801538077385924e-15,OPTIMAL,518719.76664347993,0.0
