cost,time,Pg,B,R,Pd,P0,P_rsrv,P_cul,status,cost_opt,peak_opt
-9034.036516324506,2.656,13.81057769669826,0.0,0.0,13.81057769669826,-3.3311344086742274,0,-5.273816864985459e-15,OPTIMAL,531096.40543813,0.0
