cost,time,Pg,B,R,Pd,P0,P_rsrv,P_cul,status,cost_opt,peak_opt
-2749.9702579808245,3.672,10.494656259049517,0.0,0.0,10.494656259049517,-1.1039623677161077,0,-3.3444384414660355e-15,OPTIMAL,523112.7559833513,0.0
