cost,time,Pg,B,R,Pd,P0,P_rsrv,P_cul,status,cost_opt,peak_opt
33922.91579935924,2.891,0.0,0.0,0.0,0.0,11.919506605537327,0,0.0,OPTIMAL,315513.2621272126,0.0
