cost,time,Pg,B,R,Pd,P0,P_rsrv,P_cul,status,cost_opt,peak_opt
923.4825320302235,3.078,8.453949026304526,0.0,0.0,8.453949026304526,0.3862327612004281,0,2.9560230131731036e-15,OPTIMAL,517894.5959366842,0.0
