cost,time,Pg,B,R,Pd,P0,P_rsrv,P_cul,status,cost_opt,peak_opt
27758.827353786404,2.907,2.5142616662369983,0.0,0.0,2.5142616662369983,9.781123098585766,0,3.594306384642476e-15,OPTIMAL,409156.5552074246,0.0
