cost,time,Pg,B,R,Pd,P0,P_rsrv,P_cul,status,cost_opt,peak_opt
14818.834753950443,2.828,0.0,0.0,0.0,0.0,7.165780828796153,0,1.3913610525219736e-14,OPTIMAL,522059.05455686076,0.0
