cost,time,Pg,B,R,Pd,P0,P_rsrv,P_cul,status,cost_opt,peak_opt
-1958.6865665688877,3.562,9.91161939601638,0.0,0.0,9.91161939601638,-0.7690171050525668,0,-2.9853506819388365e-16,OPTIMAL,521655.70528445026,0.0
