cost,time,Pg,B,R,Pd,P0,P_rsrv,P_cul,status,cost_opt,peak_opt
2450.2945910416483,3.938,7.907446321959641,0.0,0.0,7.907446321959641,0.9232458896162956,0,-5.0948828489438824e-15,OPTIMAL,517508.0068819294,0.0
