cost,time,Pg,B,R,Pd,P0,P_rsrv,P_cul,status,cost_opt,peak_opt
4159.346472687881,3.422,7.615922433782911,0.0,0.0,7.615922433782911,1.5382198493668198,0,2.7467719938834012e-15,OPTIMAL,519507.50461813185,0.0
