cost,time,Pg,B,R,Pd,P0,P_rsrv,P_cul,status,cost_opt,peak_opt
8275.48852782727,2.875,3.5710675913952756,0.0,0.0,3.5710675913952756,4.4829298633950545,0,-1.6472473341952454e-14,OPTIMAL,516346.4228007643,0.0
