cost,time,Pg,B,R,Pd,P0,P_rsrv,P_cul,status,cost_opt,peak_opt
14882.414419435858,2.64,0.0,0.0,0.0,0.0,7.306045370366155,0,-6.185678325890814e-15,OPTIMAL,524358.9446105828,0.0
