cost,time,Pg,B,R,Pd,P0,P_rsrv,P_cul,status,cost_opt,peak_opt
-3803.8542180228915,2.953,10.85926301569652,0.0,0.0,10.85926301569652,-1.6883507403563653,0,1.121514990251593e-14,OPTIMAL,524656.0477971681,0.0
