cost,time,Pg,B,R,Pd,P0,P_rsrv,P_cul,status,cost_opt,peak_opt
13661.529357833533,3.281,0.0,0.0,0.0,0.0,7.096898367705731,0,0.0,OPTIMAL,523204.99660042295,0.0
