cost,time,Pg,B,R,Pd,P0,P_rsrv,P_cul,status,cost_opt,peak_opt
24287.513290513303,3.062,0.0,0.0,0.0,0.0,9.189373170833637,0,0.0,OPTIMAL,316569.31182886293,0.0
