cost,time,Pg,B,R,Pd,P0,P_rsrv,P_cul,status,cost_opt,peak_opt
37795.38424735824,2.828,1.4210270778203191,0.0,0.0,1.4210270778203191,11.544100258814368,0,1.8603574355926383e-14,OPTIMAL,355472.6839573132,0.0
