cost,time,Pg,B,R,Pd,P0,P_rsrv,P_cul,status,cost_opt,peak_opt
19573.832439839116,2.672,2.6964559113572086,0.0,0.0,2.6964559113572086,7.782835960174598,0,3.729343765225546e-15,OPTIMAL,522632.1760187899,0.0
