cost,time,Pg,B,R,Pd,P0,P_rsrv,P_cul,status,cost_opt,peak_opt
15378.008643127821,2.641,0.0,0.0,0.0,0.0,7.5345461259812945,0,0.0,OPTIMAL,524110.6167452086,0.0
