cost,time,Pg,B,R,Pd,P0,P_rsrv,P_cul,status,cost_opt,peak_opt
56811.73122923487,2.922,0.0,0.0,0.0,0.0,12.016017603476072,0,0.0,OPTIMAL,314324.51850054914,0.0
