cost,time,Pg,B,R,Pd,P0,P_rsrv,P_cul,status,cost_opt,peak_opt
49280.107523371604,2.843,0.0,0.0,0.0,0.0,11.431247395818048,0,0.0,OPTIMAL,312586.33098554006,0.0
