cost,time,Pg,B,R,Pd,P0,P_rsrv,P_cul,status,cost_opt,peak_opt
41109.47301797027,3.969,0.0,0.0,0.0,0.0,12.069721966520925,0,0.0,OPTIMAL,312681.2056437525,0.0
