cost,time,Pg,B,R,Pd,P0,P_rsrv,P_cul,status,cost_opt,peak_opt
-4414.752731287381,3.547,11.405558366955152,0.0,0.0,11.405558366955152,-1.854938122389656,0,-1.2188763453407914e-14,OPTIMAL,518874.2127928838,0.0
