cost,time,Pg,B,R,Pd,P0,P_rsrv,P_cul,status,cost_opt,peak_opt
30606.603216941243,2.875,1.8583638389136183,0.0,0.0,1.8583638389136183,10.958325534171587,0,4.505808703578196e-16,OPTIMAL,357438.29241753597,0.0
