cost,time,Pg,B,R,Pd,P0,P_rsrv,P_cul,status,cost_opt,peak_opt
34967.38764331235,3.219,0.0,0.0,0.0,0.0,11.582440425078618,0,0.0,OPTIMAL,316431.5308485157,0.0
