cost,time,Pg,B,R,Pd,P0,P_rsrv,P_cul,status,cost_opt,peak_opt
27573.983977644668,2.953,0.0,0.0,0.0,0.0,9.781477111615702,0,0.0,OPTIMAL,317543.63789852604,0.0
