cost,time,Pg,B,R,Pd,P0,P_rsrv,P_cul,status,cost_opt,peak_opt
30143.316541016116,3.265,0.0,0.0,0.0,0.0,10.870290855036464,0,0.0,OPTIMAL,315307.88959283946,0.0
