cost,time,Pg,B,R,Pd,P0,P_rsrv,P_cul,status,cost_opt,peak_opt
42142.71080514137,2.922,1.3847548388199673,0.0,0.0,1.3847548388199673,11.319557025286427,0,4.260114938765824e-15,OPTIMAL,333405.72228849377,0.0
