cost,time,Pg,B,R,Pd,P0,P_rsrv,P_cul,status,cost_opt,peak_opt
33569.251561059806,3.469,0.0,0.0,0.0,0.0,11.680324133980447,0,0.0,OPTIMAL,315800.32758410467,0.0
