cost,time,Pg,B,R,Pd,P0,P_rsrv,P_cul,status,cost_opt,peak_opt
27824.4589983675,2.937,2.4414261663608525,0.0,0.0,2.4414261663608525,10.180921697170692,0,1.1441558421185216e-14,OPTIMAL,383703.5442890519,0.0
