cost,time,Pg,B,R,Pd,P0,P_rsrv,P_cul,status,cost_opt,peak_opt
15125.259982556105,2.657,0.0,0.0,0.0,0.0,7.328129836509741,0,-2.6564308478610466e-15,OPTIMAL,521395.7302731809,0.0
