cost,time,Pg,B,R,Pd,P0,P_rsrv,P_cul,status,cost_opt,peak_opt
42614.56668361185,3.297,0.03646140321938878,0.0,0.0,0.03646140321938878,12.724564551690609,0,0.0,OPTIMAL,317426.61607754463,0.0
