cost,time,Pg,B,R,Pd,P0,P_rsrv,P_cul,status,cost_opt,peak_opt
10498.496554576088,3.859,1.3118756856625058,0.0,0.0,1.3118756856625058,6.425028491172636,0,3.2485407593096927e-16,OPTIMAL,517014.25202148675,0.0
