cost,time,Pg,B,R,Pd,P0,P_rsrv,P_cul,status,cost_opt,peak_opt
28283.894071764626,3.078,2.4048410788444015,0.0,0.0,2.4048410788444015,10.218169823614389,0,-4.5859109153341404e-15,OPTIMAL,366283.5592111148,0.0
