cost,time,Pg,B,R,Pd,P0,P_rsrv,P_cul,status,cost_opt,peak_opt
26325.090280234486,2.688,0.0,0.0,0.0,0.0,10.479733391813092,0,0.0,OPTIMAL,315311.9789271048,0.0
