cost,time,Pg,B,R,Pd,P0,P_rsrv,P_cul,status,cost_opt,peak_opt
25994.53882673282,3.719,0.0,0.0,0.0,0.0,9.323722678168158,0,0.0,OPTIMAL,315934.8073892471,0.0
