cost,time,Pg,B,R,Pd,P0,P_rsrv,P_cul,status,cost_opt,peak_opt
28142.67186007612,2.672,2.36860521757848,0.0,0.0,2.36860521757848,10.174501757077412,0,8.52670798551225e-15,OPTIMAL,372289.34440779453,0.0
