cost,time,Pg,B,R,Pd,P0,P_rsrv,P_cul,status,cost_opt,peak_opt
11157.626288687945,2.906,0.7287042250119807,0.0,0.0,0.7287042250119807,6.786877304554711,0,-4.794070956187779e-16,OPTIMAL,517280.16328548425,0.0
