cost,time,Pg,B,R,Pd,P0,P_rsrv,P_cul,status,cost_opt,peak_opt
39094.23755715986,3.641,2.550759447190817,0.0,0.0,2.550759447190817,10.469801166888018,0,-9.773167789373788e-16,OPTIMAL,326368.68002207717,0.0
