cost,time,Pg,B,R,Pd,P0,P_rsrv,P_cul,status,cost_opt,peak_opt
4842.231071901979,2.719,6.304054023667289,0.0,0.0,6.304054023667289,2.1378503628706307,0,2.9595466702336815e-15,OPTIMAL,518791.6084074182,0.0
