cost,time,Pg,B,R,Pd,P0,P_rsrv,P_cul,status,cost_opt,peak_opt
26835.168645035672,3.547,2.4414116152670804,0.0,0.0,2.4414116152670804,9.419153613561136,0,-5.811188119250743e-16,OPTIMAL,440340.55962817406,0.0
