cost,time,Pg,B,R,Pd,P0,P_rsrv,P_cul,status,cost_opt,peak_opt
15107.508215665903,3.109,0.29156026591116146,0.0,0.0,0.29156026591116146,7.294789094961807,0,-1.273198939940462e-15,OPTIMAL,519509.88266603247,0.0
