cost,time,Pg,B,R,Pd,P0,P_rsrv,P_cul,status,cost_opt,peak_opt
37332.97055501948,3.5,1.6761986959809523,0.0,0.0,1.6761986959809523,11.382003217993745,0,-7.438638260589582e-15,OPTIMAL,322637.6753432276,0.0
