cost,time,Pg,B,R,Pd,P0,P_rsrv,P_cul,status,cost_opt,peak_opt
29740.392499386424,2.704,2.368594304258151,0.0,0.0,2.368594304258151,9.719082516139354,0,8.452765397348738e-15,OPTIMAL,423250.4793139724,0.0
