cost,time,Pg,B,R,Pd,P0,P_rsrv,P_cul,status,cost_opt,peak_opt
40284.02266884523,2.812,0.0,0.0,0.0,0.0,12.39127119927568,0,0.0,OPTIMAL,317280.4253557059,0.0
