cost,time,Pg,B,R,Pd,P0,P_rsrv,P_cul,status,cost_opt,peak_opt
11387.614896667446,3.547,0.0,0.0,0.0,0.0,7.257880749947385,0,-7.478218416148881e-15,OPTIMAL,524071.2233560639,0.0
