cost,time,Pg,B,R,Pd,P0,P_rsrv,P_cul,status,cost_opt,peak_opt
42920.79089485162,2.782,0.0,0.0,0.0,0.0,12.430000259151932,0,0.0,OPTIMAL,314952.23898505303,0.0
