cost,time,Pg,B,R,Pd,P0,P_rsrv,P_cul,status,cost_opt,peak_opt
23434.965571415276,2.875,3.2795291521247716,0.0,0.0,3.2795291521247716,8.478641668384688,0,5.069973304031028e-15,OPTIMAL,451411.69313592114,0.0
