cost,time,Pg,B,R,Pd,P0,P_rsrv,P_cul,status,cost_opt,peak_opt
3092.1906829180734,2.922,7.688754295885612,0.0,0.0,7.688754295885612,1.3014270551001992,0,-2.6946218693868484e-15,OPTIMAL,519431.6066926099,0.0
