cost,time,Pg,B,R,Pd,P0,P_rsrv,P_cul,status,cost_opt,peak_opt
-11709.460091266339,2.75,15.414017286045375,0.0,0.0,15.414017286045375,-4.447193350272062,0,-8.241305316132597e-15,OPTIMAL,512265.9399061401,0.0
