cost,time,Pg,B,R,Pd,P0,P_rsrv,P_cul,status,cost_opt,peak_opt
29257.521656619956,2.813,2.1863309414425234,0.0,0.0,2.1863309414425234,10.550855267443186,0,-1.0106126276544086e-14,OPTIMAL,362159.7201877731,0.0
