cost,time,Pg,B,R,Pd,P0,P_rsrv,P_cul,status,cost_opt,peak_opt
25548.403397860024,3.313,2.7694478354914036,0.0,0.0,2.7694478354914036,8.493485172160913,0,1.4582749612891688e-14,OPTIMAL,475465.8532829559,0.0
