cost,time,Pg,B,R,Pd,P0,P_rsrv,P_cul,status,cost_opt,peak_opt
21127.357919202026,2.703,3.0244848560346447,0.0,0.0,3.0244848560346447,8.005819598030325,0,4.17377178825451e-16,OPTIMAL,491156.9246523454,0.0
