cost,time,Pg,B,R,Pd,P0,P_rsrv,P_cul,status,cost_opt,peak_opt
15743.329120589488,2.719,0.0,0.0,0.0,0.0,7.616511427474352,0,0.0,OPTIMAL,525961.8801442604,0.0
