cost,time,Pg,B,R,Pd,P0,P_rsrv,P_cul,status,cost_opt,peak_opt
18393.15035963901,3.547,3.425356576135112,0.0,0.0,3.425356576135112,7.4799310124599465,0,-1.864457752683707e-14,OPTIMAL,500610.4396016785,0.0
