cost,time,Pg,B,R,Pd,P0,P_rsrv,P_cul,status,cost_opt,peak_opt
29840.493358082516,3.594,2.477923947314672,0.0,0.0,2.477923947314672,10.023679327538636,0,8.339798307239327e-15,OPTIMAL,374047.01457498875,0.0
