cost,time,Pg,B,R,Pd,P0,P_rsrv,P_cul,status,cost_opt,peak_opt
43342.32827590918,3.015,0.14565281088507506,0.0,0.0,0.14565281088507506,12.872684370629397,0,0.0,OPTIMAL,317503.433651573,0.0
