cost,time,Pg,B,R,Pd,P0,P_rsrv,P_cul,status
1077.574638700571,9.844,0.0,0.0,0.0,8.168601181835648,8.16860117776807,0,0.0,OPTIMAL
