cost,time,Pg,B,R,Pd,P0,P_rsrv,P_cul,status
1013.0403859091543,9.844,0.0,0.0,0.0,7.863185403322738,7.86318540162345,0,0.0,OPTIMAL
