cost,time,Pg,B,R,Pd,P0,P_rsrv,P_cul,status
2856.0150758455075,14.484,0.0,0.0,0.0,10.995245722368638,10.995245720290692,0,0.0,OPTIMAL
