cost,time,Pg,B,R,Pd,P0,P_rsrv,P_cul,status
3152.760018908109,11.921,1.052566177178248,0.0,0.0,11.653954077006897,11.653953998669857,0,0.0806167248010996,OPTIMAL
