cost,time,Pg,B,R,Pd,P0,P_rsrv,P_cul,status
3085.9535392267253,10.516,0.0,0.0,0.0,12.360304625575626,12.360294549639754,0,0.0,OPTIMAL
