cost,time,Pg,B,R,Pd,P0,P_rsrv,P_cul,status
1219.2652180722564,9.937,0.5882880497411858,0.0,0.0,8.39920868340237,8.399208541912492,0,0.039037197765935394,OPTIMAL
