cost,time,Pg,B,R,Pd,P0,P_rsrv,P_cul,status
407.3708372058974,10.594,9.42613711449497,0.0,0.0,0.7862523630000291,0.78625231382959,0,-0.9320078079527541,OPTIMAL
