cost,time,Pg,B,R,Pd,P0,P_rsrv,P_cul,status
1385.5663380294352,10.406,4.511640616447571,0.0,0.0,5.940079596747433,5.940078607136115,0,-0.13918868951954178,OPTIMAL
