cost,time,Pg,B,R,Pd,P0,P_rsrv,P_cul,status
3063.364207664688,10.328,0.0,0.0,0.0,11.869670644380292,11.869670807870925,0,0.0,OPTIMAL
