cost,time,Pg,B,R,Pd,P0,P_rsrv,P_cul,status
1103.6921267370567,10.219,5.8650261136642765,0.0,0.0,4.69234230281782,4.692341584179772,0,0.3457834296994253,OPTIMAL
