cost,time,Pg,B,R,Pd,P0,P_rsrv,P_cul,status
1083.3820230781046,9.86,3.1314072213960737,0.0,0.0,6.61085793096931,6.610857782167489,0,0.10379173745721637,OPTIMAL
