cost,time,Pg,B,R,Pd,P0,P_rsrv,P_cul,status
1207.1827264757644,10.281,0.0,0.0,0.0,7.907310437189938,7.907310435430771,0,0.0,OPTIMAL
