cost,time,Pg,B,R,Pd,P0,P_rsrv,P_cul,status
1609.3173736203128,10.61,3.69641677563622,0.0,0.0,6.840588305232583,6.840587996145711,0,-0.2075172897826678,OPTIMAL
