cost,time,Pg,B,R,Pd,P0,P_rsrv,P_cul,status
1553.1809532329185,10.969,3.6298427015470116,0.0,0.0,6.743503716987383,6.74350364295461,0,0.13428831930474328,OPTIMAL
