cost,time,Pg,B,R,Pd,P0,P_rsrv,P_cul,status
3213.05169416363,14.984,0.6872306818853866,0.0,0.0,11.938227467095428,11.938231794038888,0,-0.08066481754576516,OPTIMAL
