cost,time,Pg,B,R,Pd,P0,P_rsrv,P_cul,status
1829.640887299052,14.172,0.0,0.0,0.0,10.025429524049288,10.025429519446863,0,0.0,OPTIMAL
