cost,time,Pg,B,R,Pd,P0,P_rsrv,P_cul,status
2904.062467433292,14.562,0.0,0.0,0.0,11.666806032994947,11.666806029193005,0,0.0,OPTIMAL
