cost,time,Pg,B,R,Pd,P0,P_rsrv,P_cul,status
1583.4781296921465,13.968,0.0,0.0,0.0,9.175150921054431,9.175150920475982,0,0.0,OPTIMAL
