cost,time,Pg,B,R,Pd,P0,P_rsrv,P_cul,status
1098.0703953900738,10.047,0.0,0.0,0.0,8.10384055734231,8.103840556384307,0,0.0,OPTIMAL
