cost,time,Pg,B,R,Pd,P0,P_rsrv,P_cul,status
2947.64204577741,10.312,0.0,0.0,0.0,11.911005641896926,11.90966483142388,0,0.0,OPTIMAL
