cost,time,Pg,B,R,Pd,P0,P_rsrv,P_cul,status
1940.342986143429,13.953,0.0,0.0,0.0,10.316400459558299,10.316400458006711,0,0.0,OPTIMAL
