cost,time,Pg,B,R,Pd,P0,P_rsrv,P_cul,status
807.1266032017828,10.25,4.895255795954016,0.0,0.0,5.783730371864639,5.783730254829283,0,0.08719790496227908,OPTIMAL
