cost,time,Pg,B,R,Pd,P0,P_rsrv,P_cul,status
2757.7229988909585,14.343,0.0,0.0,0.0,10.990593162685258,10.99059315399917,0,0.0,OPTIMAL
