cost,time,Pg,B,R,Pd,P0,P_rsrv,P_cul,status
1074.606449271308,16.625,0.0,0.0,0.0,8.422780802771765,8.422780791153297,0,0.0,OPTIMAL
