cost,time,Pg,B,R,Pd,P0,P_rsrv,P_cul,status
2696.523732151485,14.531,0.0,0.0,0.0,10.771732616278143,10.771732618448011,0,0.0,OPTIMAL
