cost,time,Pg,B,R,Pd,P0,P_rsrv,P_cul,status
72.62974627033724,10.781,0.0,0.0,0.0,8.300542432423297,8.300542430895684,0,0.0,OPTIMAL
