cost,time,Pg,B,R,Pd,P0,P_rsrv,P_cul,status
808.4795261598856,10.688,7.559942883457662,0.0,0.0,2.992090669969619,2.9920897263591906,0,-0.5734208631000621,OPTIMAL
