cost,time,Pg,B,R,Pd,P0,P_rsrv,P_cul,status
980.0488382584492,10.359,0.0,0.0,0.0,8.235704523547383,8.235704523180246,0,0.0,OPTIMAL
