cost,time,Pg,B,R,Pd,P0,P_rsrv,P_cul,status
919.5222635176826,9.937,4.427093342341707,0.0,0.0,6.210320224401589,6.210320150340712,0,-0.07343108098741613,OPTIMAL
