cost,time,Pg,B,R,Pd,P0,P_rsrv,P_cul,status
1748.7291208036559,10.078,4.398782063401537,0.0,0.0,6.800711343992496,6.800710491637868,0,-0.014732655372158732,OPTIMAL
