cost,time,Pg,B,R,Pd,P0,P_rsrv,P_cul,status
891.5092835892425,10.64,0.0,0.0,0.0,8.104629851448525,8.104629850811296,0,0.0,OPTIMAL
