cost,time,Pg,B,R,Pd,P0,P_rsrv,P_cul,status
617.8457487672923,10.094,6.468325831078897,0.0,0.0,4.226612137134337,4.226611868642395,0,0.03144299877587642,OPTIMAL
