cost,time,Pg,B,R,Pd,P0,P_rsrv,P_cul,status
1727.565922465418,10.062,3.048351265264756,0.0,0.0,7.51013676524385,7.510136460732041,0,0.21216011287688818,OPTIMAL
