cost,time,Pg,B,R,Pd,P0,P_rsrv,P_cul,status
2347.544338730466,14.422,0.0,0.0,0.0,10.503554093059003,10.50355408827949,0,0.0,OPTIMAL
