cost,time,Pg,B,R,Pd,P0,P_rsrv,P_cul,status
881.6649503756493,10.797,6.716697349914872,0.0,0.0,3.7975451192481553,3.7975450823047785,0,0.1443192499320345,OPTIMAL
