cost,time,Pg,B,R,Pd,P0,P_rsrv,P_cul,status
1189.5659598355373,15.844,0.0,0.0,0.0,8.416740280836521,8.416740281855217,0,0.0,OPTIMAL
