cost,time,Pg,B,R,Pd,P0,P_rsrv,P_cul,status
1314.8417109020795,10.031,2.966837095489808,0.0,0.0,7.012097809823519,7.012097030617986,0,-0.12085980971879273,OPTIMAL
