cost,time,Pg,B,R,Pd,P0,P_rsrv,P_cul,status
2759.4545229822647,14.735,0.0,0.0,0.0,11.034140054112386,11.034140045247309,0,0.0,OPTIMAL
