cost,time,Pg,B,R,Pd,P0,P_rsrv,P_cul,status
2147.1840568069565,10.297,3.610798306876443,0.0,0.0,7.224428172615021,7.224428007243683,0,0.33973891223971053,OPTIMAL
