cost,time,Pg,B,R,Pd,P0,P_rsrv,P_cul,status
859.3111611386582,10.016,7.441956000314269,0.0,0.0,3.1447680362198978,3.1447677321412746,0,0.7463852350766356,OPTIMAL
