cost,time,Pg,B,R,Pd,P0,P_rsrv,P_cul,status
1777.1205629206613,10.328,6.022100454178487,0.0,0.0,5.614487408154488,5.614486761170018,0,-0.6429800096773821,OPTIMAL
