cost,time,Pg,B,R,Pd,P0,P_rsrv,P_cul,status
926.7144101869197,10.437,4.435400459594329,0.0,0.0,6.283769655199102,6.283769192773899,0,0.13292137680133553,OPTIMAL
