cost,time,Pg,B,R,Pd,P0,P_rsrv,P_cul,status
1077.182452563418,9.938,0.0,0.0,0.0,8.1501824938496,8.150182491022079,0,0.0,OPTIMAL
