cost,time,Pg,B,R,Pd,P0,P_rsrv,P_cul,status
3305.173236973856,10.078,0.0,0.0,0.0,12.121662264481968,12.121662238290428,0,0.0,OPTIMAL
