cost,time,Pg,B,R,Pd,P0,P_rsrv,P_cul,status
1853.7940512974976,14.188,0.0,0.0,0.0,10.011489026263902,10.011489025909079,0,0.0,OPTIMAL
