cost,time,Pg,B,R,Pd,P0,P_rsrv,P_cul,status
1055.2155278599498,10.125,0.0,0.0,0.0,7.983976250053415,7.983976251147162,0,0.0,OPTIMAL
