cost,time,Pg,B,R,Pd,P0,P_rsrv,P_cul,status
1041.926645091311,10.109,6.322008333902682,0.0,0.0,4.007903063545807,4.007902028663602,0,-0.18215150387518264,OPTIMAL
