cost,time,Pg,B,R,Pd,P0,P_rsrv,P_cul,status
3390.335550187038,11.25,0.02428965101896603,0.0,0.0,12.410688621272167,12.4106875341872,0,0.0011952434525400145,OPTIMAL
