cost,time,Pg,B,R,Pd,P0,P_rsrv,P_cul,status
1083.9635035412643,10.563,0.0,0.0,0.0,8.104400027439103,8.104400026476743,0,0.0,OPTIMAL
