cost,time,Pg,B,R,Pd,P0,P_rsrv,P_cul,status
1544.0406681708637,14.172,0.0,0.0,0.0,8.994411663065684,8.99441165924775,0,0.0,OPTIMAL
