cost,time,Pg,B,R,Pd,P0,P_rsrv,P_cul,status
780.3468337452562,10.547,6.802074771509529,0.0,0.0,3.977443772677366,3.9774434995809003,0,0.08304050361109461,OPTIMAL
