cost,time,Pg,B,R,Pd,P0,P_rsrv,P_cul,status,cost_opt,peak_opt
10366.258600529127,136.797,5.1761285249667415,169.05299999999957,0.749999999999999,5.1761285249667415,4.701251065999603,0,1.2474694671346653e-15,OPTIMAL,484379.2288006891,1.8113800941030795
