cost,time,Pg,B,R,Pd,P0,P_rsrv,P_cul,status,cost_opt,peak_opt
18670.24486357572,147.657,2.9973907852703254,185.46199999999988,0.7499999999999991,2.9973907852703254,6.6894463860894735,0,-7.49468304257761e-16,OPTIMAL,467069.0455802558,1.8212275760428602
