cost,time,Pg,B,R,Pd,P0,P_rsrv,P_cul,status,cost_opt,peak_opt
13103.032732074254,334.938,0.0,155.72595300864302,-0.0924855627105781,0.0,8.163883322164644,0,0.0,OPTIMAL,484836.4315352205,1.823004196959384
