cost,time,Pg,B,R,Pd,P0,P_rsrv,P_cul,status,cost_opt,peak_opt
33901.46302481377,124.657,0.0,62.21999999999959,0.3417499806193421,0.0,11.39162064005839,0,0.0,OPTIMAL,454125.8674261011,1.8709771436063187
