cost,time,Pg,B,R,Pd,P0,P_rsrv,P_cul,status,cost_opt,peak_opt
14673.735083198104,152.89,5.994441364441011,169.05299999999957,-0.7498308389382692,5.994441364441011,5.414662392324024,0,3.851357167211633e-16,OPTIMAL,484040.06718034786,1.8101694815126441
