cost,time,Pg,B,R,Pd,P0,P_rsrv,P_cul,status,cost_opt,peak_opt
14349.794364358362,288.297,0.0,95.51199999999989,-0.2252946501318959,0.0,8.836080273619682,0,0.0,OPTIMAL,483906.80588313495,1.8289911560042642
