cost,time,Pg,B,R,Pd,P0,P_rsrv,P_cul,status,cost_opt,peak_opt
34016.88356311204,117.734,0.0,56.755999999999595,0.3323186414530122,0.0,11.388310533348523,0,0.0,OPTIMAL,454742.95960426517,1.8661819982349401
