cost,time,Pg,B,R,Pd,P0,P_rsrv,P_cul,status,cost_opt,peak_opt
15487.023824467109,67.656,0.0,0.13099999999981038,0.012692109792831098,0.0,8.75962885999271,0,0.0,OPTIMAL,442689.5666562468,1.6343778217169855
