cost,time,Pg,B,R,P0,P_rsrv
86.4259307222437,1.375978946685791,0,2.833335558721289,0.009999982953752595,0.2308282147044123,2038051420960585e-22
