cost,time,Pg,B,R,P0,P_rsrv,status
74.441758756339,22.712249994277954,0,3,0.01000008701001039,0.2370127633526315,0,SLOW_PROGRESS
