cost,time,Pg,B,R,Pd,P0,P_rsrv,P_cul,status,cost_opt,peak_opt
16296.508841128642,8.75,0.2949649732032831,325.5869999999994,-1.4993912306830968,0.2949649732032831,10.040978953252397,0,1.4823161280244981e-16,OPTIMAL,449319.29244074586,0.0
