cost,time,Pg,B,R,Pd,P0,P_rsrv,P_cul,status,cost_opt,peak_opt
11911.923669966367,8.656,8.194932373642242,313.7589999999995,-1.4997816778765383,8.194932373642242,3.905548744251268,0,8.396061623727746e-16,OPTIMAL,431078.48868433514,0.0
