cost,time,Pg,B,R,Pd,P0,P_rsrv,P_cul,status,cost_opt,peak_opt
40354.23505758304,12.125,0.0,12.755999999999249,-1.4996391230683068,0.0,13.56900977053902,0,0.0,OPTIMAL,436747.7321623606,0.0
