cost,time,Pg,B,R,Pd,P0,P_rsrv,P_cul,status,cost_opt,peak_opt
10536.53333011475,12.297,0.0,337.7969999999993,1.499999999999998,0.0,6.564818274214797,0,0.0,OPTIMAL,441658.87020044716,0.0
