cost,time,Pg,B,R,Pd,P0,P_rsrv,P_cul,status,cost_opt,peak_opt
15917.789076994828,9.703,6.210809543363702,343.02599999999904,-1.4998195615341527,6.210809543363702,5.869391252579214,0,-9.868408173963061e-16,OPTIMAL,453594.9121577454,0.0
