cost,time,Pg,B,R,Pd,P0,P_rsrv,P_cul,status,cost_opt,peak_opt
40301.25774765611,10.421,0.2085534435466555,150.67099999999962,1.499999999999998,0.2085534435466555,11.071774106498934,0,1.5588794361268143e-15,OPTIMAL,438320.81521207426,0.0
