cost,time,Pg,B,R,Pd,P0,P_rsrv,P_cul,status,cost_opt,peak_opt
33620.14250712046,12.453,1.0168119533320823,252.47999999999882,1.499999999999998,1.0168119533320823,10.026884135735298,0,2.885231387573378e-15,OPTIMAL,435755.69463881664,0.0
