cost,time,Pg,B,R,Pd,P0,P_rsrv,P_cul,status,cost_opt,peak_opt
36571.967613298315,11.453,0.0,75.53799999999934,1.499999999999998,0.0,10.794559508057354,0,0.0,OPTIMAL,437364.31545477785,0.0
