cost,time,Pg,B,R,Pd,P0,P_rsrv,P_cul,status,cost_opt,peak_opt
13062.245967891058,9.265,4.295619329008464,362.59899999999936,1.499999999999998,4.295619329008464,4.746455656937158,0,-4.4994390158148434e-17,OPTIMAL,453087.8974124619,0.0
