cost,time,Pg,B,R,Pd,P0,P_rsrv,P_cul,status,cost_opt,peak_opt
21716.69079230423,9.531,0.0,126.06899999999911,-1.4996391230683066,0.0,10.572877698298068,0,0.0,OPTIMAL,435745.3089704094,0.0
