cost,time,Pg,B,R,Pd,P0,P_rsrv,P_cul,status,cost_opt,peak_opt
15975.151856221877,10.64,0.0,350.3889999999998,-1.4997816778765378,0.0,10.072605205688447,0,0.0,OPTIMAL,447769.1641301254,0.0
