cost,time,Pg,B,R,Pd,P0,P_rsrv,P_cul,status,cost_opt,peak_opt
40373.29504800045,9.562,0.0,0.1639999999992536,-1.4996391230683068,0.0,13.59370203636379,0,0.0,OPTIMAL,437334.52044623706,0.0
