cost,time,Pg,B,R,Pd,P0,P_rsrv,P_cul,status,cost_opt,peak_opt
21383.15149450562,9.641,0.0,138.66099999999946,-1.4996391230683068,0.0,10.37010256765549,0,0.0,OPTIMAL,435716.01587707235,0.0
