cost,time,Pg,B,R,Pd,P0,P_rsrv,P_cul,status,cost_opt,peak_opt
15166.99072650376,9.562,0.0,306.51299999999935,-1.4998195615341519,0.0,9.593289517080178,0,0.0,OPTIMAL,445981.81338980724,0.0
