cost,time,Pg,B,R,Pd,P0,P_rsrv,P_cul,status,cost_opt,peak_opt
10238.055957369073,8.766,6.025961883827257,301.05299999999835,-1.4998195615341527,6.025961883827257,6.2733186013290885,0,1.991516760529999e-15,OPTIMAL,452791.87918863446,0.0
