cost,time,Pg,B,R,Pd,P0,P_rsrv,P_cul,status,cost_opt,peak_opt
23537.56302020477,9.5,0.0,12.642999999999253,1.499999999999998,0.0,8.973527647809671,0,0.0,OPTIMAL,434930.8256787669,0.0
