cost,time,Pg,B,R,Pd,P0,P_rsrv,P_cul,status,cost_opt,peak_opt
-5496.755378072754,10.344,11.448140571782991,374.9999999999992,1.499999999999998,11.448140571782991,-2.2119739952003035,0,1.5261771880992203e-15,OPTIMAL,453628.75057014666,0.0
