cost,time,Pg,B,R,Pd,P0,P_rsrv,P_cul,status,cost_opt,peak_opt
11852.418848323021,8.703,0.0,362.59899999999936,1.499999999999998,0.0,6.988454509624422,0,0.0,OPTIMAL,447691.0529769886,0.0
