cost,time,Pg,B,R,Pd,P0,P_rsrv,P_cul,status,cost_opt,peak_opt
28258.402021921334,9.656,0.0,0.2419999999992455,0.02381329226701362,0.0,10.536316935839423,0,0.0,OPTIMAL,435340.0051890964,0.0
