cost,time,Pg,B,R,Pd,P0,P_rsrv,P_cul,status,cost_opt,peak_opt
13053.618417366019,9.14,1.7702808991612855,374.9999999999992,0.0,1.7702808991612855,7.620325987954478,0,-1.5716526929714092e-15,OPTIMAL,447664.2269685527,0.0
