cost,time,Pg,B,R,Pd,P0,P_rsrv,P_cul,status,cost_opt,peak_opt
2788.6379581717806,12.266,10.8980750773828,362.9129999999992,-1.4504399999999962,10.8980750773828,0.9702985240681213,0,-2.0233923044010726e-15,OPTIMAL,445804.43836409156,0.0
