cost,time,Pg,B,R,Pd,P0,P_rsrv,P_cul,status,cost_opt,peak_opt
15962.350957243476,9.922,0.0,187.4999999999996,-1.4999999999999973,0.0,10.206106750155675,0,0.0,OPTIMAL,412385.47578562854,0.0
