cost,time,Pg,B,R,Pd,P0,P_rsrv,P_cul,status,cost_opt,peak_opt
18404.18034068113,10.766,6.202418573766316,300.59399999999994,-1.4996391230683075,6.202418573766316,5.7513063564628535,0,-1.8472907665351146e-15,OPTIMAL,435171.7031857436,0.0
