cost,time,Pg,B,R,Pd,P0,P_rsrv,P_cul,status,cost_opt,peak_opt
22790.25564199291,9.891,0.0,50.516999999999214,-1.4996391230683068,0.0,11.068604002910593,0,0.0,OPTIMAL,435479.5578869949,0.0
