cost,time,Pg,B,R,Pd,P0,P_rsrv,P_cul,status,cost_opt,peak_opt
19050.060250166225,9.422,0.0,176.43699999999933,-1.4998195615341519,0.0,10.160032133421987,0,0.0,OPTIMAL,436161.63454191823,0.0
