cost,time,Pg,B,R,Pd,P0,P_rsrv,P_cul,status,cost_opt,peak_opt
28713.752164485537,9.437,0.0,50.435999999999204,1.499999999999998,0.0,9.536284345561455,0,0.0,OPTIMAL,434280.68183213205,0.0
