cost,time,Pg,B,R,Pd,P0,P_rsrv,P_cul,status,cost_opt,peak_opt
5581.836592337942,8.921,7.341828129574032,313.3769999999996,1.499999999999998,7.341828129574032,1.6016747754197826,0,-1.5687321233692764e-15,OPTIMAL,432903.2158878383,0.0
