cost,time,Pg,B,R,Pd,P0,P_rsrv,P_cul,status,cost_opt,peak_opt
19554.817078761225,10.468,0.0,12.642999999999253,1.499999999999998,0.0,8.656404195998771,0,0.0,OPTIMAL,434596.44879733556,0.0
