cost,time,Pg,B,R,Pd,P0,P_rsrv,P_cul,status,cost_opt,peak_opt
37633.220484129444,9.703,0.07477171699156662,76.26499999999922,1.499999999999998,0.07477171699156662,11.09797124273944,0,1.0702087646803898e-15,OPTIMAL,437427.4309602432,0.0
