cost,time,Pg,B,R,Pd,P0,P_rsrv,P_cul,status,cost_opt,peak_opt
22038.408079067613,9.14,0.0,100.88499999999922,-1.4996391230683068,0.0,10.641433162273112,0,0.0,OPTIMAL,435565.20331003173,0.0
