cost,time,Pg,B,R,Pd,P0,P_rsrv,P_cul,status,cost_opt,peak_opt
11534.461957120573,11.532,0.0,200.09599999999986,1.499999999999998,0.0,7.102501205123506,0,0.0,OPTIMAL,412469.80306446785,0.0
