cost,time,Pg,B,R,Pd,P0,P_rsrv,P_cul,status,cost_opt,peak_opt
24350.17770664904,8.594,3.063690864054143,350.0649999999987,1.499999999999998,3.063690864054143,7.174477815748096,0,6.672586745290476e-16,OPTIMAL,427934.33009410725,0.0
