cost,time,Pg,B,R,Pd,P0,P_rsrv,P_cul,status,cost_opt,peak_opt
18186.622934065355,9.516,0.0,163.84499999999878,-1.499819561534152,0.0,10.286551433294884,0,0.0,OPTIMAL,435898.06508201733,0.0
