cost,time,Pg,B,R,Pd,P0,P_rsrv,P_cul,status,cost_opt,peak_opt
14098.275885256731,9.328,4.197644635485881,362.59899999999936,1.499999999999998,4.197644635485881,4.74849305667118,0,-2.4481691630537372e-15,OPTIMAL,450086.58513467346,0.0
