cost,time,Pg,B,R,Pd,P0,P_rsrv,P_cul,status,cost_opt,peak_opt
9145.402526267426,8.86,8.578923748073485,362.59899999999936,-1.488120000000001,8.578923748073485,3.6450388705729075,0,1.3684799821112037e-15,OPTIMAL,453132.5616094313,0.0
