cost,time,Pg,B,R,Pd,P0,P_rsrv,P_cul,status,cost_opt,peak_opt
16034.77223119786,12.89,6.0002448990874075,362.59899999999936,-1.488120000000001,6.0002448990874075,6.1577466325644625,0,1.7209541083862412e-15,OPTIMAL,453431.2380558378,0.0
