cost,time,Pg,B,R,Pd,P0,P_rsrv,P_cul,status,cost_opt,peak_opt
-4591.304277036369,8.141,10.352810544185164,325.3959999999988,1.499999999999998,10.352810544185164,-1.3820903904384012,0,1.2094275234075802e-15,OPTIMAL,437128.41323441267,0.0
