cost,time,Pg,B,R,Pd,P0,P_rsrv,P_cul,status,cost_opt,peak_opt
-204800.74013210752,10.594,0.0,200.1939999999999,-1.4999999999999971,0.0,9.909073937106033,0,0.0,OPTIMAL,414354.65088244213,0.0
