cost,time,Pg,B,R,Pd,P0,P_rsrv,P_cul,status,cost_opt,peak_opt
24798.508914569156,9.531,2.9973907852703254,350.5799999999994,-1.430400000000004,2.9973907852703254,8.885169800992173,0,-1.25469296410885e-15,OPTIMAL,440438.95178672066,0.0
