cost,time,Pg,B,R,Pd,P0,P_rsrv,P_cul,status,cost_opt,peak_opt
12567.327158081815,12.438,0.0,374.9999999999992,1.499999999999998,0.0,7.177228531171796,0,0.0,OPTIMAL,448125.5657243873,0.0
