cost,time,Pg,B,R,Pd,P0,P_rsrv,P_cul,status,cost_opt,peak_opt
35130.32560713118,10.719,0.0,63.136999999999226,1.499999999999998,0.0,10.736652080419065,0,0.0,OPTIMAL,437412.1626983083,0.0
