cost,time,Pg,B,R,Pd,P0,P_rsrv,P_cul,status,cost_opt,peak_opt
6657.7808720635385,10.016,5.859373911188177,275.9829999999994,1.499999999999998,5.859373911188177,3.1082076900390003,0,-1.3571500694087302e-16,OPTIMAL,450442.4932245983,0.0
