cost,time,Pg,B,R,Pd,P0,P_rsrv,P_cul,status,cost_opt,peak_opt
8176.958751943216,9.25,7.568625214386444,374.9999999999992,0.0,7.568625214386444,3.211688433599064,0,2.3239331466140545e-15,OPTIMAL,452729.8275616034,0.0
