cost,time,Pg,B,R,Pd,P0,P_rsrv,P_cul,status,cost_opt,peak_opt
18345.12264168413,9.39,3.708741924107155,374.9999999999992,0.0,3.708741924107155,6.705088684826071,0,-3.884425333472441e-16,OPTIMAL,450785.71438264335,0.0
