cost,time,Pg,B,R,Pd,P0,P_rsrv,P_cul,status,cost_opt,peak_opt
44276.97592995954,11.609,0.0,51.462999999999184,-1.4974738614781669,0.0,14.060646532219607,0,0.0,OPTIMAL,437931.9969753106,0.0
