cost,time,Pg,B,R,Pd,P0,P_rsrv,P_cul,status,cost_opt,peak_opt
2089.01856317903,9.234,0.0,275.75652977582786,-1.499819561534152,0.0,9.671382236939953,0,0.0,OPTIMAL,437371.34231908387,0.0
