cost,time,Pg,B,R,Pd,P0,P_rsrv,P_cul,status,cost_opt,peak_opt
10598.654967117312,9.0,0.0,325.3959999999988,1.499999999999998,0.0,6.5062338656337095,0,0.0,OPTIMAL,442082.9256651368,0.0
