cost,time,Pg,B,R,Pd,P0,P_rsrv,P_cul,status,cost_opt,peak_opt
14949.555273866381,9.656,0.0,175.29399999999958,-1.4999999999999971,0.0,10.080617177253123,0,0.0,OPTIMAL,413388.1717671378,0.0
