cost,time,Pg,B,R,Pd,P0,P_rsrv,P_cul,status,cost_opt,peak_opt
7170.102712858686,9.484,6.39090051894292,374.9999999999992,1.499999999999998,6.39090051894292,2.8554769864033,0,-2.987979872207114e-15,OPTIMAL,453049.2199435576,0.0
