cost,time,Pg,B,R,Pd,P0,P_rsrv,P_cul,status,cost_opt,peak_opt
36275.011559726256,9.875,0.0,38.33499999999923,1.499999999999998,0.0,10.735428102908037,0,0.0,OPTIMAL,437932.5794291351,0.0
