cost,time,Pg,B,R,Pd,P0,P_rsrv,P_cul,status,cost_opt,peak_opt
16419.86448397242,8.782,2.7277154721132515,350.09199999999925,-1.4998195615341527,2.7277154721132515,8.560930387889686,0,5.602750251590405e-16,OPTIMAL,448065.51091268787,0.0
