cost,time,Pg,B,R,Pd,P0,P_rsrv,P_cul,status,cost_opt,peak_opt
8127.1821322259075,9.438,5.6683336417166945,237.9029999999997,1.499999999999998,5.6683336417166945,3.5000784376511227,0,-1.3543853538688921e-15,OPTIMAL,452507.0760032799,0.0
