cost,time,Pg,B,R,Pd,P0,P_rsrv,P_cul,status,cost_opt,peak_opt
23010.994206606094,9.734,0.0,12.740999999999241,-1.499639123068307,0.0,11.192117804769502,0,0.0,OPTIMAL,434922.22807026614,0.0
