cost,time,Pg,B,R,Pd,P0,P_rsrv,P_cul,status,cost_opt,peak_opt
41628.306426892734,9.562,0.1471817378121918,88.66599999999927,1.499999999999998,0.1471817378121918,11.047852024122275,0,9.700505067993578e-16,OPTIMAL,437546.87117364234,0.0
