cost,time,Pg,B,R,Pd,P0,P_rsrv,P_cul,status,cost_opt,peak_opt
11095.161904450155,9.172,0.0,350.1979999999987,1.499999999999998,0.0,6.557424293410257,0,0.0,OPTIMAL,444232.80566278234,0.0
