cost,time,Pg,B,R,Pd,P0,P_rsrv,P_cul,status,cost_opt,peak_opt
37613.38149600357,11.844,0.0,63.02699999999922,-1.4410501442584949,0.0,13.04208789736601,0,0.0,OPTIMAL,434500.3294673332,0.0
