cost,time,Pg,B,R,Pd,P0,P_rsrv,P_cul,status,cost_opt,peak_opt
28891.496459004014,10.891,1.8172487183857142,326.88599999999917,1.499999999999998,1.8172487183857142,8.821830979848555,0,-1.2706171835172309e-15,OPTIMAL,433760.44518599956,0.0
