cost,time,Pg,B,R,Pd,P0,P_rsrv,P_cul,status,cost_opt,peak_opt
11907.867626194131,9.312,0.0,374.9999999999992,1.499999999999998,0.0,6.499927743555748,0,0.0,OPTIMAL,443539.26039292087,0.0
