cost,time,Pg,B,R,Pd,P0,P_rsrv,P_cul,status,cost_opt,peak_opt
16276.262451253988,8.89,0.0,362.98,-1.442400000000003,0.0,10.053281316401474,0,0.0,OPTIMAL,447840.8525621985,0.0
