cost,time,Pg,B,R,Pd,P0,P_rsrv,P_cul,status,cost_opt,peak_opt
12869.724731918319,11.734,4.717572894414125,374.9999999999992,1.499999999999998,4.717572894414125,4.148847431308291,0,8.619678321802882e-16,OPTIMAL,441831.7272487738,0.0
