cost,time,Pg,B,R,Pd,P0,P_rsrv,P_cul,status,cost_opt,peak_opt
41776.89908087592,10.219,0.0,87.74899999999941,-1.499530939405324,0.0,13.944225327395166,0,0.0,OPTIMAL,437343.83299992175,0.0
