cost,time,Pg,B,R,Pd,P0,P_rsrv,P_cul,status,cost_opt,peak_opt
38229.42461516747,9.64,0.269192548340603,163.07199999999884,1.499999999999998,0.269192548340603,10.8729876607416,0,-1.3054564956707475e-15,OPTIMAL,438022.7656993557,0.0
