cost,time,Pg,B,R,Pd,P0,P_rsrv,P_cul,status,cost_opt,peak_opt
12237.56248625355,13.625,0.0,374.9999999999992,1.499999999999998,0.0,6.647236548752606,0,0.0,OPTIMAL,440470.5295505242,0.0
