cost,time,Pg,B,R,Pd,P0,P_rsrv,P_cul,status,cost_opt,peak_opt
-1985.818599178758,11.235,9.567048840600863,362.59899999999936,1.499999999999998,9.567048840600863,-0.6172889646188243,0,-1.6824649312630058e-15,OPTIMAL,441651.08491994627,0.0
