cost,time,Pg,B,R,Pd,P0,P_rsrv,P_cul,status,cost_opt,peak_opt
21638.809768835283,11.672,3.3044271994798224,362.59899999999936,-0.6202748876811361,3.3044271994798224,7.961298664030641,0,-4.955074978801877e-16,OPTIMAL,454155.1646556045,0.0
