cost,time,Pg,B,R,Pd,P0,P_rsrv,P_cul,status,cost_opt,peak_opt
12342.9576790954,9.203,5.087076614261859,275.86899999999935,-1.4996391230683075,5.087076614261859,7.089579367659621,0,-2.3662847939767695e-15,OPTIMAL,452909.9756282654,0.0
