cost,time,Pg,B,R,Pd,P0,P_rsrv,P_cul,status,cost_opt,peak_opt
14279.376134730077,12.937,0.0,350.0955297758283,-1.488536426900584,0.0,9.654750598194779,0,0.0,OPTIMAL,439927.211754274,0.0
