cost,time,Pg,B,R,Pd,P0,P_rsrv,P_cul,status,cost_opt,peak_opt
1037.1051048586407,10.172,0.0,225.38599999999954,-1.4999426961676778,0.0,9.877191474844198,0,0.0,OPTIMAL,434083.47086827917,0.0
