cost,time,Pg,B,R,Pd,P0,P_rsrv,P_cul,status,cost_opt,peak_opt
36798.69835390151,9.907,0.0,1.1319999999992518,0.1288928610716102,0.0,11.893567664480127,0,0.0,OPTIMAL,437477.83013055206,0.0
