cost,time,Pg,B,R,Pd,P0,P_rsrv,P_cul,status,cost_opt,peak_opt
17756.33519307793,17.563,8.290454860530456,43.855,-3.7373999999999987,8.290454860530456,6.542496386543084,0,1.7729416025569211e-16,OPTIMAL,486956.79764705646,0.0
