cost,time,Pg,B,R,Pd,P0,P_rsrv,P_cul,status,cost_opt,peak_opt
-3750.7206101701977,17.375,8.197420506556437,31.44200000000003,3.750000000000007,8.197420506556437,-1.1768812708409782,0,-8.211747254405211e-16,OPTIMAL,485667.76456514,0.0
