cost,time,Pg,B,R,Pd,P0,P_rsrv,P_cul,status,cost_opt,peak_opt
22554.01681230522,22.922,0.0,0.867000000000006,-3.749544214948237,0.0,11.802206599845746,0,0.0,OPTIMAL,478634.84654957923,0.0
