cost,time,Pg,B,R,Pd,P0,P_rsrv,P_cul,status,cost_opt,peak_opt
16210.95127809582,16.656,4.498410963813828,43.855,-3.7373999999999987,4.498410963813828,7.650283755590287,0,-1.049263757477159e-15,OPTIMAL,477608.88844909304,0.0
