cost,time,Pg,B,R,Pd,P0,P_rsrv,P_cul,status,cost_opt,peak_opt
26296.514336578748,16.782,0.0,12.710000000000006,1.5245619009275233,0.0,8.806602256054504,0,0.0,OPTIMAL,475847.67676247476,0.0
