cost,time,Pg,B,R,Pd,P0,P_rsrv,P_cul,status,cost_opt,peak_opt
129217.865949828,22.937,2.6767450550797642,43.85499999999999,3.750000000000007,2.6767450550797642,6.805596774099542,0,-1.1628678163629058e-15,OPTIMAL,556691.5818811746,0.0
