cost,time,Pg,B,R,Pd,P0,P_rsrv,P_cul,status,cost_opt,peak_opt
27692.497477703444,21.234,7.7699616553223105,0.10600000000000927,-3.749544214948237,7.7699616553223105,8.022160335371796,0,9.787093011026649e-16,OPTIMAL,505360.2141389688,0.0
