cost,time,Pg,B,R,Pd,P0,P_rsrv,P_cul,status,cost_opt,peak_opt
34335.90084164426,18.64,0.0,43.85499999999999,0.01260000000000044,0.0,11.682851596340338,0,0.0,OPTIMAL,484459.07030941074,0.0
