cost,time,Pg,B,R,Pd,P0,P_rsrv,P_cul,status,cost_opt,peak_opt
81366.9500813895,19.859,0.7806201166616986,31.53200000000008,-3.749505403027939,0.7806201166616986,16.189206144327397,0,-2.139696704322666e-15,OPTIMAL,564349.9822619597,0.0
