cost,time,Pg,B,R,Pd,P0,P_rsrv,P_cul,status,cost_opt,peak_opt
75153.26671711939,20.875,1.6729278500110256,75.00000000000016,3.7500000000000075,1.6729278500110256,7.683597455998302,0,1.4254090664961652e-15,OPTIMAL,584043.3066906866,0.0
