cost,time,Pg,B,R,Pd,P0,P_rsrv,P_cul,status,cost_opt,peak_opt
67836.12909930764,23.187,3.5503234429686383,0.1960000000000081,-3.749544214948237,3.5503234429686383,13.182302584397132,0,5.12719207368395e-16,OPTIMAL,541957.6458378981,0.0
