cost,time,Pg,B,R,Pd,P0,P_rsrv,P_cul,status,cost_opt,peak_opt
11125.482233317836,16.375,0.0,12.710000000000006,1.5245619009275235,0.0,5.728878595941213,0,0.0,OPTIMAL,482766.90120662085,0.0
