cost,time,Pg,B,R,Pd,P0,P_rsrv,P_cul,status,cost_opt,peak_opt
14542.131510493577,16.906,1.2082534015105382,31.34099999999993,-1.4890799999999988,1.2082534015105382,7.698322663045832,0,-6.189506914812404e-16,OPTIMAL,477087.8548260627,0.0
