cost,time,Pg,B,R,Pd,P0,P_rsrv,P_cul,status,cost_opt,peak_opt
18766.39165256924,18.297,1.375501835837262,43.855,-3.7373999999999987,1.375501835837262,9.95036672988825,0,-1.676813527438925e-15,OPTIMAL,476065.5073611473,0.0
