cost,time,Pg,B,R,Pd,P0,P_rsrv,P_cul,status,cost_opt,peak_opt
15165.286589413463,17.875,0.0,75.00000000000016,3.750000000000007,0.0,5.263896768279578,0,0.0,OPTIMAL,480410.5426106553,0.0
