cost,time,Pg,B,R,Pd,P0,P_rsrv,P_cul,status,cost_opt,peak_opt
14052.51450373034,20.078,7.900018616180455,75.00000000000016,0.0,7.900018616180455,4.142840360769557,0,-1.7681169028893606e-15,OPTIMAL,499489.27333187644,0.0
