cost,time,Pg,B,R,Pd,P0,P_rsrv,P_cul,status,cost_opt,peak_opt
24211.665775285557,17.063,0.0,75.00000000000016,0.0,0.0,8.888276716330969,0,0.0,OPTIMAL,480961.3815295503,0.0
