cost,time,Pg,B,R,Pd,P0,P_rsrv,P_cul,status,cost_opt,peak_opt
15507.04180102883,14.437,0.0,43.85499999999999,3.7500000000000075,0.0,5.399387813728701,0,0.0,OPTIMAL,474970.2413009735,0.0
