cost,time,Pg,B,R,Pd,P0,P_rsrv,P_cul,status,cost_opt,peak_opt
26619.292820842456,18.0,0.0,0.10600000000000852,0.012081900927523525,0.0,9.91407553848881,0,0.0,OPTIMAL,473549.73460786056,0.0
