cost,time,Pg,B,R,Pd,P0,P_rsrv,P_cul,status,cost_opt,peak_opt
3.845896961587915,22.953,4.795812854189812,75.00000000000016,3.750000000000007,4.795812854189812,0.0016779655155270135,0,-5.362463945113305e-16,OPTIMAL,476789.62073217455,0.0
