cost,time,Pg,B,R,Pd,P0,P_rsrv,P_cul,status,cost_opt,peak_opt
21080.797527504554,14.906,0.0,31.34099999999993,3.750000000000007,0.0,6.633353532883749,0,0.0,OPTIMAL,481120.29391992325,0.0
