cost,time,Pg,B,R,Pd,P0,P_rsrv,P_cul,status,cost_opt,peak_opt
49121.40188214434,21.156,0.0,12.710000000000006,-3.7248,0.0,15.398558583744308,0,0.0,OPTIMAL,487305.0582996669,0.0
