cost,time,Pg,B,R,Pd,P0,P_rsrv,P_cul,status,cost_opt,peak_opt
7132.726832423406,18.828,6.840547809635008,75.00000000000016,3.750000000000007,6.840547809635008,1.690620249448544,0,2.920888086520995e-15,OPTIMAL,521725.87221334915,0.0
