cost,time,Pg,B,R,Pd,P0,P_rsrv,P_cul,status,cost_opt,peak_opt
5003.904889674259,19.578,7.305266794377549,43.85499999999999,3.750000000000007,7.305266794377549,1.1416620784107367,0,1.6412110385999323e-15,OPTIMAL,506435.3823574005,0.0
