cost,time,Pg,B,R,Pd,P0,P_rsrv,P_cul,status,cost_opt,peak_opt
8815.63877274638,16.375,0.0,62.77700000000001,3.7500000000000075,0.0,4.3235109233675235,0,0.0,OPTIMAL,479216.13996014616,0.0
