cost,time,Pg,B,R,Pd,P0,P_rsrv,P_cul,status,cost_opt,peak_opt
7991.40854775513,22.125,0.0,75.00000000000016,3.750000000000007,0.0,3.7820201361832138,0,2.4340677585478476e-16,OPTIMAL,478721.25075153954,0.0
