cost,time,Pg,B,R,Pd,P0,P_rsrv,P_cul,status,cost_opt,peak_opt
21403.618068144355,14.094,0.0,12.710000000000006,0.7746530579378774,0.0,8.33474223837397,0,0.0,OPTIMAL,475655.3620757588,0.0
