cost,time,Pg,B,R,Pd,P0,P_rsrv,P_cul,status,cost_opt,peak_opt
7474.702742878624,18.516,0.0,43.85499999999999,3.750000000000007,0.0,3.7206086325926453,0,4.826088801593992e-16,OPTIMAL,479816.2856285557,0.0
