cost,time,Pg,B,R,Pd,P0,P_rsrv,P_cul,status,cost_opt,peak_opt
15640.768829162571,18.11,0.0,1.058000000000006,0.12632190092752324,0.0,7.808671407470079,0,0.0,OPTIMAL,480941.01728635625,0.0
