cost,time,Pg,B,R,Pd,P0,P_rsrv,P_cul,status,cost_opt,peak_opt
25321.048353992443,16.984,0.0,43.85499999999999,3.750000000000007,0.0,7.834482782794691,0,0.0,OPTIMAL,483821.7862238261,0.0
