cost,time,Pg,B,R,Pd,P0,P_rsrv,P_cul,status,cost_opt,peak_opt
4009.6242399210673,16.859,8.309050597264745,75.00000000000016,1.5000000000000033,8.309050597264745,1.2569354984078582,0,-7.470424018968247e-16,OPTIMAL,486660.19961826,0.0
