cost,time,Pg,B,R,Pd,P0,P_rsrv,P_cul,status,cost_opt,peak_opt
22072.418878502405,18.109,0.0,43.85499999999999,-3.7373999999999987,0.0,11.313387431318505,0,0.0,OPTIMAL,481786.4920550628,0.0
