cost,time,Pg,B,R,Pd,P0,P_rsrv,P_cul,status,cost_opt,peak_opt
56438.25235887189,18.469,0.0,0.10600000000000906,-3.7374623140207124,0.0,16.316349337632808,0,0.0,OPTIMAL,488232.2335060167,0.0
