cost,time,Pg,B,R,Pd,P0,P_rsrv,P_cul,status,cost_opt,peak_opt
67733.42326437843,21.875,2.788178444052334,62.866999999999955,-1.4559600000000024,2.788178444052334,11.544813919273636,0,2.4578863250246386e-16,OPTIMAL,544637.9540148878,0.0
