cost,time,Pg,B,R,Pd,P0,P_rsrv,P_cul,status,cost_opt,peak_opt
29102.4309089761,19.39,0.0,43.85499999999999,3.750000000000007,0.0,8.487148121602829,0,0.0,OPTIMAL,488048.4071921007,0.0
