cost,time,Pg,B,R,Pd,P0,P_rsrv,P_cul,status,cost_opt,peak_opt
11266.934877254433,17.297,1.5428282085875804,75.00000000000016,0.0,1.5428282085875804,5.970818694888411,0,1.495589134307973e-15,OPTIMAL,475975.6149540298,0.0
