cost,time,Pg,B,R,Pd,P0,P_rsrv,P_cul,status,cost_opt,peak_opt
6811.114306667453,17.593,0.0,75.00000000000016,3.750000000000007,0.0,3.6717597340525354,0,0.0,OPTIMAL,479122.66226129915,0.0
