cost,time,Pg,B,R,Pd,P0,P_rsrv,P_cul,status,cost_opt,peak_opt
50266.29473355888,22.031,0.0,12.710000000000006,-3.7248000000000028,0.0,14.90696759595459,0,0.0,OPTIMAL,486048.9357259143,0.0
