cost,time,Pg,B,R,Pd,P0,P_rsrv,P_cul,status,cost_opt,peak_opt
18173.791012039706,17.719,6.2642748169310005,43.855,-3.7373999999999987,6.2642748169310005,6.716109021448524,0,-2.0371345669373264e-15,OPTIMAL,479121.2884402677,0.0
