cost,time,Pg,B,R,Pd,P0,P_rsrv,P_cul,status,cost_opt,peak_opt
102755.20647685342,20.156,4.907314903202213,75.00000000000016,0.0,4.907314903202213,7.833145790276978,0,-3.4766297913463307e-16,OPTIMAL,545814.7437549117,0.0
