cost,time,Pg,B,R,Pd,P0,P_rsrv,P_cul,status,cost_opt,peak_opt
19559.58389486729,16.781,0.0,31.34099999999993,-3.749544214948237,0.0,11.505637585216054,0,0.0,OPTIMAL,480971.41792901227,0.0
