cost,time,Pg,B,R,Pd,P0,P_rsrv,P_cul,status,cost_opt,peak_opt
74509.92420337853,22.391,0.0,0.10600000000000906,0.012081900927523922,0.0,12.52899347627014,0,0.0,OPTIMAL,495185.1406700461,0.0
