cost,time,Pg,B,R,Pd,P0,P_rsrv,P_cul,status,cost_opt,peak_opt
26849.584645990042,23.39,0.0,68.83998811920296,-0.7392014256956445,0.0,9.962740128382205,0,0.0,OPTIMAL,482321.53347843594,0.0
