cost,time,Pg,B,R,Pd,P0,P_rsrv,P_cul,status,cost_opt,peak_opt
11772.805020589609,16.813,0.0,75.00000000000016,3.750000000000007,0.0,5.561079367307325,0,0.0,OPTIMAL,474422.06300593854,0.0
