cost,time,Pg,B,R,Pd,P0,P_rsrv,P_cul,status,cost_opt,peak_opt
7166.483911277163,17.093,0.0,75.00000000000016,3.750000000000007,0.0,3.690259480575264,0,-2.4386353837159164e-16,OPTIMAL,481733.5584571662,0.0
