cost,time,Pg,B,R,Pd,P0,P_rsrv,P_cul,status,cost_opt,peak_opt
9257.289138413333,20.438,0.0,62.966999999999935,3.750000000000007,0.0,4.515750799226016,0,0.0,OPTIMAL,478967.68514309556,0.0
