cost,time,Pg,B,R,Pd,P0,P_rsrv,P_cul,status,cost_opt,peak_opt
46740.673876290886,19.282,0.0,43.85499999999999,-3.7373999999999987,0.0,15.254789124115824,0,0.0,OPTIMAL,487161.18433849496,0.0
