cost,time,Pg,B,R,Pd,P0,P_rsrv,P_cul,status,cost_opt,peak_opt
21019.98019148795,22.672,8.27182015458437,12.710000000000006,-3.749544214948237,8.27182015458437,7.139938923739113,0,-5.218265056172733e-16,OPTIMAL,494869.10661917896,0.0
