cost,time,Pg,B,R,Pd,P0,P_rsrv,P_cul,status,cost_opt,peak_opt
18444.33110966607,17.266,0.0,43.855,3.750000000000007,0.0,6.627499500418997,0,0.0,OPTIMAL,477205.067658214,0.0
