cost,time,Pg,B,R,Pd,P0,P_rsrv,P_cul,status,cost_opt,peak_opt
27058.84947194144,21.14,0.0,75.00000000000016,3.750000000000007,0.0,7.5038406744152635,0,0.0,OPTIMAL,484054.420652083,0.0
