cost,time,Pg,B,R,Pd,P0,P_rsrv,P_cul,status,cost_opt,peak_opt
11272.032501192127,17.64,8.234665794650835,0.2970000000000075,-1.4648157850517745,8.234665794650835,3.892276416157502,0,2.440430670047622e-15,OPTIMAL,487339.57763440674,0.0
