cost,time,Pg,B,R,Pd,P0,P_rsrv,P_cul,status,cost_opt,peak_opt
14276.918023370337,15.078,0.0,75.00000000000016,3.750000000000007,0.0,5.353175111874892,0,0.0,OPTIMAL,474366.33709083527,0.0
