cost,time,Pg,B,R,Pd,P0,P_rsrv,P_cul,status,cost_opt,peak_opt
53142.914943394564,20.422,3.8849798998227794,31.44200000000003,0.02285768597929329,3.8849798998227794,8.93458556546647,0,1.47491475413139e-15,OPTIMAL,544164.9235635116,0.0
