cost,time,Pg,B,R,Pd,P0,P_rsrv,P_cul,status,cost_opt,peak_opt
45435.965559792945,23.016,0.0,43.85499999999999,-2.2373999999999987,0.0,13.462508314012723,0,0.0,OPTIMAL,483145.8587310762,0.0
