cost,time,Pg,B,R,Pd,P0,P_rsrv,P_cul,status,cost_opt,peak_opt
16390.548082870228,16.578,7.119413344932774,43.85499999999999,-3.7373999999999987,7.119413344932774,6.263105878055112,0,2.3973878437999474e-15,OPTIMAL,480541.4317928379,0.0
