cost,time,Pg,B,R,Pd,P0,P_rsrv,P_cul,status,cost_opt,peak_opt
36297.604493592284,19.86,0.0,62.60600000000007,0.012720000000001445,0.0,10.94290156574986,0,0.0,OPTIMAL,483884.1252856114,0.0
