cost,time,Pg,B,R,Pd,P0,P_rsrv,P_cul,status,cost_opt,peak_opt
11887.6541461556,16.719,0.0,43.855,0.012599999999999934,0.0,7.471812788281333,0,0.0,OPTIMAL,479537.73409928463,0.0
