cost,time,Pg,B,R,Pd,P0,P_rsrv,P_cul,status,cost_opt,peak_opt
24019.589469955063,21.672,0.0,62.60600000000007,3.750000000000007,0.0,7.163611532942159,0,0.0,OPTIMAL,480424.07587432605,0.0
