cost,time,Pg,B,R,Pd,P0,P_rsrv,P_cul,status,cost_opt,peak_opt
18837.159610960734,29.125,4.7213983607478625,75.00000000000016,3.750000000000007,4.7213983607478625,4.33636270970551,0,2.2486759633164044e-15,OPTIMAL,535083.9911298347,0.0
