cost,time,Pg,B,R,Pd,P0,P_rsrv,P_cul,status,cost_opt,peak_opt
16439.02847139996,14.657,0.0,62.96699999999994,-1.4439600000000015,0.0,10.829399520026323,0,0.0,OPTIMAL,473756.0613849135,0.0
