cost,time,Pg,B,R,Pd,P0,P_rsrv,P_cul,status,cost_opt,peak_opt
9646.722186038663,14.047,0.0,62.77700000000001,3.750000000000007,0.0,5.725057677174281,0,0.0,OPTIMAL,473816.8913713068,0.0
