cost,time,Pg,B,R,Pd,P0,P_rsrv,P_cul,status,cost_opt,peak_opt
42226.149397610265,19.953,0.0,12.710000000000006,0.024744214948230356,0.0,12.328802743827815,0,0.0,OPTIMAL,489711.15657922317,0.0
