cost,time,Pg,B,R,Pd,P0,P_rsrv,P_cul,status,cost_opt,peak_opt
18300.817547150844,19.171,2.5094279607132073,43.85499999999999,-3.7373999999999987,2.5094279607132073,9.082291586675359,0,8.445121772032715e-16,OPTIMAL,476549.1699209064,0.0
