cost,time,Pg,B,R,Pd,P0,P_rsrv,P_cul,status,cost_opt,peak_opt
19100.2914500684,16.5,0.0,12.901000000000014,-2.202062314020707,0.0,9.745046658198163,0,1.3887410102095266e-15,OPTIMAL,478003.0921337133,0.0
