cost,time,Pg,B,R,Pd,P0,P_rsrv,P_cul,status,cost_opt,peak_opt
8875.722219873065,16.906,0.0,63.15700000000008,3.750000000000007,0.0,4.376588865815121,0,0.0,OPTIMAL,478535.6838864942,0.0
