cost,time,Pg,B,R,Pd,P0,P_rsrv,P_cul,status,cost_opt,peak_opt
19782.652161171136,19.657,0.0,43.85499999999999,-2.2373999999999987,0.0,9.603229204452008,0,-2.1661851186492026e-16,OPTIMAL,480325.9368115344,0.0
