cost,time,Pg,B,R,Pd,P0,P_rsrv,P_cul,status,cost_opt,peak_opt
27664.44561153533,23.875,1.5242436059138036,43.85499999999999,3.750000000000007,1.5242436059138036,7.2080368972212945,0,1.4170522394385543e-16,OPTIMAL,514085.6143256498,0.0
