cost,time,Pg,B,R,Pd,P0,P_rsrv,P_cul,status,cost_opt,peak_opt
-1495.9918024926885,18.859,8.290460427560713,43.85499999999999,3.750000000000007,8.290460427560713,-0.44457408692204714,0,-2.9327668765732895e-16,OPTIMAL,493503.23923145817,0.0
