cost,time,Pg,B,R,Pd,P0,P_rsrv,P_cul,status,cost_opt,peak_opt
7993.767091386336,17.812,0.0,75.00000000000016,3.750000000000007,0.0,3.75294229642551,0,-3.0641247460334864e-15,OPTIMAL,479017.31932919996,0.0
