cost,time,Pg,B,R,Pd,P0,P_rsrv,P_cul,status,cost_opt,peak_opt
12164.967217529253,19.953,8.17885631632694,75.00000000000016,0.0,8.17885631632694,3.657536746100196,0,-1.312209889359206e-15,OPTIMAL,500252.65091559,0.0
