cost,time,Pg,B,R,Pd,P0,P_rsrv,P_cul,status,cost_opt,peak_opt
7150.8523065586005,20.407,0.0,75.00000000000016,3.750000000000007,0.0,3.6539868710059276,0,0.0,OPTIMAL,480364.1461273259,0.0
