cost,time,Pg,B,R,P0,P_rsrv,B_rsrv,P_cul,status
96.24068591790122,1.862367868423462,0,2.927999999999999,0.009950703398400542,0.23144052725747788,0,0,0,SLOW_PROGRESS
