cost,time,Pg,B,R,Pd,P0,P_rsrv,P_cul,status,cost_opt,peak_opt
-1386.3934012671132,6.547,10.8980750773828,0.0,0.0,10.8980750773828,-0.48239158012077704,0,-1.421296890943835e-14,OPTIMAL,485554.1322623745,0.0
