cost,time,Pg,B,R,Pd,P0,P_rsrv,P_cul,status,cost_opt,peak_opt
11056.987993252007,5.781,6.9718556169803945,0.0,0.0,6.9718556169803945,3.4370494228324544,0,-1.631876057894832e-14,OPTIMAL,480951.3291849651,0.0
