cost,time,Pg,B,R,Pd,P0,P_rsrv,P_cul,status,cost_opt,peak_opt
5186.337646353558,6.734,7.7493345986350235,0.0,0.0,7.7493345986350235,2.960238382621894,0,6.28728839824344e-16,OPTIMAL,491574.25085180096,0.0
