cost,time,Pg,B,R,Pd,P0,P_rsrv,P_cul,status,cost_opt,peak_opt
19303.068056340726,7.359,0.0,0.0,0.0,0.0,9.384087533466566,0,0.0,OPTIMAL,448649.5707829883,0.0
