cost,time,Pg,B,R,Pd,P0,P_rsrv,P_cul,status,cost_opt,peak_opt
20773.216814385298,8.062,2.9973907852703254,0.0,0.0,2.9973907852703254,7.442929707769723,0,4.805197580982912e-15,OPTIMAL,475882.888136891,0.0
