cost,time,Pg,B,R,Pd,P0,P_rsrv,P_cul,status,cost_opt,peak_opt
18314.957999734797,6.484,3.764131020851755,0.0,0.0,3.764131020851755,6.698960497342647,0,-7.068496721100714e-15,OPTIMAL,486244.13021092495,0.0
