cost,time,Pg,B,R,Pd,P0,P_rsrv,P_cul,status,cost_opt,peak_opt
19867.372255822127,7.453,4.556224563722634,0.0,0.0,4.556224563722634,6.5245885897609615,0,-1.7244371078653509e-15,OPTIMAL,472366.54173390457,0.0
