cost,time,Pg,B,R,Pd,P0,P_rsrv,P_cul,status,cost_opt,peak_opt
5405.1186843841315,6.734,8.821066298604379,0.0,0.0,8.821066298604379,1.7803421226561698,0,-1.9037939627541967e-14,OPTIMAL,465664.5877864146,0.0
