cost,time,Pg,B,R,Pd,P0,P_rsrv,P_cul,status,cost_opt,peak_opt
30576.26568053273,6.547,0.0,0.0,0.0,0.0,10.653751108199558,0,0.0,OPTIMAL,455485.62380376377,0.0
