cost,time,Pg,B,R,Pd,P0,P_rsrv,P_cul,status,cost_opt,peak_opt
16471.83120913424,6.937,0.26669292834451863,0.0,0.0,0.26669292834451863,8.539051948747662,0,1.42535824451933e-15,OPTIMAL,488997.6311337972,0.0
