cost,time,Pg,B,R,Pd,P0,P_rsrv,P_cul,status,cost_opt,peak_opt
14366.576171127901,6.515,0.0,0.0,0.0,0.0,8.12589149950673,0,0.0,OPTIMAL,490825.7594247039,0.0
