cost,time,Pg,B,R,Pd,P0,P_rsrv,P_cul,status,cost_opt,peak_opt
36324.34005597577,8.203,1.3889284182959676,0.0,0.0,1.3889284182959676,10.820476632700558,0,4.498551325286121e-15,OPTIMAL,462624.2222232553,0.0
