cost,time,Pg,B,R,Pd,P0,P_rsrv,P_cul,status,cost_opt,peak_opt
11926.344198242405,6.687,4.901862307060629,0.0,0.0,4.901862307060629,5.70911641849804,0,-3.81954938597634e-15,OPTIMAL,488765.68396505853,0.0
