cost,time,Pg,B,R,Pd,P0,P_rsrv,P_cul,status,cost_opt,peak_opt
18649.872164368277,7.25,4.531008208754452,0.0,0.0,4.531008208754452,5.7846998028437575,0,-9.93856960705003e-15,OPTIMAL,470240.28056665877,0.0
