cost,time,Pg,B,R,Pd,P0,P_rsrv,P_cul,status,cost_opt,peak_opt
10085.747967319301,6.329,6.668074411734366,0.0,0.0,6.668074411734366,4.0717593731608,0,1.307714516101538e-14,OPTIMAL,489458.66125214344,0.0
