cost,time,Pg,B,R,Pd,P0,P_rsrv,P_cul,status,cost_opt,peak_opt
-1777.9203757772293,7.312,11.448140571782991,0.0,0.0,11.448140571782991,-0.7154609158057261,0,-2.586364282464171e-15,OPTIMAL,489580.3148045141,0.0
