cost,time,Pg,B,R,Pd,P0,P_rsrv,P_cul,status,cost_opt,peak_opt
18618.305896739996,7.782,0.0,0.0,0.0,0.0,9.038012571233006,0,0.0,OPTIMAL,448195.79605427635,0.0
