cost,time,Pg,B,R,Pd,P0,P_rsrv,P_cul,status,cost_opt,peak_opt
11964.367742838158,7.703,0.0,0.0,0.0,0.0,8.078573762888695,0,0.0,OPTIMAL,489876.05080330244,0.0
