cost,time,Pg,B,R,Pd,P0,P_rsrv,P_cul,status,cost_opt,peak_opt
21013.272479381776,7.891,4.384049408029378,0.0,0.0,4.384049408029378,6.824706878655984,0,3.97526792299957e-15,OPTIMAL,464433.63438560977,0.0
