cost,time,Pg,B,R,Pd,P0,P_rsrv,P_cul,status,cost_opt,peak_opt
5348.631828283181,9.109,7.817047914750988,0.0,0.0,7.817047914750988,2.9714621268239894,0,-1.1198751344657087e-14,OPTIMAL,486316.5979557651,0.0
