cost,time,Pg,B,R,Pd,P0,P_rsrv,P_cul,status,cost_opt,peak_opt
385.39246839398214,6.625,10.352810544185164,0.0,0.0,10.352810544185164,0.1160121819367797,0,3.3390716407122323e-15,OPTIMAL,470187.82582305145,0.0
