cost,time,Pg,B,R,Pd,P0,P_rsrv,P_cul,status,cost_opt,peak_opt
-6111.750650442167,6.656,12.407015313797796,0.0,0.0,12.407015313797796,-2.126565988323649,0,9.365826256907406e-15,OPTIMAL,484424.71351480565,0.0
