cost,time,Pg,B,R,Pd,P0,P_rsrv,P_cul,status,cost_opt,peak_opt
40189.078612214435,6.11,0.5612257649197546,0.0,0.0,0.5612257649197546,11.964596192978394,0,2.9336274620477e-15,OPTIMAL,465619.02704865206,0.0
