cost,time,Pg,B,R,Pd,P0,P_rsrv,P_cul,status,cost_opt,peak_opt
29360.064179334062,6.187,0.0,0.0,0.0,0.0,10.731017609405725,0,0.0,OPTIMAL,455578.7045410228,0.0
