cost,time,Pg,B,R,Pd,P0,P_rsrv,P_cul,status,cost_opt,peak_opt
8344.559758420522,7.609,6.002168393523354,0.0,0.0,6.002168393523354,4.765596663860949,0,7.54653501147673e-15,OPTIMAL,489151.32406398153,0.0
