cost,time,Pg,B,R,Pd,P0,P_rsrv,P_cul,status,cost_opt,peak_opt
11224.069483654399,6.672,6.687045728471642,0.0,0.0,6.687045728471642,3.7689957970632633,0,-5.870006087108082e-15,OPTIMAL,486292.70581362,0.0
