cost,time,Pg,B,R,Pd,P0,P_rsrv,P_cul,status,cost_opt,peak_opt
18164.16275257154,6.703,5.761250466064194,0.0,0.0,5.761250466064194,5.717394634111282,0,-3.6966008596164834e-15,OPTIMAL,466097.52053325594,0.0
