cost,time,Pg,B,R,Pd,P0,P_rsrv,P_cul,status,cost_opt,peak_opt
10941.120445681134,6.875,6.39090051894292,0.0,0.0,6.39090051894292,4.357276163154573,0,1.6315535077485177e-14,OPTIMAL,488968.84120027814,0.0
