cost,time,Pg,B,R,Pd,P0,P_rsrv,P_cul,status,cost_opt,peak_opt
47323.026417217516,7.219,0.1471817378121918,0.0,0.0,0.1471817378121918,12.559189601172378,0,-1.8849341389088692e-14,OPTIMAL,472633.76112411235,0.0
