cost,time,Pg,B,R,Pd,P0,P_rsrv,P_cul,status,cost_opt,peak_opt
13374.402168301727,6.828,0.0,0.0,0.0,0.0,8.33296085252444,0,0.0,OPTIMAL,489588.80223399727,0.0
