cost,time,Pg,B,R,Pd,P0,P_rsrv,P_cul,status,cost_opt,peak_opt
12556.022207144311,6.156,0.0,0.0,0.0,0.0,8.023017384756749,0,0.0,OPTIMAL,490232.60953913233,0.0
