cost,time,Pg,B,R,Pd,P0,P_rsrv,P_cul,status,cost_opt,peak_opt
12301.42382475713,6.375,0.0,0.0,0.0,0.0,8.30616058390083,0,0.0,OPTIMAL,488460.0341142905,0.0
