cost,time,Pg,B,R,Pd_net,P0,P_rsrv,P_cul,status
6953.103129143993,18.297,0.0,31.46099999999988,3.749788741202693,4.213238450362833,4.26832604612891,0,0.0,OPTIMAL
