cost,time,Pg,B,R,Pd_net,P0,P_rsrv,P_cul,status
7006.227717286953,14.485,0.0,43.85599999999987,3.749323201404055,4.420377361587192,4.4768228225475735,0,0.0,OPTIMAL
