cost,time,Pg,B,R,Pd_net,P0,P_rsrv,P_cul,status
6756.480667016323,18.281,0.0,74.99999999999989,3.7500004112815146,4.505267506674196,4.562107135054911,0,0.0,OPTIMAL
