cost,time,Pg,B,R,Pd_net,P0,P_rsrv,P_cul,status
16207.775709938678,16.344,0.0,23.05899999999982,-2.482920482523799,10.401694035932255,10.483684159080646,0,0.0,OPTIMAL
