cost,time,Pg,B,R,Pd_net,P0,P_rsrv,P_cul,status
8469.40048118066,14.704,0.0,31.342000000000013,3.7499993738753745,4.820388360360015,4.8786869131225,0,0.0,OPTIMAL
