cost,time,Pg,B,R,Pd_net,P0,P_rsrv,P_cul,status
7806.908426420821,15.937,0.0,74.99999999999989,3.7499988933693107,4.394509694816306,4.450917004800925,0,0.0,OPTIMAL
