cost,time,Pg,B,R,Pd_net,P0,P_rsrv,P_cul,status
31876.154066260926,14.609,0.0,12.711999999999835,1.524807911317326,10.296323501004363,10.376352235110978,0,0.0,OPTIMAL
