cost,time,Pg,B,R,Pd_net,P0,P_rsrv,P_cul,status
19518.075937743866,16.828,0.0,0.778,-3.730458826104642,12.368802633902215,12.479588195488404,0,0.0,OPTIMAL
