cost,time,Pg,B,R,Pd_net,P0,P_rsrv,P_cul,status
7535.134099109397,16.984,0.0,62.609000000000044,3.750000247003279,4.696439250294971,4.7540278227819535,0,0.0,OPTIMAL
