cost,time,Pg,B,R,Pd_net,P0,P_rsrv,P_cul,status
48617.18020987132,15.797,0.0,43.92499999999977,-3.728998959133512,16.06710216471518,16.22736322091833,0,0.0,OPTIMAL
