cost,time,Pg,B,R,Pd_net,P0,P_rsrv,P_cul,status
25368.207874490854,15.875,0.0,74.99999999999983,3.749951052562318,8.112313326055014,8.191219849690299,0,0.0,OPTIMAL
