cost,time,Pg,B,R,Pd_net,P0,P_rsrv,P_cul,status
44201.45850539339,13.75,0.0,31.550999999999785,-3.749407899031105,15.267650786336645,15.417320720402298,0,0.0,OPTIMAL
