cost,time,Pg,B,R,P0,P_rsrv,status
65.0839520361947,0.8489120006561279,0,3,35319989693388676e-23,0.2470170506419853,2.999,OPTIMAL
