cost,time,Pg,B,R,P0,P_rsrv,status
73.83050699358648,1.2354919910430908,0,2.69270646337458,0.009791825255234242,0.22271646151911462,0,OPTIMAL
