cost,time,Pg,B,R,P0,P_rsrv,status
82.64350855027045,0.9664349555969238,0,2.611109169360254,0.009791807846921475,0.23714062711698838,0,OPTIMAL
