cost,time,Pg,B,R,P0,P_rsrv,status
73.8305510171574,2.8423588275909424,0,2.6927065042492444,0.009791689263682178,0.2227165943202335,0,SLOW_PROGRESS
