cost,time,Pg,B,R,Pd,P0,P_rsrv,P_cul,status
1506.1225333138043,4.797,0.0,0.0,0.0,8.390655071375734,8.390654781692504,0,0.0,OPTIMAL
