cost,time,Pg,B,R,Pd,P0,P_rsrv,P_cul,status
998.7092852613848,7.578,0.0,0.0,0.0,8.103117936956911,8.103117933155254,0,0.0,OPTIMAL
