cost,time,Pg,B,R,Pd,P0,P_rsrv,P_cul,status
3827.600244214792,6.578,0.0,0.0,0.0,12.0491089851769,12.049108848525055,0,0.0,OPTIMAL
