cost,time,Pg,B,R,Pd,P0,P_rsrv,P_cul,status
2777.6909979506295,6.875,0.0,0.0,0.0,11.10706169450633,11.10706163792321,0,0.0,OPTIMAL
