cost,time,Pg,B,R,Pd,P0,P_rsrv,P_cul,status
2834.423268195274,7.859,0.0,0.0,0.0,11.288775008450552,11.288775047574939,0,0.0,OPTIMAL
