cost,time,Pg,B,R,Pd,P0,P_rsrv,P_cul,status
1092.4875618661617,7.266,0.0,0.0,0.0,8.29212698173365,8.292125706764036,0,0.0,OPTIMAL
