cost,time,Pg,B,R,Pd,P0,P_rsrv,P_cul,status
1214.7513710267115,6.204,0.0,0.0,0.0,7.956886659029542,7.956886709781953,0,0.0,OPTIMAL
