cost,time,Pg,B,R,Pd,P0,P_rsrv,P_cul,status
2531.0176734631173,5.687,0.0,0.0,0.0,10.582652157537812,10.582652293225578,0,0.0,OPTIMAL
