cost,time,Pg,B,R,Pd,P0,P_rsrv,P_cul,status
1682.360422608118,5.297,0.0,0.0,0.0,9.771696544153132,9.771696549514722,0,0.0,OPTIMAL
