cost,time,Pg,B,R,Pd,P0,P_rsrv,P_cul,status
887.8548210953229,6.375,0.0,0.0,0.0,8.071407470146147,8.071407464502936,0,0.0,OPTIMAL
