cost,time,Pg,B,R,Pd,P0,P_rsrv,P_cul,status
1342.4827336034684,5.063,0.0,0.0,0.0,8.591889496461025,8.5918894950622,0,0.0,OPTIMAL
