cost,time,Pg,B,R,Pd,P0,P_rsrv,P_cul,status
1021.078349605232,8.531,0.0,0.0,0.0,7.925575801937449,7.925575805473987,0,0.0,OPTIMAL
