cost,time,Pg,B,R,Pd,P0,P_rsrv,P_cul,status
2706.0833482696644,5.969,0.0,0.0,0.0,10.809920095805372,10.809920166190405,0,0.0,OPTIMAL
