cost,time,Pg,B,R,Pd,P0,P_rsrv,P_cul,status
1647.3490078485015,7.109,0.0,0.0,0.0,9.61487746938253,9.614877477714991,0,0.0,OPTIMAL
