cost,time,Pg,B,R,Pd,P0,P_rsrv,P_cul,status
1259.3272125427336,7.484,0.0,0.0,0.0,8.630454908173636,8.630454911772016,0,0.0,OPTIMAL
