cost,time,Pg,B,R,Pd,P0,P_rsrv,P_cul,status
3449.853318236199,6.172,0.0,0.0,0.0,12.219079874388079,12.219079049242735,0,0.0,OPTIMAL
