cost,time,Pg,B,R,Pd,P0,P_rsrv,P_cul,status
2967.827637213715,7.282,0.0,0.0,0.0,11.991222126039828,11.991222776621072,0,0.0,OPTIMAL
