cost,time,Pg,B,R,Pd,P0,P_rsrv,P_cul,status,cost_opt,peak_opt
13117.817802472735,222.625,0.0,163.30347041206824,-0.11406038410691348,0.0,8.271007441659984,0,0.0,OPTIMAL,483774.21933392296,1.823973995572412
