cost,time,Pg,B,R,Pd,P0,P_rsrv,P_cul,status,cost_opt,peak_opt
9916.715886475484,144.375,6.668074411734366,181.8169999999995,0.06803999999999683,6.668074411734366,4.003518726877466,0,1.1603809276297672e-15,OPTIMAL,482132.3838493794,1.8083019079841451
