cost,time,Pg,B,R,Pd,P0,P_rsrv,P_cul,status,cost_opt,peak_opt
12538.18307725706,243.907,0.0,137.2342120200012,-0.30013157004748214,0.0,8.471745322470985,0,0.0,OPTIMAL,483830.82404869515,1.8240666513970838
