cost,time,Pg,B,R,Pd,P0,P_rsrv,P_cul,status,cost_opt,peak_opt
19205.2101041957,207.031,0.0,4.36699999999958,-0.024138241300878806,0.0,9.27339937430985,0,0.0,OPTIMAL,445623.2821074608,1.7493247130901697
