cost,time,Pg,B,R,Pd,P0,P_rsrv,P_cul,status,cost_opt,peak_opt
24393.94732403277,187.344,4.292367488573433,176.32399999999956,-0.5314585780674446,4.292367488573433,7.2385600368049765,0,-2.0698910250735447e-15,OPTIMAL,456792.9569825989,1.8161314425269857
