cost,time,Pg,B,R,Pd,P0,P_rsrv,P_cul,status,cost_opt,peak_opt
14482.64536277361,204.578,2.8459772857710153,183.54999999999993,0.680372637142192,2.8459772857710153,6.547308030186984,0,-1.3226927691144252e-15,OPTIMAL,479961.84557688306,1.8185187036309831
