cost,time,Pg,B,R,Pd,P0,P_rsrv,P_cul,status,cost_opt,peak_opt
13249.2929080692,233.25,0.0,132.04044866593537,-0.30996189145804437,0.0,8.46600185819118,0,0.0,OPTIMAL,484379.2603047965,1.823602943175379
