cost,time,Pg,B,R,Pd,P0,P_rsrv,P_cul,status,cost_opt,peak_opt
11051.527323696015,146.219,4.474949711427993,187.3349999999996,-0.019800000000000872,4.474949711427993,6.293580480464701,0,1.8323016715005025e-17,OPTIMAL,483649.1089457255,1.8122868171370425
