cost,time,Pg,B,R,Pd,P0,P_rsrv,P_cul,status,cost_opt,peak_opt
21773.881941272928,248.672,3.9505372191161534,182.47299999999967,0.749999999999999,3.9505372191161534,6.2282270999064435,0,2.411699312476756e-15,OPTIMAL,457057.58568751183,1.8201289589703509
