cost,time,Pg,B,R,Pd,P0,P_rsrv,P_cul,status,cost_opt,peak_opt
44812.672594352145,209.531,0.0,88.98599999999956,0.3753660122418464,0.0,11.755685360533093,0,0.0,OPTIMAL,458995.78481603134,1.8904412329688611
