cost,time,Pg,B,R,Pd,P0,P_rsrv,P_cul,status,cost_opt,peak_opt
10941.120445680875,173.641,6.39090051894292,187.4999999999996,0.0,6.39090051894292,4.35727616315447,0,-2.408555126176548e-15,OPTIMAL,481718.86280133994,1.8083964844805576
