cost,time,Pg,B,R,Pd,P0,P_rsrv,P_cul,status,cost_opt,peak_opt
16870.357637826502,212.203,3.641121495312326,173.18199999999982,0.749999999999999,3.641121495312326,6.225224220600186,0,-1.2364309337660473e-15,OPTIMAL,485169.9306428663,1.8183095990747389
