cost,time,Pg,B,R,Pd,P0,P_rsrv,P_cul,status,cost_opt,peak_opt
13274.906896400293,178.156,0.0,176.29371234210916,-0.20986178628605615,0.0,8.67074258419353,0,0.0,OPTIMAL,484281.7482735417,1.8271916534812795
