cost,time,Pg,B,R,Pd,P0,P_rsrv,P_cul,status,cost_opt,peak_opt
16465.782020564,178.829,0.0,9.01099999999957,-0.13411023247894807,0.0,8.781750410967465,0,0.0,OPTIMAL,442086.70791400503,1.7417778125191423
