cost,time,Pg,B,R,Pd,P0,P_rsrv,P_cul,status,cost_opt,peak_opt
89.56347689049632,185.984,11.448140571782991,175.47999999999965,-0.7496084653695413,11.448140571782991,0.03604164059979731,0,1.0430567000396795e-15,OPTIMAL,482613.6726955173,1.8335775579497962
