cost,time,Pg,B,R,Pd,P0,P_rsrv,P_cul,status,cost_opt,peak_opt
13465.727997517703,187.734,0.0,164.45547041206837,-0.08656575473593109,0.0,8.261182820563008,0,0.0,OPTIMAL,484016.8949541582,1.8243224877844633
