cost,time,Pg,B,R,Pd,P0,P_rsrv,P_cul,status,cost_opt,peak_opt
37795.44276673978,203.922,1.0168119533320823,177.13199999999952,0.26197574838617343,1.0168119533320823,11.272127279075388,0,-1.546197658840523e-15,OPTIMAL,451960.5749687636,1.9001780116895224
