cost,time,Pg,B,R,Pd,P0,P_rsrv,P_cul,status,cost_opt,peak_opt
19773.296424477543,186.125,0.0,5.461999999999578,0.05917335316569767,0.0,9.61736207416223,0,0.0,OPTIMAL,446295.1852956484,1.750969961482157
