cost,time,Pg,B,R,Pd,P0,P_rsrv,P_cul,status,cost_opt,peak_opt
21013.272479381376,264.156,4.384049408029378,187.4999999999996,0.0,4.384049408029378,6.824706878655855,0,-3.499533562240087e-16,OPTIMAL,454720.25348099275,1.8250766503645415
