cost,time,Pg,B,R,Pd,P0,P_rsrv,P_cul,status,cost_opt,peak_opt
-4243.22999851048,187.703,11.09549460696021,169.24299999999954,0.749999999999999,11.09549460696021,-1.4262957978186486,0,-6.715277205832093e-16,OPTIMAL,478324.444634818,1.8381992605082984
