cost,time,Pg,B,R,Pd,P0,P_rsrv,P_cul,status,cost_opt,peak_opt
19846.751463118555,164.125,3.708741924107155,174.53699999999944,-0.5457368844341418,3.708741924107155,7.253929628332806,0,-9.618770623748274e-16,OPTIMAL,477472.6214655414,1.8168595860236185
