cost,time,Pg,B,R,Pd,P0,P_rsrv,P_cul,status,cost_opt,peak_opt
40273.12769684869,165.516,0.0,102.40299999999954,0.4154287715900835,0.0,11.886991646059236,0,0.0,OPTIMAL,458004.5759953491,1.8994039084074676
