cost,time,Pg,B,R,Pd,P0,P_rsrv,P_cul,status,cost_opt,peak_opt
13189.267091477532,189.203,1.4219678240155889,184.95568639323218,0.09230475344669939,1.4219678240155889,7.846083933062186,0,9.429170768834871e-17,OPTIMAL,479724.183815581,1.8242644400861965
