cost,time,Pg,B,R,Pd,P0,P_rsrv,P_cul,status,cost_opt,peak_opt
773.17349058911,153.625,10.8980750773828,162.90399999999943,-0.7498308389382692,10.8980750773828,0.2690234831555706,0,2.3343956975785396e-15,OPTIMAL,477597.5149794768,1.834893349673402
