cost,time,Pg,B,R,Pd,P0,P_rsrv,P_cul,status,cost_opt,peak_opt
8988.761791412702,197.563,6.687045728471642,163.09399999999985,0.749999999999999,6.687045728471642,3.018388781535494,0,-6.497081518619385e-17,OPTIMAL,478269.4412064019,1.806983205055089
