cost,time,Pg,B,R,Pd,P0,P_rsrv,P_cul,status,cost_opt,peak_opt
10788.030789621636,20.672,7.076536021871538,12.710000000000006,0.024744214948229877,7.076536021871538,4.388946619048673,0,-1.5016200088924236e-15,OPTIMAL,518670.09416611044,0.0
