cost,time,Pg,B,R,Pd,P0,P_rsrv,P_cul,status,cost_opt,peak_opt
10153.192545797074,16.86,7.2757192743338885,0.19600000000000967,0.02288190092752376,7.2757192743338885,4.516544726778058,0,-1.759714336052598e-15,OPTIMAL,526881.1086613525,0.0
