cost,time,Pg,B,R,Pd,P0,P_rsrv,P_cul,status,cost_opt,peak_opt
5432.213700901764,18.422,7.890928518210355,31.340999999999934,0.010737685979293782,7.890928518210355,2.4591279768681593,0,1.797336151437845e-16,OPTIMAL,506084.0210522024,0.0
