cost,time,Pg,B,R,Pd,P0,P_rsrv,P_cul,status,cost_opt,peak_opt
5452.755235145202,22.719,7.293707595132814,44.046000000000014,0.03551999999999998,7.293707595132814,2.4695449434534433,0,6.898236322439022e-16,OPTIMAL,495235.40319590643,0.0
