cost,time,Pg,B,R,Pd,P0,P_rsrv,P_cul,status,cost_opt,peak_opt
14149.021995114497,17.313,3.221512038571002,31.340999999999934,-3.7390799999999977,3.221512038571002,8.235752034408904,0,7.475573979287553e-16,OPTIMAL,463597.17564877815,0.0
