cost,time,Pg,B,R,Pd,P0,P_rsrv,P_cul,status,cost_opt,peak_opt
18890.784449468876,24.016,0.0,31.634545969720698,-3.7493854030279388,0.0,11.271351103501715,0,0.0,OPTIMAL,464450.57008137496,0.0
