cost,time,Pg,B,R,Pd,P0,P_rsrv,P_cul,status,cost_opt,peak_opt
14261.930892755432,19.735,3.5110289667046914,75.00000000000016,3.750000000000007,3.5110289667046914,5.3495614751520755,0,-6.292709409105868e-16,OPTIMAL,534272.7576215247,0.0
