cost,time,Pg,B,R,Pd,P0,P_rsrv,P_cul,status,cost_opt,peak_opt
42036.54681867332,17.625,1.9908026589288899,31.44200000000003,-3.749505403027939,1.9908026589288899,14.601093024895214,0,2.257581667723836e-15,OPTIMAL,543177.9659600001,0.0
