cost,time,Pg,B,R,Pd,P0,P_rsrv,P_cul,status,cost_opt,peak_opt
9327.568751462322,22.047,0.0,62.5865459697207,3.750000000000007,0.0,4.310336761304216,0,0.0,OPTIMAL,464349.11352671334,0.0
