cost,time,Pg,B,R,Pd,P0,P_rsrv,P_cul,status,cost_opt,peak_opt
17199.3315049759,19.828,1.3030728023337317,31.44200000000003,-3.749505403027939,1.3030728023337317,9.862002009733887,0,1.4799224129155575e-15,OPTIMAL,460044.53893459693,0.0
