cost,time,Pg,B,R,Pd,P0,P_rsrv,P_cul,status,cost_opt,peak_opt
-1653.3272140964648,15.125,5.73724988950839,75.00000000000016,3.750000000000007,5.73724988950839,-0.8841322000515854,0,-1.4336405326775825e-15,OPTIMAL,475245.1312165317,0.0
