cost,time,Pg,B,R,Pd,P0,P_rsrv,P_cul,status,cost_opt,peak_opt
7014.102993902472,16.594,0.0,31.350545969720702,3.750000000000007,0.0,3.7131302244057554,0,0.0,OPTIMAL,465113.1432694981,0.0
