cost,time,Pg,B,R,Pd,P0,P_rsrv,P_cul,status,cost_opt,peak_opt
15117.953277228855,19.75,1.1040214449515684,0.10600000000000936,-3.749544214948237,1.1040214449515684,10.011889587568778,0,2.213967941269712e-15,OPTIMAL,460917.28975027165,0.0
