cost,time,Pg,B,R,Pd,P0,P_rsrv,P_cul,status,cost_opt,peak_opt
34607.15190193368,13.75,0.0,12.608999999999973,-3.7369200000000027,0.0,13.356677692757113,0,0.0,OPTIMAL,555066.4723883799,0.0
