cost,time,Pg,B,R,Pd,P0,P_rsrv,P_cul,status,cost_opt,peak_opt
19934.67103196482,19.531,0.7057850283251361,31.44200000000003,-3.749505403027939,0.7057850283251361,10.404316822528612,0,2.009856717903949e-15,OPTIMAL,462528.3770067264,0.0
