cost,time,Pg,B,R,Pd,P0,P_rsrv,P_cul,status,cost_opt,peak_opt
15952.390084209748,21.032,0.0,0.29654596972068636,0.03494741729400503,0.0,7.992179400906687,0,0.0,OPTIMAL,467261.1566069152,0.0
