cost,time,Pg,B,R,Pd,P0,P_rsrv,P_cul,status,cost_opt,peak_opt
2694.8015740114647,20.469,7.094623715676082,62.60600000000007,3.750000000000007,7.094623715676082,0.8620606442774998,0,-4.1037052228576343e-16,OPTIMAL,521677.9721357063,0.0
