cost,time,Pg,B,R,Pd,P0,P_rsrv,P_cul,status,cost_opt,peak_opt
34930.74198100256,19.687,3.3481764850965816,43.85499999999999,-3.7373999999999987,3.3481764850965816,13.053341547459851,0,2.8838625823306152e-15,OPTIMAL,535262.2829861376,0.0
