cost,time,Pg,B,R,Pd,P0,P_rsrv,P_cul,status,cost_opt,peak_opt
29385.90418636388,17.687,0.0,0.48854596972068626,-3.691556797654228,0.0,12.462215515845582,0,0.0,OPTIMAL,471239.6229022334,0.0
