cost,time,Pg,B,R,Pd,P0,P_rsrv,P_cul,status,cost_opt,peak_opt
18365.30199328125,21.953,0.0,12.710000000000004,-3.7248000000000028,0.0,10.96435939897388,0,1.792524580780967e-15,OPTIMAL,465074.81722466653,0.0
