cost,time,Pg,B,R,Pd,P0,P_rsrv,P_cul,status,cost_opt,peak_opt
13234.334574075288,17.516,0.0,37.69498811920294,3.750000000000007,0.0,5.169661942998159,0,0.0,OPTIMAL,472421.32986447547,0.0
