cost,time,Pg,B,R,Pd,P0,P_rsrv,P_cul,status,cost_opt,peak_opt
7927.029680651246,21.313,5.845880845687035,31.340999999999934,3.750000000000007,5.845880845687035,2.63794664913519,0,2.807948101465896e-16,OPTIMAL,532112.5145237206,0.0
