cost,time,Pg,B,R,Pd,P0,P_rsrv,P_cul,status,cost_opt,peak_opt
18979.967323923083,19.922,7.456583564905888,43.94500000000005,-3.7266000000000035,7.456583564905888,7.715433871513448,0,2.1437387455469636e-16,OPTIMAL,518944.2849416503,0.0
