cost,time,Pg,B,R,Pd,P0,P_rsrv,P_cul,status,cost_opt,peak_opt
9159.579440719115,18.891,6.207824433879557,44.046000000000014,3.7500000000000075,6.207824433879557,2.376642304286226,0,-2.9696297504377966e-16,OPTIMAL,531701.1631799039,0.0
