cost,time,Pg,B,R,Pd,P0,P_rsrv,P_cul,status,cost_opt,peak_opt
18936.00172505956,19.047,7.185060377916884,0.10600000000000954,-3.7490884298964673,7.185060377916884,8.545127132247092,0,-1.497364515365418e-15,OPTIMAL,529090.4380721111,0.0
