cost,time,Pg,B,R,Pd,P0,P_rsrv,P_cul,status,cost_opt,peak_opt
28154.2067665839,23.36,2.769043255823583,75.00000000000016,0.0,2.769043255823583,9.78255968262123,0,-9.946640136971469e-16,OPTIMAL,536391.2489905526,0.0
