cost,time,Pg,B,R,Pd,P0,P_rsrv,P_cul,status,cost_opt,peak_opt
11214.348572663843,20.625,0.0,62.77854596972058,3.750000000000007,0.0,5.008641613516678,0,0.0,OPTIMAL,470193.4429608254,0.0
