cost,time,Pg,B,R,Pd,P0,P_rsrv,P_cul,status,cost_opt,peak_opt
-2484.8975606296776,18.188,7.872820949804687,31.340999999999934,3.750000000000007,7.872820949804687,-1.1254065039083685,0,2.3721801432896594e-15,OPTIMAL,503196.88200977526,0.0
