cost,time,Pg,B,R,Pd,P0,P_rsrv,P_cul,status,cost_opt,peak_opt
11800.817853045723,18.938,4.9408547478781015,12.710000000000006,-3.749544214948237,4.9408547478781015,7.007611551689859,0,-1.8374787368741208e-15,OPTIMAL,470821.70010874985,0.0
