cost,time,Pg,B,R,Pd,P0,P_rsrv,P_cul,status,cost_opt,peak_opt
27613.73011344141,17.078,0.0,75.00000000000016,3.750000000000007,0.0,8.017923958606682,0,0.0,OPTIMAL,553932.1745693046,0.0
