cost,time,Pg,B,R,Pd,P0,P_rsrv,P_cul,status,cost_opt,peak_opt
9388.9917618445,18.86,7.872822756586608,31.532000000000085,-1.4661600000000017,7.872822756586608,4.252260761704937,0,-1.5834772729150792e-16,OPTIMAL,504949.443145368,0.0
