cost,time,Pg,B,R,Pd,P0,P_rsrv,P_cul,status,cost_opt,peak_opt
12355.31519605541,18.875,3.728281845152382,31.652000000000037,-3.749505403027939,3.728281845152382,7.97631710526495,0,4.501471894888254e-15,OPTIMAL,466368.1289973763,0.0
