cost,time,Pg,B,R,Pd,P0,P_rsrv,P_cul,status,cost_opt,peak_opt
27610.640936910084,20.829,5.73724988950839,0.19600000000000983,-3.749544214948237,5.73724988950839,10.325594965187019,0,1.0557147604034478e-15,OPTIMAL,532406.0474048473,0.0
