cost,time,Pg,B,R,Pd,P0,P_rsrv,P_cul,status,cost_opt,peak_opt
43519.285210029615,21.375,0.0,0.10600000000000832,-1.48773578505177,0.0,13.574324769192017,0,0.0,OPTIMAL,554903.9541055541,0.0
