cost,time,Pg,B,R,Pd,P0,P_rsrv,P_cul,status,cost_opt,peak_opt
12687.387172888823,20.203,3.8550420511197396,31.84199999999996,-3.749505403027939,3.8550420511197396,7.9996136020736595,0,9.52742659071637e-17,OPTIMAL,467976.8540655406,0.0
