cost,time,Pg,B,R,Pd,P0,P_rsrv,P_cul,status,cost_opt,peak_opt
-1018.6257355284655,31.547,5.1943028885360025,43.855,3.7500000000000075,5.1943028885360025,-0.593950866197356,0,2.5478751053409354e-18,OPTIMAL,472762.0391745463,0.0
