cost,time,Pg,B,R,Pd,P0,P_rsrv,P_cul,status,cost_opt,peak_opt
10406.974000656468,19.64,6.6422398516789185,12.608999999999973,0.012624214948229828,6.6422398516789185,4.654281753424181,0,1.0940142021464982e-15,OPTIMAL,514593.6422377485,0.0
