cost,time,Pg,B,R,Pd,P0,P_rsrv,P_cul,status,cost_opt,peak_opt
1487.2493627196616,18.782,3.0406531683447624,62.60600000000007,3.750000000000007,3.0406531683447624,0.864679862046315,0,7.344114465873686e-16,OPTIMAL,463856.8143215289,0.0
