cost,time,Pg,B,R,Pd,P0,P_rsrv,P_cul,status,cost_opt,peak_opt
53610.493057821295,23.375,0.07233812774473475,43.855,-3.7373999999999987,0.07233812774473475,16.32475428070076,0,0.0,OPTIMAL,565222.0854901155,0.0
