cost,time,Pg,B,R,Pd,P0,P_rsrv,P_cul,status,cost_opt,peak_opt
19252.031745345215,24.031,0.0,31.82299999999995,3.750000000000007,0.0,6.747995704642557,0,0.0,OPTIMAL,556231.1984091555,0.0
