cost,time,Pg,B,R,Pd,P0,P_rsrv,P_cul,status,cost_opt,peak_opt
868.3932850207943,21.703,3.728281845152382,62.98699999999994,3.7500000000000075,3.728281845152382,0.558811637722519,0,-5.216096651827762e-16,OPTIMAL,466503.37721859623,0.0
