cost,time,Pg,B,R,Pd,P0,P_rsrv,P_cul,status,cost_opt,peak_opt
26116.866932785968,16.781,0.0,0.29854596972068587,-3.7495442149482376,0.0,12.002236641905316,0,0.0,OPTIMAL,469493.2838602698,0.0
