cost,time,Pg,B,R,Pd,P0,P_rsrv,P_cul,status,cost_opt,peak_opt
-2426.6006192392847,18.031,6.551662260448332,75.00000000000016,3.750000000000007,6.551662260448332,-1.2036709420829785,0,-1.512543345780215e-15,OPTIMAL,483350.25808998133,0.0
