cost,time,Pg,B,R,Pd,P0,P_rsrv,P_cul,status,cost_opt,peak_opt
6403.883773795421,19.422,0.0,75.00000000000016,3.750000000000007,0.0,3.3882982930134506,0,1.4689736650393484e-15,OPTIMAL,463333.03368265,0.0
