cost,time,Pg,B,R,Pd,P0,P_rsrv,P_cul,status,cost_opt,peak_opt
15063.772366582756,14.828,0.0,68.84599999999995,3.750000000000007,0.0,5.479728034406241,0,0.0,OPTIMAL,552241.8048665168,0.0
