cost,time,Pg,B,R,Pd,P0,P_rsrv,P_cul,status,cost_opt,peak_opt
9168.230082055567,21.562,0.0,62.96854596972079,2.3062255163664847,0.0,5.054151092643642,0,0.0,OPTIMAL,462315.2861118271,0.0
