cost,time,Pg,B,R,Pd,P0,P_rsrv,P_cul,status,cost_opt,peak_opt
53000.32940357173,20.219,0.0,43.85499999999999,3.750000000000007,0.0,8.900139278517504,0,0.0,OPTIMAL,556730.0922749673,0.0
