cost,time,Pg,B,R,Pd,P0,P_rsrv,P_cul,status,cost_opt,peak_opt
27399.83105381292,18.391,6.624060011996438,43.85499999999999,-3.7373999999999987,6.624060011996438,9.50063490076731,0,-9.515229316275908e-16,OPTIMAL,528514.32346532,0.0
