cost,time,Pg,B,R,Pd,P0,P_rsrv,P_cul,status,cost_opt,peak_opt
36611.435411019804,15.0,0.0,37.603000000000016,-3.7376399999999976,0.0,13.094218673469172,0,0.0,OPTIMAL,553915.0094188915,0.0
