cost,time,Pg,B,R,Pd,P0,P_rsrv,P_cul,status,cost_opt,peak_opt
15685.841220828448,13.687,0.0,75.00000000000016,3.750000000000007,0.0,5.523183528460721,0,0.0,OPTIMAL,552904.4051375043,0.0
