cost,time,Pg,B,R,Pd,P0,P_rsrv,P_cul,status,cost_opt,peak_opt
13933.55702656275,20.172,0.0,0.10600000000000864,0.01208190092752362,0.0,7.171156472754889,0,-1.810515984097122e-16,OPTIMAL,464682.5968106045,0.0
