cost,time,Pg,B,R,Pd,P0,P_rsrv,P_cul,status,cost_opt,peak_opt
13659.92787813759,18.172,7.11278187397552,12.710000000000006,-3.724800000000002,7.11278187397552,6.183760922651693,0,-8.201989434852841e-16,OPTIMAL,495392.1310720814,0.0
