cost,time,Pg,B,R,Pd,P0,P_rsrv,P_cul,status,cost_opt,peak_opt
2132.4868976426833,21.0,7.547128634061911,12.710000000000008,1.5245619009275233,7.547128634061911,0.9666758375533471,0,-9.049293432650263e-16,OPTIMAL,497499.11415699025,0.0
