cost,time,Pg,B,R,Pd,P0,P_rsrv,P_cul,status,cost_opt,peak_opt
31185.958660714732,18.422,5.0675950792443345,12.710000000000008,-3.749544214948237,5.0675950792443345,10.866187686660187,0,1.071313719160083e-15,OPTIMAL,534009.8631722633,0.0
