cost,time,Pg,B,R,Pd,P0,P_rsrv,P_cul,status,cost_opt,peak_opt
26635.779181682108,18.328,0.0,75.00000000000016,0.0,0.0,10.047445938016638,0,0.0,OPTIMAL,555597.8575809563,0.0
