cost,time,Pg,B,R,Pd,P0,P_rsrv,P_cul,status,cost_opt,peak_opt
26652.03964077211,17.0,0.0,0.10698811920298956,-3.7491553719585915,0.0,12.63728764379901,0,0.0,OPTIMAL,470953.3164648306,0.0
