cost,time,Pg,B,R,Pd,P0,P_rsrv,P_cul,status,cost_opt,peak_opt
7805.745119932999,16.438,5.411481688924958,31.340999999999934,-1.489079999999999,5.411481688924958,4.543507054675786,0,7.087429601537742e-16,OPTIMAL,474553.5254239282,0.0
