cost,time,Pg,B,R,Pd,P0,P_rsrv,P_cul,status,cost_opt,peak_opt
33497.31267391592,22.625,1.1040178313877276,12.710000000000006,1.5245619009275235,1.1040178313877276,10.225064918777754,0,0.0,OPTIMAL,561607.4061672107,0.0
