cost,time,Pg,B,R,Pd,P0,P_rsrv,P_cul,status,cost_opt,peak_opt
19223.789492653195,14.343,0.0,31.632000000000055,3.750000000000007,0.0,6.771324231297357,0,0.0,OPTIMAL,554534.0383142642,0.0
