cost,time,Pg,B,R,Pd,P0,P_rsrv,P_cul,status,cost_opt,peak_opt
25868.689634802497,17.219,0.0,31.634545969720694,-3.7493854030279388,0.0,12.03194866735,0,0.0,OPTIMAL,468251.6357281328,0.0
