cost,time,Pg,B,R,Pd,P0,P_rsrv,P_cul,status,cost_opt,peak_opt
25818.54661403882,22.328,1.2307147999878731,43.85499999999999,3.750000000000007,1.2307147999878731,7.713936843154713,0,0.0,OPTIMAL,558431.22457777,0.0
