cost,time,Pg,B,R,Pd,P0,P_rsrv,P_cul,status,cost_opt,peak_opt
7305.854393916221,18.671,0.0,31.443545969720628,3.750000000000007,0.0,3.8130764060105533,0,0.0,OPTIMAL,465721.2225873809,0.0
