cost,time,Pg,B,R,Pd,P0,P_rsrv,P_cul,status,cost_opt,peak_opt
20813.645681958616,16.406,0.0,6.549988119202986,0.7854274172940048,0.0,8.175037581287752,0,0.0,OPTIMAL,472987.08852625557,0.0
