cost,time,Pg,B,R,Pd,P0,P_rsrv,P_cul,status,cost_opt,peak_opt
22049.07282123567,15.563,0.0,12.710000000000006,-3.749544214948237,0.0,11.347953073204154,0,1.8965101570341675e-15,OPTIMAL,462626.8881280464,0.0
