cost,time,Pg,B,R,Pd,P0,P_rsrv,P_cul,status,cost_opt,peak_opt
-1303.1638552554116,16.719,7.203256478636648,62.677000000000135,3.750000000000007,7.203256478636648,-0.5907361084566689,0,1.1278955200366703e-15,OPTIMAL,500538.7770164279,0.0
