cost,time,Pg,B,R,Pd,P0,P_rsrv,P_cul,status,cost_opt,peak_opt
44775.90101904281,19.032,0.0,12.710000000000006,0.024744214948229558,0.0,12.612929864519101,0,0.0,OPTIMAL,555926.4664779952,0.0
