cost,time,Pg,B,R,Pd,P0,P_rsrv,P_cul,status,cost_opt,peak_opt
9282.340506549086,21.375,4.072083536082749,62.60600000000007,-1.4872800000000002,4.072083536082749,5.595141956931336,0,1.0261160410945935e-15,OPTIMAL,469174.86728051264,0.0
