cost,time,Pg,B,R,Pd,P0,P_rsrv,P_cul,status,cost_opt,peak_opt
-2670.577171955611,18.156,7.02219886239917,43.85499999999999,3.750000000000007,7.02219886239917,-1.2078594174380874,0,-8.720238073300912e-16,OPTIMAL,492773.01130761043,0.0
