cost,time,Pg,B,R,Pd,P0,P_rsrv,P_cul,status,cost_opt,peak_opt
2516.6734215247293,19.203,2.750986277311685,31.461000000000052,3.750000000000007,2.750986277311685,1.333690207485283,0,5.588438782913596e-15,OPTIMAL,465529.8663012621,0.0
