cost,time,Pg,B,R,Pd,P0,P_rsrv,P_cul,status,cost_opt,peak_opt
31111.90376211783,19.422,6.099211545520117,12.901000000000014,-3.7493619009275285,6.099211545520117,10.360274313059548,0,-9.803898144700174e-17,OPTIMAL,530793.7930624211,0.0
