cost,time,Pg,B,R,Pd,P0,P_rsrv,P_cul,status,cost_opt,peak_opt
40918.44215562844,17.75,0.0,0.10600000000000906,-1.4877357850517696,0.0,13.068809375799567,0,0.0,OPTIMAL,556842.4965973067,0.0
