cost,time,Pg,B,R,Pd,P0,P_rsrv,P_cul,status,cost_opt,peak_opt
33584.21806679311,18.0,0.0,43.94500000000004,-3.7266000000000035,0.0,13.854875440096167,0,0.0,OPTIMAL,555218.8939030817,0.0
