cost,time,Pg,B,R,Pd,P0,P_rsrv,P_cul,status,cost_opt,peak_opt
4318.593585785628,19.219,7.11277645362976,75.00000000000016,0.0,7.11277645362976,2.181107871608903,0,-4.414871246360974e-16,OPTIMAL,487809.13547157595,0.0
