cost,time,Pg,B,R,Pd,P0,P_rsrv,P_cul,status,cost_opt,peak_opt
47668.09394857499,23.672,0.0,43.94500000000005,-3.726600000000003,0.0,15.332291395488902,0,0.0,OPTIMAL,555667.993416652,0.0
