cost,time,Pg,B,R,Pd,P0,P_rsrv,P_cul,status,cost_opt,peak_opt
8131.37922023374,17.032,6.0448942606488725,62.60600000000007,-1.4872800000000002,6.0448942606488725,4.318310791414626,0,6.50006307459372e-16,OPTIMAL,477117.6511548986,0.0
