cost,time,Pg,B,R,Pd,P0,P_rsrv,P_cul,status,cost_opt,peak_opt
-623.909919344526,19.875,6.877546095074665,31.532000000000085,3.750000000000007,6.877546095074665,-0.2828240794852792,0,1.8108886785939138e-15,OPTIMAL,502882.0995541852,0.0
