cost,time,Pg,B,R,Pd,P0,P_rsrv,P_cul,status,cost_opt,peak_opt
9353.363692612511,18.219,0.0,62.96854596972079,3.750000000000007,0.0,4.326255176971559,0,0.0,OPTIMAL,466502.21030514454,0.0
