cost,time,Pg,B,R,Pd,P0,P_rsrv,P_cul,status,cost_opt,peak_opt
10498.788354166201,17.171,7.076534215089617,43.855,-3.7373999999999983,7.076534215089617,5.9181445062943645,0,-2.9444220499275087e-16,OPTIMAL,486700.66732040665,0.0
