cost,time,Pg,B,R,Pd,P0,P_rsrv,P_cul,status,cost_opt,peak_opt
18882.77784489443,16.875,0.0,43.84954596972067,-3.7380544836335172,0.0,11.273300205907121,0,0.0,OPTIMAL,463718.5642393919,0.0
