cost,time,Pg,B,R,Pd,P0,P_rsrv,P_cul,status,cost_opt,peak_opt
31865.393805527452,20.422,3.9635953156758106,0.10600000000001204,-3.749544214948237,3.9635953156758106,12.432849709530805,0,1.0123602260311837e-15,OPTIMAL,534736.4861423409,0.0
