cost,time,Pg,B,R,Pd,P0,P_rsrv,P_cul,status,cost_opt,peak_opt
22828.44270073867,19.906,4.832379174944604,31.340999999999934,0.01073768597929408,4.832379174944604,7.5917667777647715,0,1.827314341507069e-15,OPTIMAL,529557.597177797,0.0
