cost,time,Pg,B,R,Pd,P0,P_rsrv,P_cul,status,cost_opt,peak_opt
14251.36165021796,17.922,7.927201472043144,0.1960000000000106,-3.749544214948237,7.927201472043144,6.454421037236395,0,1.4945726947712679e-15,OPTIMAL,509172.1328946631,0.0
