cost,time,Pg,B,R,Pd,P0,P_rsrv,P_cul,status,cost_opt,peak_opt
11977.049109044588,34.093,0.0,42.413000000000046,-0.6376111443537228,0.0,8.092600749354451,0,0.0,OPTIMAL,487020.8687362699,1.9937144152374504
