cost,time,Pg,B,R,Pd,P0,P_rsrv,P_cul,status,cost_opt,peak_opt
8015.30793253591,30.047,3.383445026367988,75.00000000000016,1.2190360418642465,3.383445026367988,3.712509463888796,0,-1.6894851403298494e-15,OPTIMAL,486101.0059275329,1.9827932569154958
