cost,time,Pg,B,R,Pd,P0,P_rsrv,P_cul,status,cost_opt,peak_opt
214.2300644840857,28.937,4.893076028653007,74.89400000000016,3.750000000000007,4.893076028653007,0.09706844788585667,0,-7.548757625930325e-16,OPTIMAL,487716.3271115876,1.9850503225524545
