cost,time,Pg,B,R,Pd,P0,P_rsrv,P_cul,status,cost_opt,peak_opt
38328.52899194097,28.688,0.0,21.223999999999993,0.1360983036306351,0.0,12.793233975948255,0,0.0,OPTIMAL,607444.6839509816,2.1734577390771936
