cost,time,Pg,B,R,Pd,P0,P_rsrv,P_cul,status,cost_opt,peak_opt
20648.71083508703,27.359,0.0,32.871000000000016,-0.35186102585051443,0.0,10.033387189060754,0,0.0,OPTIMAL,599450.54263274,2.005864523909915
