cost,time,Pg,B,R,Pd,P0,P_rsrv,P_cul,status,cost_opt,peak_opt
38000.16782040903,26.344,0.0,13.865999999999982,0.09841504579597771,0.0,12.281890051845192,0,0.0,OPTIMAL,606932.2487854399,2.144942730996543
