cost,time,Pg,B,R,Pd,P0,P_rsrv,P_cul,status,cost_opt,peak_opt
20247.673139402475,26.625,0.0,35.881000000000036,-0.36906862710034266,0.0,9.843302449879667,0,0.0,OPTIMAL,599153.8010664177,2.0045787244003894
