cost,time,Pg,B,R,Pd,P0,P_rsrv,P_cul,status,cost_opt,peak_opt
40375.90387294467,23.719,0.0,14.530999999999988,0.09046581444688531,0.0,12.290990524488482,0,0.0,OPTIMAL,604745.9127366189,2.1443845781818367
