cost,time,Pg,B,R,Pd,P0,P_rsrv,P_cul,status,cost_opt,peak_opt
11979.906208780618,28.921,0.0,58.30900000000002,-0.6469007439897326,0.0,7.464116017931849,0,0.0,OPTIMAL,487237.6650858035,1.9919864793449777
