cost,time,Pg,B,R,Pd,P0,P_rsrv,P_cul,status,cost_opt,peak_opt
25554.021028789328,28.188,4.736842437283533,55.365000000000094,-0.22333636011995786,4.736842437283533,8.084157237832752,0,1.4887993182027826e-15,OPTIMAL,582577.5793427844,2.0254794306842197
