cost,time,Pg,B,R,Pd,P0,P_rsrv,P_cul,status,cost_opt,peak_opt
28999.34194151312,33.609,0.0,2.7700000000000156,-0.19092157838187296,0.0,11.055791819105268,0,0.0,OPTIMAL,598568.5785110074,2.0179078530827335
