cost,time,Pg,B,R,Pd,P0,P_rsrv,P_cul,status,cost_opt,peak_opt
11064.205844613203,36.25,0.0,40.69400000000001,0.5572856222801368,0.0,6.80455463998352,0,0.0,OPTIMAL,487564.70563101606,1.9923380328178637
