cost,time,Pg,B,R,Pd,P0,P_rsrv,P_cul,status,cost_opt,peak_opt
41820.34970476229,24.281,0.0,16.139000000000006,0.1077196118534126,0.0,12.376546228103667,0,0.0,OPTIMAL,608648.9420080441,2.146425683768127
