cost,time,Pg,B,R,Pd,P0,P_rsrv,P_cul,status,cost_opt,peak_opt
34138.450042010234,28.359,0.0,5.40900000000001,0.047834210540138554,0.0,11.882509586498514,0,0.0,OPTIMAL,603168.7115080182,2.0404978023306697
