cost,time,Pg,B,R,Pd,P0,P_rsrv,P_cul,status,cost_opt,peak_opt
16122.37379070617,34.281,6.6802431575923,49.584000000000074,-0.65617257220623,6.6802431575923,5.892680479059273,0,1.1109277560372721e-15,OPTIMAL,560137.5085958815,1.9990575836277003
