cost,time,Pg,B,R,Pd,P0,P_rsrv,P_cul,status,cost_opt,peak_opt
12114.681100704063,35.5,0.0,24.077999999999996,-0.6745797929683544,0.0,7.628892380796009,0,0.0,OPTIMAL,487693.9349298987,1.9919766722475614
