cost,time,Pg,B,R,Pd,P0,P_rsrv,P_cul,status,cost_opt,peak_opt
46556.19907423535,25.844,0.15625264530267402,29.502999999999986,0.16491774237365447,0.15625264530267402,12.640836023414433,0,0.0,OPTIMAL,606867.256598861,2.191748408187416
