cost,time,Pg,B,R,Pd,P0,P_rsrv,P_cul,status,cost_opt,peak_opt
26160.99986528909,39.953,3.8347027907187647,65.04800000000009,0.028765889819749434,3.8347027907187647,8.838175630165233,0,-9.705642322818675e-16,OPTIMAL,593726.1469569206,2.0739683920616345
