cost,time,Pg,B,R,Pd,P0,P_rsrv,P_cul,status,cost_opt,peak_opt
12836.77872061061,28.687,0.0,75.00000000000016,0.0,0.0,7.006975284176097,0,0.0,OPTIMAL,485967.07231014594,1.9904001184000861
