cost,time,Pg,B,R,Pd,P0,P_rsrv,P_cul,status,cost_opt,peak_opt
35451.436388035785,33.109,0.0,8.84300000000001,0.0872307258630918,0.0,11.912445022861487,0,0.0,OPTIMAL,605264.5645936648,2.130244252712136
