cost,time,Pg,B,R,Pd,P0,P_rsrv,P_cul,status,cost_opt,peak_opt
31473.278782921865,31.859,2.810924566774557,59.86600000000008,0.12808437550752166,2.810924566774557,9.810872438566665,0,-2.2931960150240904e-15,OPTIMAL,599443.7285664259,2.1326516345252315
