cost,time,Pg,B,R,Pd,P0,P_rsrv,P_cul,status,cost_opt,peak_opt
12753.23335182604,30.985,0.0,69.27100000000013,-0.6874799999999999,0.0,7.877228753444125,0,2.974847473392883e-16,OPTIMAL,486160.1118029596,1.9905718098653011
