cost,time,Pg,B,R,Pd,P0,P_rsrv,P_cul,status,cost_opt,peak_opt
12064.198733359623,31.156,4.0949171599175855,55.609000000000094,-0.6942373636484267,4.0949171599175855,5.238471008840479,0,5.390924252141049e-16,OPTIMAL,486929.0999223986,1.9833137143893995
