cost,time,Pg,B,R,Pd,P0,P_rsrv,P_cul,status,cost_opt,peak_opt
28610.28821541801,33.922,4.0949223564448225,63.87500000000006,-0.11164686639305117,4.0949223564448225,8.489699767186353,0,-5.811459169793864e-16,OPTIMAL,587408.5015252784,2.0336916686717266
