cost,time,Pg,B,R,Pd,P0,P_rsrv,P_cul,status,cost_opt,peak_opt
18412.37979922564,28.859,0.0,26.193000000000023,-0.07368833704331454,0.0,9.17408061745174,0,0.0,OPTIMAL,599506.2430772095,2.0005765288344866
