cost,time,Pg,B,R,Pd,P0,P_rsrv,P_cul,status,cost_opt,peak_opt
1651.9497840668312,27.875,4.216443145873566,61.453000000000166,3.750000000000007,4.216443145873566,0.7461381138513239,0,-5.3396956994911093e-17,OPTIMAL,486949.14632705157,1.98333650943947
