cost,time,Pg,B,R,Pd,P0,P_rsrv,P_cul,status,cost_opt,peak_opt
8876.536684850538,31.578,5.378899360006142,5.104000000000004,-1.4952314587169186,5.378899360006142,5.066516372631586,0,-2.4443337978685697e-15,OPTIMAL,489675.93010177324,1.985328413438867
