cost,time,Pg,B,R,Pd,P0,P_rsrv,P_cul,status,cost_opt,peak_opt
15779.856352123967,23.61,6.576092626539889,42.95500000000005,-0.7843757928057071,6.576092626539889,5.914488887602686,0,-1.2999312997558077e-15,OPTIMAL,555579.0613736596,1.9948268438009384
