cost,time,Pg,B,R,Pd,P0,P_rsrv,P_cul,status,cost_opt,peak_opt
7008.568303245093,25.172,7.703927844046251,74.93300000000016,-0.008040000000000002,7.703927844046251,2.5785755346744272,0,-1.876699750463784e-15,OPTIMAL,504345.90124661895,1.9860399129475803
