cost,time,Pg,B,R,Pd,P0,P_rsrv,P_cul,status,cost_opt,peak_opt
14507.404415465002,27.359,7.4089850833249855,57.92500000000005,-0.9765814149847237,7.4089850833249855,5.04780946954245,0,1.6415905093603023e-15,OPTIMAL,536568.6578924363,1.9895057655872823
