cost,time,Pg,B,R,Pd,P0,P_rsrv,P_cul,status,cost_opt,peak_opt
10786.578797544746,30.094,2.949604289138671,74.99900000000017,-0.00012000000000000013,2.949604289138671,5.334608703038945,0,-4.849636317527661e-16,OPTIMAL,486386.5844733482,1.9828207227842767
