cost,time,Pg,B,R,Pd,P0,P_rsrv,P_cul,status,cost_opt,peak_opt
11622.053206262979,39.985,0.0,74.93600000000016,-0.007680000000000001,0.0,7.039402305428817,0,0.0,OPTIMAL,487983.55714847916,1.9919815286933615
