cost,time,Pg,B,R,Pd,P0,P_rsrv,P_cul,status,cost_opt,peak_opt
8390.789529956546,33.109,7.42624967898084,65.31800000000007,0.8932714925465867,7.42624967898084,2.823280460954423,0,1.813490763807879e-15,OPTIMAL,534997.615359334,1.9881811021071056
