cost,time,Pg,B,R,Pd,P0,P_rsrv,P_cul,status,cost_opt,peak_opt
46889.48051270252,29.265,0.0,15.33699999999999,0.10838461178826195,0.0,12.300493313930357,0,0.0,OPTIMAL,607219.4865410593,2.1497301533332633
