cost,time,Pg,B,R,Pd,P0,P_rsrv,P_cul,status,cost_opt,peak_opt
12404.779590123544,35.172,0.0,63.8360000000001,-0.6816357249242982,0.0,7.926376734903223,0,0.0,OPTIMAL,488278.09195136884,1.9918088960185243
