cost,time,Pg,B,R,Pd,P0,P_rsrv,P_cul,status,cost_opt,peak_opt
12740.73571448386,31.25,7.634524758449481,60.71600000000005,-1.0961547527135844,7.634524758449481,4.382778023558259,0,1.7393313352098705e-15,OPTIMAL,526880.0090322976,1.9872882780210415
