cost,time,Pg,B,R,Pd,P0,P_rsrv,P_cul,status,cost_opt,peak_opt
30215.98703848271,30.75,0.0,0.12200000000000988,-0.1306258673277482,0.0,11.266214406593107,0,0.0,OPTIMAL,598522.0674586154,2.0230215014883854
