cost,time,Pg,B,R,Pd,P0,P_rsrv,P_cul,status,cost_opt,peak_opt
38321.470118956466,33.282,1.1625185724594176,43.71400000000008,0.212725160884159,1.1625185724594176,11.842234276562568,0,0.0,OPTIMAL,608883.8774788138,2.201166089351442
