cost,time,Pg,B,R,Pd,P0,P_rsrv,P_cul,status,cost_opt,peak_opt
9909.200280977424,29.266,0.0,74.16300000000014,0.5843494851135583,0.0,6.409573273594711,0,0.0,OPTIMAL,487008.26931749424,1.991862480670787
