cost,time,Pg,B,R,Pd,P0,P_rsrv,P_cul,status,cost_opt,peak_opt
42531.45414790326,24.672,0.0,16.892,0.10158179423978023,0.0,12.575829138942419,0,0.0,OPTIMAL,608998.9088772065,2.1493253581105107
