cost,time,Pg,B,R,Pd,P0,P_rsrv,P_cul,status,cost_opt,peak_opt
12372.887862628588,34.0,0.0,52.83800000000003,-0.6481027791687376,0.0,7.708964400391643,0,0.0,OPTIMAL,487116.98970827507,1.9931955705518043
