cost,time,Pg,B,R,Pd,P0,P_rsrv,P_cul,status,cost_opt,peak_opt
6664.76508060266,31.062,0.0,75.00000000000016,3.750000000000007,0.0,3.6064746107157255,0,1.8780211218615006e-15,OPTIMAL,485068.3985017359,1.989161239234812
