cost,time,Pg,B,R,Pd,P0,P_rsrv,P_cul,status,cost_opt,peak_opt
35195.625838589,32.031,0.0,5.1060000000000105,0.023116581106464005,0.0,11.681256501357122,0,0.0,OPTIMAL,601113.9475027656,2.0273711500203704
