cost,time,Pg,B,R,Pd,P0,P_rsrv,P_cul,status,cost_opt,peak_opt
35686.23316133082,31.125,0.0,8.225000000000007,0.07010047245904635,0.0,11.947182176541954,0,0.0,OPTIMAL,604281.3637564206,2.1004221424764733
