cost,time,Pg,B,R,Pd,P0,P_rsrv,P_cul,status,cost_opt,peak_opt
8540.193527202871,27.5,7.131403920101326,56.06800000000005,-0.7802455923079695,7.131403920101326,3.4038236457564253,0,-1.7399547514590497e-15,OPTIMAL,496157.55532074906,1.9869424067460764
