cost,time,Pg,B,R,Pd,P0,P_rsrv,P_cul,status,cost_opt,peak_opt
23404.162701360165,32.078,5.274760954183949,50.945000000000014,0.3751931783967995,5.274760954183949,6.7156851366887125,0,-1.0749051388564412e-15,OPTIMAL,577332.3372824246,2.0144254951426204
