cost,time,Pg,B,R,Pd,P0,P_rsrv,P_cul,status,cost_opt,peak_opt
17399.028339192617,25.796,0.0,30.983000000000057,-0.3327896790564343,0.0,9.27948178090273,0,0.0,OPTIMAL,598843.1039446364,1.9994977832807288
