cost,time,Pg,B,R,Pd,P0,P_rsrv,P_cul,status,cost_opt,peak_opt
11860.590259103932,32.813,0.0,69.90000000000012,-0.6119999999999998,0.0,7.501954623089141,0,0.0,OPTIMAL,487719.54232310154,1.993302888893634
