cost,time,Pg,B,R,Pd,P0,P_rsrv,P_cul,status,cost_opt,peak_opt
13332.13027722253,37.203,0.0,52.2759772487296,-0.5675661844248173,0.0,8.989973214580262,0,0.0,OPTIMAL,465275.4632944884,1.9972482310785837
