cost,time,Pg,B,R,Pd,P0,P_rsrv,P_cul,status,cost_opt,peak_opt
41183.125317948914,29.5,0.7807851460075994,38.75100000000004,0.23020772151580596,0.7807851460075994,12.206024101348225,0,0.0,OPTIMAL,611238.9784408319,2.220435649414944
