cost,time,Pg,B,R,Pd,P0,P_rsrv,P_cul,status,cost_opt,peak_opt
3459.5052673876125,27.062,6.732234412594849,75.00000000000016,1.4767228742624594,6.732234412594849,1.3921550371781137,0,8.760895654769119e-16,OPTIMAL,492465.5109443392,1.986916052344079
