cost,time,Pg,B,R,Pd,P0,P_rsrv,P_cul,status,cost_opt,peak_opt
13394.847891906586,30.031,7.42624967898084,57.584000000000074,-0.924663216832042,7.42624967898084,4.7082066403889575,0,6.42904783229592e-16,OPTIMAL,534960.2831302879,1.9898766584351972
