cost,time,Pg,B,R,Pd,P0,P_rsrv,P_cul,status,cost_opt,peak_opt
8592.463812669868,27.312,5.6217763821678,28.752999999999997,-1.4368650158774017,5.6217763821678,4.893202626805165,0,-4.2899169459820197e-16,OPTIMAL,489579.682778612,1.984757605379762
