cost,time,Pg,B,R,Pd,P0,P_rsrv,P_cul,status,cost_opt,peak_opt
12660.363000288351,41.625,0.0,74.76900000000016,-0.019932787505412452,0.0,7.1608388010680715,0,0.0,OPTIMAL,487348.45634504897,1.9910676239331222
