cost,time,Pg,B,R,Pd,P0,P_rsrv,P_cul,status,cost_opt,peak_opt
2142.810285700462,28.453,3.799924166099703,75.00000000000016,3.750000000000007,3.799924166099703,0.9709153990486914,0,-1.4870374896724936e-15,OPTIMAL,487227.3539992608,1.9831169664554646
