cost,time,Pg,B,R,Pd,P0,P_rsrv,P_cul,status,cost_opt,peak_opt
13766.707979036073,35.516,0.0,37.50000000000008,-0.5814520651904628,0.0,8.802242953347873,0,0.0,OPTIMAL,466741.315787992,1.9963339844472772
