cost,time,Pg,B,R,Pd,P0,P_rsrv,P_cul,status,cost_opt,peak_opt
24262.573414460974,34.546,0.0,7.909000000000013,-0.23787157039896703,0.0,10.740404344604238,0,0.0,OPTIMAL,599113.50858569,2.014278049023467
