cost,time,Pg,B,R,Pd,P0,P_rsrv,P_cul,status,cost_opt,peak_opt
34012.945573112134,38.89,0.0,5.80100000000001,0.05948452631682271,0.0,11.793670448374527,0,0.0,OPTIMAL,605133.7586428905,2.041658636146693
