cost,time,Pg,B,R,Pd,P0,P_rsrv,P_cul,status,cost_opt,peak_opt
887.1702498443894,29.813,0.0,55.079574235990414,-0.6095830339911824,0.0,8.449240474708471,0,0.0,OPTIMAL,481702.0101359328,1.995201124935222
