cost,time,Pg,B,R,Pd,P0,P_rsrv,P_cul,status,cost_opt,peak_opt
20745.771852576836,30.0,0.0,39.032000000000025,-0.3915156100458454,0.0,10.017272743880653,0,0.0,OPTIMAL,599744.9994177043,2.0031605951289957
