cost,time,Pg,B,R,Pd,P0,P_rsrv,P_cul,status,cost_opt,peak_opt
7794.022401030648,29.703,5.9514943031566325,37.456000000000024,-1.51165127023049,5.9514943031566325,4.717931235490707,0,6.981990940263527e-16,OPTIMAL,490456.85944225383,1.9858143245970512
