cost,time,Pg,B,R,Pd,P0,P_rsrv,P_cul,status,cost_opt,peak_opt
11487.464207606852,33.203,0.798153672208184,75.00000000000016,0.0,0.798153672208184,6.769277670952771,0,2.78911008871896e-17,OPTIMAL,484188.3476277462,1.9853462976035516
