cost,time,Pg,B,R,Pd,P0,P_rsrv,P_cul,status,cost_opt,peak_opt
14346.115022421505,35.454,0.0,70.48200000000014,-0.5421600000000001,0.0,7.775672098873446,0,2.8273824254076985e-15,OPTIMAL,486280.2846873023,1.9884908646868145
