cost,time,Pg,B,R,Pd,P0,P_rsrv,P_cul,status,cost_opt,peak_opt
10984.927225919824,27.875,1.6482916707159325,74.98700000000017,-0.0015600000000000017,1.6482916707159325,5.99613931545842,0,3.718000299995916e-16,OPTIMAL,484837.4744019541,1.984466556135139
