cost,time,Pg,B,R,Pd,P0,P_rsrv,P_cul,status,cost_opt,peak_opt
11433.340014360936,33.187,3.2447254639617253,75.00000000000016,0.0,3.2447254639617253,5.168779391664075,0,-1.7807207531445046e-15,OPTIMAL,486594.3320798485,1.9827944499783183
