cost,time,Pg,B,R,Pd,P0,P_rsrv,P_cul,status,cost_opt,peak_opt
-912.9384482661519,28.36,7.773405413200077,54.71400000000006,2.953568403819586,7.773405413200077,-0.33453222728697396,0,6.909349394706998e-16,OPTIMAL,510398.68303528754,1.986105469446856
