cost,time,Pg,B,R,Pd,P0,P_rsrv,P_cul,status,cost_opt,peak_opt
21412.440213896843,29.328,0.0,22.006000000000004,-0.30263434401903855,0.0,10.414610998977064,0,0.0,OPTIMAL,599149.5285068632,2.009281758249425
