cost,time,Pg,B,R,Pd,P0,P_rsrv,P_cul,status,cost_opt,peak_opt
11471.258932579922,33.985,0.0,69.31100000000012,-0.68268,0.0,7.745617105050588,0,0.0,OPTIMAL,488027.5325995246,1.9912860736255833
