cost,time,Pg,B,R,Pd,P0,P_rsrv,P_cul,status,cost_opt,peak_opt
11946.663634416163,35.625,0.0,75.00000000000016,0.0,0.0,7.044023369349152,0,-1.0541325028579768e-17,OPTIMAL,487171.9394478656,1.9918583309782998
