cost,time,Pg,B,R,Pd,P0,P_rsrv,P_cul,status,cost_opt,peak_opt
39764.72728466926,29.985,0.919624228540305,50.587000000000074,0.19458490052689448,0.919624228540305,11.85944744547249,0,-4.0588802392889367e-16,OPTIMAL,603798.4400471989,2.1778102662015177
