cost,time,Pg,B,R,Pd,P0,P_rsrv,P_cul,status,cost_opt,peak_opt
12206.593565174002,26.078,7.270113089453116,74.91200000000016,-0.010560000000000002,7.270113089453116,4.24724897883577,0,8.644614971770048e-16,OPTIMAL,539045.1957475622,1.9903860702420282
