cost,time,Pg,B,R,Pd,P0,P_rsrv,P_cul,status,cost_opt,peak_opt
20159.591774079367,32.312,5.864720959183533,75.00000000000016,0.0,5.864720959183533,6.284162024338954,0,-1.5116759840422267e-15,OPTIMAL,572574.8008197672,2.008704948306631
