cost,time,Pg,B,R,Pd,P0,P_rsrv,P_cul,status,cost_opt,peak_opt
12541.476377980685,34.656,0.0,63.759000000000036,-0.662980394195667,0.0,7.814003973819742,0,0.0,OPTIMAL,486737.2056400371,1.992648464177634
