cost,time,Pg,B,R,Pd,P0,P_rsrv,P_cul,status,cost_opt,peak_opt
23472.16112425741,34.766,0.0,9.979000000000012,-0.22703086960249536,0.0,10.563528858801716,0,0.0,OPTIMAL,598744.2420898227,2.015561110149989
