cost,time,Pg,B,R,Pd,P0,P_rsrv,P_cul,status,cost_opt,peak_opt
12878.93240409303,28.859,0.0,47.32200000000005,-0.6823739486931899,0.0,7.92549686405725,0,0.0,OPTIMAL,487471.7134530037,1.9917592991602422
