cost,time,Pg,B,R,Pd,P0,P_rsrv,P_cul,status,cost_opt,peak_opt
11881.457209601318,35.062,0.0,29.786000000000044,-0.6846045751696437,0.0,7.52944056375242,0,0.0,OPTIMAL,488401.5851298757,1.9917180061492383
