cost,time,Pg,B,R,Pd,P0,P_rsrv,P_cul,status,cost_opt,peak_opt
61244.954774673235,25.922,0.20822484637202004,30.916999999999984,0.180794806736568,0.20822484637202004,12.735486540792937,0,0.0,OPTIMAL,610897.1723587089,2.2024164057500832
