cost,time,Pg,B,R,Pd,P0,P_rsrv,P_cul,status,cost_opt,peak_opt
11461.873445894387,33.25,0.0,69.31900000000013,-0.0648490653364694,0.0,7.141354171896815,0,0.0,OPTIMAL,487522.2733565245,1.9946566412216413
