cost,time,Pg,B,R,Pd,P0,P_rsrv,P_cul,status,cost_opt,peak_opt
12538.485880224223,39.125,0.0,57.03700000000003,-0.6651307252134899,0.0,7.8121407353421946,0,0.0,OPTIMAL,488125.23928950215,1.992514405851814
