cost,time,Pg,B,R,Pd,P0,P_rsrv,P_cul,status,cost_opt,peak_opt
12742.518102149617,31.922,0.0,31.43200000000001,-0.6457167295836351,0.0,8.142184090830426,0,0.0,OPTIMAL,487011.838887271,1.9934261141238763
