cost,time,Pg,B,R,Pd,P0,P_rsrv,P_cul,status,cost_opt,peak_opt
11332.582291263298,43.36,0.0,62.62000000000008,-0.13377089307832063,0.0,7.1589275371214764,0,0.0,OPTIMAL,486200.7448039355,1.9922220714343826
