cost,time,Pg,B,R,Pd,P0,P_rsrv,P_cul,status,cost_opt,peak_opt
19299.431233979696,29.422,0.0,24.612000000000005,-0.31590462881400705,0.0,10.265654911691328,0,0.0,OPTIMAL,598142.6228494535,2.008412406486196
