cost,time,Pg,B,R,Pd,P0,P_rsrv,P_cul,status,cost_opt,peak_opt
-173457.65624360074,34.14,0.0,50.19800925243665,-0.5777846780829275,0.0,8.392570942694055,0,0.0,OPTIMAL,466040.64023258816,1.9966359945969525
