cost,time,Pg,B,R,Pd,P0,P_rsrv,P_cul,status,cost_opt,peak_opt
23173.498048960588,28.687,0.0,16.571999999999996,-0.2930021621666782,0.0,10.581505958429492,0,0.0,OPTIMAL,599417.0499034738,2.0100653400797563
