cost,time,Pg,B,R,Pd,P0,P_rsrv,P_cul,status,cost_opt,peak_opt
7368.036181578234,34.312,6.072918090743625,50.13500000000008,-1.5173686896432985,6.072918090743625,4.514728052437643,0,-3.030345072096985e-16,OPTIMAL,490151.22910210164,1.9861044461295176
