cost,time,Pg,B,R,Pd,P0,P_rsrv,P_cul,status,cost_opt,peak_opt
11745.171906442074,27.5,7.094632749585684,56.95300000000006,-0.9870121706675951,7.094632749585684,5.314557423729445,0,4.537928192938079e-16,OPTIMAL,519217.57949489774,1.9873370735648033
