cost,time,Pg,B,R,Pd,P0,P_rsrv,P_cul,status,cost_opt,peak_opt
13510.682703646373,34.484,0.0,74.90800000000016,-0.011040000000000001,0.0,7.148509367008663,0,1.902600323924926e-15,OPTIMAL,464347.0164097445,1.9894733096515196
