cost,time,Pg,B,R,Pd,P0,P_rsrv,P_cul,status,cost_opt,peak_opt
11243.367840768546,26.797,7.547141281535353,74.15300000000016,-0.10164,7.547141281535353,4.209422628516864,0,-7.570441669380035e-16,OPTIMAL,520807.80743000424,1.9875100020963767
