cost,time,Pg,B,R,Pd,P0,P_rsrv,P_cul,status,cost_opt,peak_opt
2092.3555049104402,28.484,7.474676679056193,62.44500000000006,1.5135109229089958,7.474676679056193,0.9476247757746561,0,5.726484824525313e-16,OPTIMAL,497288.78551159124,1.9842288854033898
