cost,time,Pg,B,R,Pd,P0,P_rsrv,P_cul,status,cost_opt,peak_opt
15800.586650558584,34.437,0.0,26.764000000000028,-0.7726430923080391,0.0,7.9922036674550245,0,3.0657510492922146e-16,OPTIMAL,465110.50150307757,1.9864893881612231
