cost,time,Pg,B,R,Pd,P0,P_rsrv,P_cul,status,cost_opt,peak_opt
13627.18932937006,44.36,0.0,63.368000000000094,-0.6512463174242614,0.0,8.130781222774498,0,0.0,OPTIMAL,464971.63052833686,1.9908255325354007
