cost,time,Pg,B,R,Pd,P0,P_rsrv,P_cul,status,cost_opt,peak_opt
18713.508829922986,34.937,0.0,60.747801087807076,-0.5687257048805305,0.0,8.655647007364934,0,0.0,OPTIMAL,467948.4521168538,1.9951231727398677
