cost,time,Pg,B,R,Pd,P0,P_rsrv,P_cul,status,cost_opt,peak_opt
23964.351677427127,34.094,0.0,46.63535435768501,-0.442828841258603,0.0,9.412549755470199,0,0.0,OPTIMAL,473176.653312834,2.0021530005512176
