cost,time,Pg,B,R,Pd,P0,P_rsrv,P_cul,status,cost_opt,peak_opt
9159.57944071952,28.063,6.207824433879557,56.83000000000009,3.750000000000007,6.207824433879557,2.3766423042863316,0,-9.133861202104132e-16,OPTIMAL,532520.7048383865,2.001594803037205
