cost,time,Pg,B,R,Pd,P0,P_rsrv,P_cul,status,cost_opt,peak_opt
18348.67596421055,31.453,0.0,70.54946342704788,-0.5340643887542637,0.0,8.54221413603843,0,0.0,OPTIMAL,468701.5321490704,1.995786073599244
