cost,time,Pg,B,R,Pd,P0,P_rsrv,P_cul,status,cost_opt,peak_opt
31898.606936910266,31.219,0.0,9.232999999999997,-0.0333927759456678,0.0,11.172892096991337,0,0.0,OPTIMAL,556553.141039476,1.9798681130374989
