cost,time,Pg,B,R,Pd,P0,P_rsrv,P_cul,status,cost_opt,peak_opt
31359.639484221163,31.875,0.0,12.032999999999998,-0.13951567714518204,0.0,11.042126578951114,0,0.0,OPTIMAL,555666.0004396399,1.9706032441913115
