cost,time,Pg,B,R,Pd,P0,P_rsrv,P_cul,status,cost_opt,peak_opt
29469.773566260057,31.703,2.6062214895081186,63.32600000000009,0.09286503323773199,2.6062214895081186,9.922482682242443,0,-9.70848835352145e-16,OPTIMAL,540001.8342724373,2.1027665771813
