cost,time,Pg,B,R,Pd,P0,P_rsrv,P_cul,status,cost_opt,peak_opt
45048.80244971851,27.484,0.0,25.65400000000001,0.10362034317314299,0.0,12.434116050156918,0,0.0,OPTIMAL,555558.04497746,2.090949426419615
