cost,time,Pg,B,R,Pd,P0,P_rsrv,P_cul,status,cost_opt,peak_opt
13342.829056865128,37.312,0.0,59.64700000000005,-0.6395950465193513,0.0,7.965868093650823,0,0.0,OPTIMAL,465561.5936286042,1.991389772164999
