cost,time,Pg,B,R,Pd,P0,P_rsrv,P_cul,status,cost_opt,peak_opt
13058.994012683283,38.25,0.0,48.98300000000004,-0.643144302299279,0.0,7.805734616068907,0,0.0,OPTIMAL,464690.7905985676,1.9911485678072092
