cost,time,Pg,B,R,Pd,P0,P_rsrv,P_cul,status,cost_opt,peak_opt
13143.993102833874,31.516,5.827655836456547,62.428000000000075,-1.1140411550531215,5.827655836456547,5.952895427008096,0,-1.0842021724855044e-16,OPTIMAL,507840.87849660753,1.9847929368616988
