cost,time,Pg,B,R,Pd,P0,P_rsrv,P_cul,status,cost_opt,peak_opt
24248.09950737634,29.625,4.524696861383795,66.95700000000005,-0.17086963580302406,4.524696861383795,8.06656670238734,0,1.3076020301261426e-15,OPTIMAL,533642.5164979915,2.0277673907739056
