cost,time,Pg,B,R,Pd,P0,P_rsrv,P_cul,status,cost_opt,peak_opt
262.4807299063239,29.875,6.786899846131105,55.511000000000024,2.1672711183785442,6.786899846131105,0.13236547146057687,0,9.904999997284447e-16,OPTIMAL,486174.5129987593,1.9844265394134224
