cost,time,Pg,B,R,Pd,P0,P_rsrv,P_cul,status,cost_opt,peak_opt
12124.684527990885,32.891,1.429755316678515,27.438000000000017,-1.1128535060762692,1.429755316678515,6.944263761735902,0,-7.363630104978425e-16,OPTIMAL,461063.24938689824,1.9799589711800958
