cost,time,Pg,B,R,Pd,P0,P_rsrv,P_cul,status,cost_opt,peak_opt
22075.720239413655,36.063,4.3798850972503,68.42000000000009,0.8025677330014246,4.3798850972503,7.351222190946938,0,-3.4456758193218695e-15,OPTIMAL,531756.173327195,2.025420263815334
