cost,time,Pg,B,R,Pd,P0,P_rsrv,P_cul,status,cost_opt,peak_opt
40844.740978670976,26.36,0.23518157544324356,39.03200000000003,0.19090514629006602,0.23518157544324356,12.437497252944876,0,0.0,OPTIMAL,570050.6793606132,2.1680706949939696
