cost,time,Pg,B,R,Pd,P0,P_rsrv,P_cul,status,cost_opt,peak_opt
19333.571977111726,31.86,0.0,42.46204728010272,-0.5081753854967379,0.0,8.950727767181354,0,0.0,OPTIMAL,470505.9889242579,1.998239813132145
