cost,time,Pg,B,R,Pd,P0,P_rsrv,P_cul,status,cost_opt,peak_opt
4673.3736024657455,35.703,0.9592403961107192,67.06800000000008,3.750000000000007,0.9592403961107192,2.455792749587885,0,-3.167090071101719e-16,OPTIMAL,460482.1696318884,1.9807239775794667
