cost,time,Pg,B,R,Pd,P0,P_rsrv,P_cul,status,cost_opt,peak_opt
24807.176845994207,40.625,3.3481764850965816,65.03600000000009,0.011247209840416538,3.3481764850965816,9.270245458144322,0,2.2240171401559372e-15,OPTIMAL,536347.8732803531,2.0640669993957848
