cost,time,Pg,B,R,Pd,P0,P_rsrv,P_cul,status,cost_opt,peak_opt
28223.0365413897,35.782,0.0,13.285999999999994,-0.13196602134167734,0.0,10.830021696619227,0,0.0,OPTIMAL,556669.7272612501,1.9725266214280428
