cost,time,Pg,B,R,Pd,P0,P_rsrv,P_cul,status,cost_opt,peak_opt
20742.350640899593,41.672,0.0,58.26266615264244,-0.49104415795876555,0.0,9.26411372974524,0,0.0,OPTIMAL,471172.138815833,1.99922635710014
