cost,time,Pg,B,R,Pd,P0,P_rsrv,P_cul,status,cost_opt,peak_opt
20988.64545074662,34.047,5.339085744158773,50.039000000000065,-0.3957244875149937,5.339085744158773,7.254975959469968,0,-8.307563621398617e-16,OPTIMAL,533331.8665518519,2.011203057614506
