cost,time,Pg,B,R,Pd,P0,P_rsrv,P_cul,status,cost_opt,peak_opt
7519.009023161527,31.063,0.0,55.61500000000003,3.4738139439840228,0.0,3.8440741427206175,0,6.080036376709258e-16,OPTIMAL,463194.677573489,1.9870500027983333
