cost,time,Pg,B,R,Pd,P0,P_rsrv,P_cul,status,cost_opt,peak_opt
37812.577065448386,34.359,1.1040178313877276,49.55200000000006,0.21250972147739539,1.1040178313877276,11.542300691528812,0,0.0,OPTIMAL,567170.400230255,2.171878420266145
