cost,time,Pg,B,R,Pd,P0,P_rsrv,P_cul,status,cost_opt,peak_opt
14922.366643676842,39.719,0.0,36.95600000000004,-0.6453312678610642,0.0,7.895432086601504,0,0.0,OPTIMAL,465311.0884123866,1.9909934518370802
