cost,time,Pg,B,R,Pd,P0,P_rsrv,P_cul,status,cost_opt,peak_opt
11016.428760796593,35.203,1.1040214449515684,8.950000000000001,-1.077564673031306,1.1040214449515684,7.295648185958009,0,7.414045505999001e-16,OPTIMAL,461967.1525791192,1.980141544124466
