cost,time,Pg,B,R,Pd,P0,P_rsrv,P_cul,status,cost_opt,peak_opt
8916.668838425088,37.515,3.728281845152382,38.47600000000004,-1.4149428248426106,3.728281845152382,5.737882135408681,0,-2.024015720650252e-15,OPTIMAL,468069.6997389265,1.981439388834704
