cost,time,Pg,B,R,Pd,P0,P_rsrv,P_cul,status,cost_opt,peak_opt
13682.986407099806,30.953,0.0,47.46800000000006,-0.6395118100724705,0.0,8.168947108716303,0,0.0,OPTIMAL,465948.152743167,1.991330814552423
