cost,time,Pg,B,R,Pd,P0,P_rsrv,P_cul,status,cost_opt,peak_opt
30586.067202539984,37.828,1.9908026589288899,58.91400000000005,0.1863239987234672,1.9908026589288899,10.623851060277868,0,-1.6434861690962574e-15,OPTIMAL,543108.5064249486,2.147859070350492
