cost,time,Pg,B,R,Pd,P0,P_rsrv,P_cul,status,cost_opt,peak_opt
14645.502390002932,29.0,5.66482864979532,64.34700000000008,-0.9291264451044883,5.66482864979532,6.532338264943323,0,8.288183507565439e-16,OPTIMAL,516131.5505282099,1.9855660518992513
