cost,time,Pg,B,R,Pd,P0,P_rsrv,P_cul,status,cost_opt,peak_opt
4423.1526359614145,25.234,7.02219886239917,65.25000000000007,0.5222125305776951,7.02219886239917,2.0005213188427926,0,-1.513519127735452e-15,OPTIMAL,493448.48065233417,1.983662460017649
