cost,time,Pg,B,R,Pd,P0,P_rsrv,P_cul,status,cost_opt,peak_opt
21523.26387910588,33.344,5.2124068433778294,53.42300000000003,-0.3516849244016107,5.2124068433778294,7.439773203977145,0,2.501484804885712e-15,OPTIMAL,531799.8182899342,2.0139548541452275
