cost,time,Pg,B,R,Pd,P0,P_rsrv,P_cul,status,cost_opt,peak_opt
9042.091636554198,32.297,7.257553888906768,33.87900000000006,-1.2417163003882796,7.257553888906768,4.098862935881323,0,1.7059921184059412e-15,OPTIMAL,501865.5964853333,1.9833462698577202
