cost,time,Pg,B,R,Pd,P0,P_rsrv,P_cul,status,cost_opt,peak_opt
16026.099456557688,27.141,0.10859662732215902,61.63500000000011,-0.8968311900847383,0.10859662732215902,8.193302380653215,0,2.292525164929865e-15,OPTIMAL,462668.35831806716,1.9830493789315637
