cost,time,Pg,B,R,Pd,P0,P_rsrv,P_cul,status,cost_opt,peak_opt
14224.448930385248,31.969,0.7057850283251361,55.67100000000008,-0.8087587993771624,0.7057850283251361,7.424033888510046,0,-1.7730432465105916e-16,OPTIMAL,463178.11807129974,1.9854791989239344
