cost,time,Pg,B,R,Pd,P0,P_rsrv,P_cul,status,cost_opt,peak_opt
27286.107351629973,28.578,0.0,27.418999999999997,-0.24262395994105812,0.0,10.292760223172376,0,0.0,OPTIMAL,558379.2124835104,1.965184431912621
