cost,time,Pg,B,R,Pd,P0,P_rsrv,P_cul,status,cost_opt,peak_opt
14824.123538164873,39.657,0.3981171690196897,47.89900000000008,-0.9246292913582793,0.3981171690196897,7.737016460420079,0,-1.496361628355869e-15,OPTIMAL,461415.8883330717,1.982441502407992
