cost,time,Pg,B,R,Pd,P0,P_rsrv,P_cul,status,cost_opt,peak_opt
28315.931445493654,39.64,2.9139146437604486,64.56200000000004,0.06597459951089336,2.9139146437604486,9.859307606369656,0,-2.490893504913244e-15,OPTIMAL,539366.842281942,2.088445235023618
