cost,time,Pg,B,R,Pd,P0,P_rsrv,P_cul,status,cost_opt,peak_opt
19774.438547584847,28.453,5.972586848196784,30.19700000000003,-0.5599416688319075,5.972586848196784,6.832908965993382,0,-7.407540292964088e-16,OPTIMAL,533407.1764585436,2.002305716972473
