cost,time,Pg,B,R,Pd,P0,P_rsrv,P_cul,status,cost_opt,peak_opt
6443.504682900759,31.61,6.82314750501701,37.532000000000004,-1.5062685551842265,6.82314750501701,3.7902968722945642,0,-1.7358076781492926e-15,OPTIMAL,486756.12669217587,1.984295182247784
