cost,time,Pg,B,R,Pd,P0,P_rsrv,P_cul,status,cost_opt,peak_opt
36540.33150191499,35.703,1.357357565130409,52.8080000000001,0.1925632137522109,1.357357565130409,11.147142007905732,0,-1.7911470934504946e-15,OPTIMAL,547814.496361841,2.1593991615283685
