cost,time,Pg,B,R,Pd,P0,P_rsrv,P_cul,status,cost_opt,peak_opt
40474.32424583522,30.172,0.0,14.255999999999982,0.11418010896123779,0.0,11.824225604976693,0,0.0,OPTIMAL,559555.6281632641,2.080161178095474
