cost,time,Pg,B,R,Pd,P0,P_rsrv,P_cul,status,cost_opt,peak_opt
40085.826070888776,32.141,0.0,16.719999999999988,0.12002746188740351,0.0,11.83170781313128,0,0.0,OPTIMAL,558678.1391509562,2.089970647739187
