cost,time,Pg,B,R,Pd,P0,P_rsrv,P_cul,status,cost_opt,peak_opt
3368.6155206242356,28.328,2.0814163857978842,75.00000000000016,3.5482026720813806,2.0814163857978842,1.9665005958109958,0,1.922981630701759e-15,OPTIMAL,463205.8200428332,1.9798970891511822
