cost,time,Pg,B,R,Pd,P0,P_rsrv,P_cul,status,cost_opt,peak_opt
4777.879968855117,27.625,6.877546095074665,52.200000000000024,1.2909439321996221,6.877546095074665,2.1658567401881763,0,1.095748925622475e-15,OPTIMAL,503345.40990693006,1.9839930175102845
