cost,time,Pg,B,R,Pd,P0,P_rsrv,P_cul,status,cost_opt,peak_opt
22458.562568882222,32.36,3.6558533783116305,64.73800000000008,-0.029309993528713975,3.6558533783116305,8.890959053397554,0,-7.671001420878065e-16,OPTIMAL,534144.4116111367,2.048023021993772
