cost,time,Pg,B,R,Pd,P0,P_rsrv,P_cul,status,cost_opt,peak_opt
28080.53061179732,36.563,0.0,18.38500000000001,-0.17807167939445223,0.0,10.604429989349441,0,0.0,OPTIMAL,555178.5228738885,1.9699098082285191
