cost,time,Pg,B,R,Pd,P0,P_rsrv,P_cul,status,cost_opt,peak_opt
25192.065354316564,30.282,0.0,23.450999999999997,-0.2256130413086296,0.0,10.384198414804848,0,0.0,OPTIMAL,556383.6596660945,1.9664955442423644
