cost,time,Pg,B,R,Pd,P0,P_rsrv,P_cul,status,cost_opt,peak_opt
22104.178848831205,30.75,4.09026156898331,63.03600000000006,-0.08904485429047351,4.09026156898331,8.369624706107992,0,2.365783350471995e-15,OPTIMAL,532505.3162826104,2.0343434528748676
