cost,time,Pg,B,R,Pd,P0,P_rsrv,P_cul,status,cost_opt,peak_opt
4510.483355740044,32.781,7.203256478636648,74.46100000000015,-0.06468000000000002,7.203256478636648,2.275723186548963,0,1.3488830278435282e-15,OPTIMAL,491265.8754513096,1.9831296535452474
