cost,time,Pg,B,R,Pd,P0,P_rsrv,P_cul,status,cost_opt,peak_opt
17186.36122362287,34.0,0.0,16.444000000000006,-0.5782567625006955,0.0,8.610401414640716,0,0.0,OPTIMAL,468027.9806809302,1.994298874300795
