cost,time,Pg,B,R,Pd,P0,P_rsrv,P_cul,status,cost_opt,peak_opt
13224.307951390014,25.375,7.34794357481764,28.11000000000004,-0.8911690408939246,7.34794357481764,5.377921086372515,0,6.201907477160207e-16,OPTIMAL,526428.4790436751,1.9904410599821871
