cost,time,Pg,B,R,Pd,P0,P_rsrv,P_cul,status,cost_opt,peak_opt
28180.640681320405,30.406,0.0,21.469999999999995,-0.22808431178820507,0.0,10.622178922472823,0,0.0,OPTIMAL,556821.0448482118,1.9660472478593627
