cost,time,Pg,B,R,Pd,P0,P_rsrv,P_cul,status,cost_opt,peak_opt
39059.082613090024,27.891,0.3619255203733181,40.55800000000007,0.1931127203770761,0.3619255203733181,12.202150144670423,0,0.0,OPTIMAL,572563.237238769,2.172410246437182
