cost,time,Pg,B,R,Pd,P0,P_rsrv,P_cul,status,cost_opt,peak_opt
29364.29544408222,27.687,0.0,15.704,-0.15058954736994482,0.0,10.84353598378221,0,0.0,OPTIMAL,557640.2950650796,1.9726263420405792
