cost,time,Pg,B,R,Pd,P0,P_rsrv,P_cul,status,cost_opt,peak_opt
13264.77728878952,24.61,7.420426245116003,20.586000000000027,-0.8908559868104863,7.420426245116003,5.3443905273124575,0,2.2266260016334805e-15,OPTIMAL,526078.2750350251,1.9904137705748477
