cost,time,Pg,B,R,Pd,P0,P_rsrv,P_cul,status,cost_opt,peak_opt
7818.320211389629,32.391,1.5745797282854523,36.80000000000003,1.154516157660311,1.5745797282854523,4.508835185345807,0,-1.7118197050830508e-15,OPTIMAL,460974.41470912425,1.979790449223534
