cost,time,Pg,B,R,Pd,P0,P_rsrv,P_cul,status,cost_opt,peak_opt
41364.122324913136,26.406,0.14480273022389345,37.530000000000015,0.17170121807864283,0.14480273022389345,12.429123294745533,0,0.0,OPTIMAL,570109.5121959178,2.153212984439951
