cost,time,Pg,B,R,Pd,P0,P_rsrv,P_cul,status,cost_opt,peak_opt
23946.352192065206,32.218,0.0,43.02018536778057,-0.42428709493364475,0.0,9.354043825025471,0,0.0,OPTIMAL,473329.40646252106,2.003375037042761
