cost,time,Pg,B,R,Pd,P0,P_rsrv,P_cul,status,cost_opt,peak_opt
22549.971029850785,32.547,4.940861975005782,59.18900000000003,-0.3000044154100481,4.940861975005782,7.824417428817066,0,-5.353248226647178e-18,OPTIMAL,531525.8426624634,2.0181402631007512
