cost,time,Pg,B,R,Pd,P0,P_rsrv,P_cul,status,cost_opt,peak_opt
18733.536973056784,30.422,0.0,37.50000000000008,-0.42009726609813025,0.0,9.315533054727391,0,0.0,OPTIMAL,473481.25767507823,2.003821736888413
