cost,time,Pg,B,R,Pd,P0,P_rsrv,P_cul,status,cost_opt,peak_opt
9057.776065768734,36.875,3.8550420511197396,50.36400000000004,-1.497288956732504,3.8550420511197396,5.711082008681421,0,-1.910797908788453e-15,OPTIMAL,468655.7853524906,1.9824375552283304
