cost,time,Pg,B,R,Pd,P0,P_rsrv,P_cul,status,cost_opt,peak_opt
20593.17020937865,27.047,5.845880845687035,34.95700000000007,-0.48441176543715986,5.845880845687035,6.85296845570005,0,2.245247173945919e-16,OPTIMAL,533349.7495796271,2.00601921349165
