cost,time,Pg,B,R,Pd,P0,P_rsrv,P_cul,status,cost_opt,peak_opt
11273.171306905739,36.515,2.008955396882566,63.29400000000007,-1.1894632308905042,2.008955396882566,6.600217392801956,0,-6.457914715138346e-16,OPTIMAL,462641.47029616986,1.9797670952821032
