cost,time,Pg,B,R,Pd,P0,P_rsrv,P_cul,status,cost_opt,peak_opt
16534.25572639062,30.079,6.624060011996438,75.00000000000016,0.0,6.624060011996438,5.733098379469702,0,1.307276769474397e-16,OPTIMAL,528782.5349682199,1.9945966636184616
