cost,time,Pg,B,R,Pd,P0,P_rsrv,P_cul,status,cost_opt,peak_opt
13521.364801609378,33.672,0.8325235529094497,62.47700000000015,-0.5438214792431427,0.8325235529094497,7.064453919336142,0,-1.2342964107389665e-16,OPTIMAL,461035.3613683644,1.9816216212955418
