cost,time,Pg,B,R,Pd,P0,P_rsrv,P_cul,status,cost_opt,peak_opt
23793.281544094272,23.172,0.0,44.679000000000016,-0.3499289686913914,0.0,9.972037528958204,0,0.0,OPTIMAL,553977.279911166,1.9572384849775102
