cost,time,Pg,B,R,Pd,P0,P_rsrv,P_cul,status,cost_opt,peak_opt
39553.78407405436,33.172,0.0,10.115000000000009,0.06317638714427007,0.0,11.716168268381033,0,0.0,OPTIMAL,556962.0899397796,2.031075676487067
