cost,time,Pg,B,R,Pd,P0,P_rsrv,P_cul,status,cost_opt,peak_opt
13154.076945915907,34.891,0.0,62.41936512940505,3.270038567989635,0.0,5.440064907326677,0,0.0,OPTIMAL,470944.47058257647,2.000492581408129
