cost,time,Pg,B,R,Pd,P0,P_rsrv,P_cul,status,cost_opt,peak_opt
2374.4309152058136,27.547,7.221373080951918,43.85499999999999,3.750000000000007,7.221373080951918,0.8040741331546948,0,-6.498707821878114e-16,OPTIMAL,522320.18254278065,1.9900862152058112
