cost,time,Pg,B,R,Pd,P0,P_rsrv,P_cul,status,cost_opt,peak_opt
15135.27323390643,39.75,0.0,42.40600000000006,-0.6607009520752384,0.0,8.003846236862204,0,0.0,OPTIMAL,464376.9558455504,1.9905405696399745
