cost,time,Pg,B,R,Pd,P0,P_rsrv,P_cul,status,cost_opt,peak_opt
15585.939578067822,45.5,0.16298076312445478,39.911000000000044,-0.9469760208564829,0.16298076312445478,8.02571553968477,0,-1.306111252138975e-15,OPTIMAL,461885.1310042767,1.9820331510972489
