cost,time,Pg,B,R,Pd,P0,P_rsrv,P_cul,status,cost_opt,peak_opt
12154.10049445671,26.75,7.185060377916884,42.35000000000011,-0.705329714702014,7.185060377916884,5.484702389195267,0,1.6984027031985427e-16,OPTIMAL,529153.2639494464,1.9955046616920111
