cost,time,Pg,B,R,Pd,P0,P_rsrv,P_cul,status,cost_opt,peak_opt
33593.03243604354,28.421,0.0,8.447000000000006,0.002936692400212516,0.0,11.692667050485047,0,0.0,OPTIMAL,555395.1769600906,1.996767170277093
