cost,time,Pg,B,R,Pd,P0,P_rsrv,P_cul,status,cost_opt,peak_opt
40273.519451662,32.656,0.5792145344594144,43.30600000000006,0.19471078391829238,0.5792145344594144,12.054330874487281,0,0.0,OPTIMAL,569640.9983449508,2.1752806957609447
