cost,time,Pg,B,R,Pd,P0,P_rsrv,P_cul,status,cost_opt,peak_opt
14563.44490213534,25.25,6.533565532734185,75.00000000000016,0.6852152292311219,6.533565532734185,5.054996495014002,0,1.9414808302697928e-15,OPTIMAL,529565.7071061477,1.996034805981839
