cost,time,Pg,B,R,Pd,P0,P_rsrv,P_cul,status,cost_opt,peak_opt
13973.728425252972,36.969,0.0,37.03100000000002,-0.6251613520139004,0.0,8.30286893954425,0,0.0,OPTIMAL,465639.8460737786,1.9919710760633003
