cost,time,Pg,B,R,Pd,P0,P_rsrv,P_cul,status,cost_opt,peak_opt
13092.045689098297,33.516,0.0,54.41500000000006,-0.6203745441232804,0.0,7.825490549371366,0,0.0,OPTIMAL,464008.2900209769,1.9922099217216958
