cost,time,Pg,B,R,Pd,P0,P_rsrv,P_cul,status,cost_opt,peak_opt
27878.528109717423,39.406,2.769043255823583,64.0690000000001,0.0962021482126063,2.769043255823583,9.686771407129056,0,-3.811140042875999e-16,OPTIMAL,538096.1877831374,2.1044752570214396
