cost,time,Pg,B,R,Pd,P0,P_rsrv,P_cul,status,cost_opt,peak_opt
2763.9990321474793,30.922,5.1943028885360025,62.31900000000004,1.5328082356490518,5.1943028885360025,1.611661243234682,0,-1.030534164947472e-16,OPTIMAL,473512.7969281275,1.982754409752562
