cost,time,Pg,B,R,Pd,P0,P_rsrv,P_cul,status,cost_opt,peak_opt
48887.82934458966,3.313,0.08674909351266233,0.0,0.0,0.08674909351266233,12.974477002279635,0,0.0,OPTIMAL,612028.3055935615,0.0
