cost,time,Pg,B,R,Pd,P0,P_rsrv,P_cul,status,cost_opt,peak_opt
5112.997930042208,2.719,6.5587951195448735,0.0,0.0,6.5587951195448735,2.8374017369823576,0,4.61414760566381e-15,OPTIMAL,495666.79847253714,0.0
