cost,time,Pg,B,R,Pd,P0,P_rsrv,P_cul,status,cost_opt,peak_opt
11027.560983412488,2.688,0.0,0.0,0.0,0.0,7.4510547185219504,0,0.0,OPTIMAL,489898.9232149116,0.0
