cost,time,Pg,B,R,Pd,P0,P_rsrv,P_cul,status,cost_opt,peak_opt
11159.11937055413,2.703,0.0,0.0,0.0,0.0,7.036014735532238,0,0.0,OPTIMAL,490101.33705789765,0.0
