cost,time,Pg,B,R,Pd,P0,P_rsrv,P_cul,status,cost_opt,peak_opt
7578.725208237135,3.047,7.426246214629348,0.0,0.0,7.426246214629348,2.8048575900211454,0,-2.326616546990956e-15,OPTIMAL,503934.727946236,0.0
