cost,time,Pg,B,R,Pd,P0,P_rsrv,P_cul,status,cost_opt,peak_opt
43918.12193936745,2.812,0.6419703139353317,0.0,0.0,0.6419703139353317,12.490933429854225,0,0.0,OPTIMAL,615717.1990555406,0.0
