cost,time,Pg,B,R,Pd,P0,P_rsrv,P_cul,status,cost_opt,peak_opt
28608.729190067,3.328,0.0,0.0,0.0,0.0,10.911033253267354,0,0.0,OPTIMAL,600890.5871526861,0.0
