cost,time,Pg,B,R,Pd,P0,P_rsrv,P_cul,status,cost_opt,peak_opt
11700.117202625763,3.078,7.4089850833249855,0.0,0.0,7.4089850833249855,4.071021991171108,0,1.0013935210564928e-14,OPTIMAL,540925.2503141944,0.0
