cost,time,Pg,B,R,Pd,P0,P_rsrv,P_cul,status,cost_opt,peak_opt
15113.46639200595,3.016,6.472103187831812,0.0,0.0,6.472103187831812,5.521909533067573,0,-9.836207369440242e-15,OPTIMAL,565887.6936759643,0.0
