cost,time,Pg,B,R,Pd,P0,P_rsrv,P_cul,status,cost_opt,peak_opt
10751.751311766127,2.969,0.0,0.0,0.0,0.0,6.800601715222093,0,0.0,OPTIMAL,489768.56208334217,0.0
