cost,time,Pg,B,R,Pd,P0,P_rsrv,P_cul,status,cost_opt,peak_opt
6463.3027447452505,3.359,6.888379663001298,0.0,0.0,6.888379663001298,2.576047327519032,0,-1.600884138794334e-14,OPTIMAL,498904.3534200088,0.0
