cost,time,Pg,B,R,Pd,P0,P_rsrv,P_cul,status,cost_opt,peak_opt
12624.766712164706,3.219,0.0,0.0,0.0,0.0,7.140705153939314,0,0.0,OPTIMAL,490618.25600959413,0.0
