cost,time,Pg,B,R,Pd,P0,P_rsrv,P_cul,status,cost_opt,peak_opt
6163.682080481147,2.61,5.500345665877826,0.0,0.0,5.500345665877826,3.520092564523784,0,7.0311052986771205e-15,OPTIMAL,491946.57329988526,0.0
