cost,time,Pg,B,R,Pd,P0,P_rsrv,P_cul,status,cost_opt,peak_opt
11039.459451270057,2.782,7.42624967898084,0.0,0.0,7.42624967898084,3.714488375259104,0,4.6859759995909744e-15,OPTIMAL,539666.7892528017,0.0
