cost,time,Pg,B,R,Pd,P0,P_rsrv,P_cul,status,cost_opt,peak_opt
37412.83829553281,2.75,0.0,0.0,0.0,0.0,12.79508833636553,0,0.0,OPTIMAL,611799.4448099447,0.0
