cost,time,Pg,B,R,Pd,P0,P_rsrv,P_cul,status,cost_opt,peak_opt
5422.387530370346,3.032,6.47209279477734,0.0,0.0,6.47209279477734,3.0124375168724145,0,5.818669114240893e-15,OPTIMAL,495722.03496779664,0.0
