cost,time,Pg,B,R,Pd,P0,P_rsrv,P_cul,status,cost_opt,peak_opt
6818.085419313708,2.687,6.992545783635423,0.0,0.0,6.992545783635423,2.744800893443522,0,1.2315235636828348e-14,OPTIMAL,498859.6015224617,0.0
