cost,time,Pg,B,R,Pd,P0,P_rsrv,P_cul,status,cost_opt,peak_opt
12482.039706436039,2.765,0.0,0.0,0.0,0.0,8.416749633470019,0,0.0,OPTIMAL,469631.91224204353,0.0
