cost,time,Pg,B,R,Pd,P0,P_rsrv,P_cul,status,cost_opt,peak_opt
31308.641631104045,3.156,0.0,0.0,0.0,0.0,11.335496607930502,0,0.0,OPTIMAL,601095.3501071212,0.0
