cost,time,Pg,B,R,Pd,P0,P_rsrv,P_cul,status,cost_opt,peak_opt
10794.46124628132,2.625,0.0,0.0,0.0,0.0,6.840596480533156,0,0.0,OPTIMAL,490868.4979591741,0.0
