cost,time,Pg,B,R,Pd,P0,P_rsrv,P_cul,status,cost_opt,peak_opt
41963.257716806074,2.828,0.7807851460075994,0.0,0.0,0.7807851460075994,12.437242951039144,0,0.0,OPTIMAL,615555.631798647,0.0
