cost,time,Pg,B,R,Pd,P0,P_rsrv,P_cul,status,cost_opt,peak_opt
11236.072417637079,3.813,3.088490140416507,0.0,0.0,3.088490140416507,5.243150918169425,0,2.22611100560155e-15,OPTIMAL,489872.1739426073,0.0
