cost,time,Pg,B,R,Pd,P0,P_rsrv,P_cul,status,cost_opt,peak_opt
14258.761385722413,2.704,0.0,0.0,0.0,0.0,8.213572226798625,0,0.0,OPTIMAL,470273.21393861447,0.0
