cost,time,Pg,B,R,Pd,P0,P_rsrv,P_cul,status,cost_opt,peak_opt
8745.817597209618,2.641,7.721305031125562,0.0,0.0,7.721305031125562,3.110176954910959,0,4.990311549407656e-16,OPTIMAL,527547.878228454,0.0
