cost,time,Pg,B,R,Pd,P0,P_rsrv,P_cul,status,cost_opt,peak_opt
11077.734372528339,2.906,2.0821376044724866,0.0,0.0,2.0821376044724866,5.8396069438736635,0,-1.5014302735122387e-15,OPTIMAL,490012.2675397643,0.0
