cost,time,Pg,B,R,Pd,P0,P_rsrv,P_cul,status,cost_opt,peak_opt
35898.21252189088,2.922,0.0,0.0,0.0,0.0,12.018149488413417,0,0.0,OPTIMAL,606920.5446645838,0.0
