cost,time,Pg,B,R,Pd,P0,P_rsrv,P_cul,status,cost_opt,peak_opt
47312.75651120102,3.344,0.0,0.0,0.0,0.0,12.41153108898243,0,0.0,OPTIMAL,610299.1510801027,0.0
