cost,time,Pg,B,R,Pd,P0,P_rsrv,P_cul,status,cost_opt,peak_opt
11237.472567869616,3.047,0.0,0.0,0.0,0.0,7.587760005313718,0,0.0,OPTIMAL,487110.53250199935,0.0
