cost,time,Pg,B,R,Pd,P0,P_rsrv,P_cul,status,cost_opt,peak_opt
10767.634285487824,3.203,7.42624967898084,0.0,0.0,7.42624967898084,3.7847572180976536,0,-4.663885380326582e-15,OPTIMAL,539035.7270628212,0.0
