cost,time,Pg,B,R,Pd,P0,P_rsrv,P_cul,status,cost_opt,peak_opt
33213.912699716675,3.375,3.0884953369437436,0.0,0.0,3.0884953369437436,9.786067383534672,0,1.2699503991811523e-14,OPTIMAL,603884.8840622832,0.0
