cost,time,Pg,B,R,Pd,P0,P_rsrv,P_cul,status,cost_opt,peak_opt
34649.158736634636,2.953,2.533364189659843,0.0,0.0,2.533364189659843,10.321465217942997,0,2.684518460391999e-16,OPTIMAL,606148.193428457,0.0
