cost,time,Pg,B,R,Pd,P0,P_rsrv,P_cul,status,cost_opt,peak_opt
11632.903404378863,2.718,0.0,0.0,0.0,0.0,7.1852399038782355,0,-6.596919598046355e-15,OPTIMAL,489485.9220960861,0.0
