cost,time,Pg,B,R,Pd,P0,P_rsrv,P_cul,status,cost_opt,peak_opt
40263.522903687575,2.672,0.0,0.0,0.0,0.0,12.786129851917298,0,0.0,OPTIMAL,612485.3344142078,0.0
