cost,time,Pg,B,R,Pd,P0,P_rsrv,P_cul,status,cost_opt,peak_opt
24711.820791355294,3.015,5.274760954183949,0.0,0.0,5.274760954183949,7.0909098397002275,0,4.153930888498025e-15,OPTIMAL,581723.2476065077,0.0
