cost,time,Pg,B,R,Pd,P0,P_rsrv,P_cul,status,cost_opt,peak_opt
9277.335827605817,4.266,7.686609550942285,0.0,0.0,7.686609550942285,3.124734195892832,0,1.8805242736272265e-14,OPTIMAL,528460.0629387662,0.0
