cost,time,Pg,B,R,Pd,P0,P_rsrv,P_cul,status,cost_opt,peak_opt
8791.445965740939,2.859,5.014548317160872,0.0,0.0,5.014548317160872,3.9834372296062246,0,-3.3452515930953997e-15,OPTIMAL,491959.37523014273,0.0
