cost,time,Pg,B,R,Pd,P0,P_rsrv,P_cul,status,cost_opt,peak_opt
10580.264989634286,2.656,2.810924566774557,0.0,0.0,2.810924566774557,5.453744840017674,0,1.4010575468889619e-14,OPTIMAL,490254.1935861579,0.0
