cost,time,Pg,B,R,Pd,P0,P_rsrv,P_cul,status,cost_opt,peak_opt
8822.881080308347,2.797,7.148689301866126,0.0,0.0,7.148689301866126,3.220029591353411,0,1.5037342031287704e-15,OPTIMAL,510949.9318620204,0.0
