cost,time,Pg,B,R,Pd,P0,P_rsrv,P_cul,status,cost_opt,peak_opt
11433.340014360745,2.625,3.2447254639617253,0.0,0.0,3.2447254639617253,5.168779391663989,0,6.655375035802269e-16,OPTIMAL,490388.20114015986,0.0
