cost,time,Pg,B,R,Pd,P0,P_rsrv,P_cul,status,cost_opt,peak_opt
8226.006150589785,3.0,7.790737563710006,0.0,0.0,7.790737563710006,3.007680493817106,0,2.375243014426931e-15,OPTIMAL,517289.78032979346,0.0
