cost,time,Pg,B,R,Pd,P0,P_rsrv,P_cul,status,cost_opt,peak_opt
10929.68655313966,3.0,1.1971932665337468,0.0,0.0,1.1971932665337468,6.501895629470351,0,-4.07810449905982e-15,OPTIMAL,488181.5097885123,0.0
