cost,time,Pg,B,R,Pd,P0,P_rsrv,P_cul,status,cost_opt,peak_opt
31888.836787199612,3.172,2.810924566774557,0.0,0.0,2.810924566774557,9.940410469825316,0,3.105392191223716e-15,OPTIMAL,604392.0828382164,0.0
