cost,time,Pg,B,R,Pd,P0,P_rsrv,P_cul,status,cost_opt,peak_opt
10658.911838334672,3.015,3.383445026367988,0.0,0.0,3.383445026367988,4.936967039525092,0,-8.272137315412653e-15,OPTIMAL,489956.9744147456,0.0
