cost,time,Pg,B,R,Pd,P0,P_rsrv,P_cul,status,cost_opt,peak_opt
11093.2492047716,2.797,7.565092225865035,0.0,0.0,7.565092225865035,3.7401379651960895,0,5.110929041096668e-16,OPTIMAL,536295.2641939425,0.0
