cost,time,Pg,B,R,Pd,P0,P_rsrv,P_cul,status,cost_opt,peak_opt
27197.17752270699,3.0,3.730548795314862,0.0,0.0,3.730548795314862,8.931749596948109,0,1.2553665247085066e-14,OPTIMAL,593031.4014316894,0.0
