cost,time,Pg,B,R,Pd,P0,P_rsrv,P_cul,status,cost_opt,peak_opt
36599.68065178695,2.906,0.0,0.0,0.0,0.0,12.306550320035964,0,0.0,OPTIMAL,608544.0957540609,0.0
