cost,time,Pg,B,R,Pd,P0,P_rsrv,P_cul,status,cost_opt,peak_opt
11135.687158578545,2.937,1.943367808969602,0.0,0.0,1.943367808969602,5.948550832574009,0,-3.1685808490888867e-16,OPTIMAL,489456.01839812426,0.0
