cost,time,Pg,B,R,Pd,P0,P_rsrv,P_cul,status,cost_opt,peak_opt
33870.78651173494,3.734,0.0,0.0,0.0,0.0,11.275228532534936,0,0.0,OPTIMAL,603073.7659226361,0.0
