cost,time,Pg,B,R,Pd,P0,P_rsrv,P_cul,status,cost_opt,peak_opt
-161423.82287441232,2.797,0.0,0.0,0.0,0.0,7.810326247068527,0,0.0,OPTIMAL,470359.3002806251,0.0
