cost,time,Pg,B,R,Pd,P0,P_rsrv,P_cul,status,cost_opt,peak_opt
8281.398274475034,3.656,5.136055249183651,0.0,0.0,5.136055249183651,3.755736178900242,0,1.8266096100949536e-16,OPTIMAL,491205.09080310026,0.0
