cost,time,Pg,B,R,Pd,P0,P_rsrv,P_cul,status,cost_opt,peak_opt
6986.631853607334,2.906,7.703927844046251,0.0,0.0,7.703927844046251,2.5705047290681877,0,3.810916426177924e-15,OPTIMAL,508921.77427252755,0.0
