cost,time,Pg,B,R,Pd,P0,P_rsrv,P_cul,status,cost_opt,peak_opt
11357.137132711026,4.063,0.0,0.0,0.0,0.0,7.0760979020006385,0,0.0,OPTIMAL,490660.3152690204,0.0
