cost,time,Pg,B,R,Pd,P0,P_rsrv,P_cul,status,cost_opt,peak_opt
8554.175098483589,3.109,7.75605074440546,0.0,0.0,7.75605074440546,3.1288131303890228,0,7.933947552760112e-15,OPTIMAL,521202.3627375221,0.0
