cost,time,Pg,B,R,Pd,P0,P_rsrv,P_cul,status,cost_opt,peak_opt
42188.046189468296,2.891,0.0,0.0,0.0,0.0,12.485364365039448,0,0.0,OPTIMAL,611769.6139854632,0.0
