cost,time,Pg,B,R,Pd,P0,P_rsrv,P_cul,status,cost_opt,peak_opt
6532.363890728445,2.843,7.252836368567047,0.0,0.0,7.252836368567047,2.5556979228202055,0,-1.5718898621966404e-14,OPTIMAL,500973.94700631674,0.0
