cost,time,Pg,B,R,Pd,P0,P_rsrv,P_cul,status,cost_opt,peak_opt
11648.169857211928,3.062,0.0,0.0,0.0,0.0,7.0637779607106905,0,-2.1338996108316577e-15,OPTIMAL,488506.7764816219,0.0
