cost,time,Pg,B,R,Pd,P0,P_rsrv,P_cul,status,cost_opt,peak_opt
41179.593810809485,2.906,0.0,0.0,0.0,0.0,12.585450431176493,0,0.0,OPTIMAL,609814.1099378603,0.0
