cost,time,Pg,B,R,Pd,P0,P_rsrv,P_cul,status,cost_opt,peak_opt
38659.822565198374,3.469,1.544295303304874,0.0,0.0,1.544295303304874,11.51618187822412,0,-6.941070778581672e-15,OPTIMAL,608250.0005325227,0.0
