cost,time,Pg,B,R,Pd,P0,P_rsrv,P_cul,status,cost_opt,peak_opt
10903.789128224762,2.766,2.2209385791387897,0.0,0.0,2.2209385791387897,5.608945024806976,0,-1.8124336666897056e-14,OPTIMAL,488877.3727809942,0.0
