cost,time,Pg,B,R,Pd,P0,P_rsrv,P_cul,status,cost_opt,peak_opt
11973.662066852185,2.828,0.0,0.0,0.0,0.0,7.363875809872191,0,0.0,OPTIMAL,490543.76052944676,0.0
