cost,time,Pg,B,R,Pd_net,P0,P_rsrv,P_cul,status
19207.25743620834,18.906,0.0,12.589999999999844,-3.749451049549665,12.041578031283317,12.148802932453092,0,0.0,OPTIMAL
