cost,time,Pg,B,R,Pd_net,P0,P_rsrv,P_cul,status
7748.058725290727,16.281,0.0,31.35999999999991,3.7499995824337105,4.326389067196111,4.382386156838646,0,0.0,OPTIMAL
