cost,time,Pg,B,R,Pd_net,P0,P_rsrv,P_cul,status
6866.295365499923,17.063,0.0,55.9679999999998,3.749962590339036,4.267737928886164,4.323863580289624,0,0.0,OPTIMAL
