cost,time,Pg,B,R,Pd_net,P0,P_rsrv,P_cul,status
0.0,15.454,0.0,43.84001191033121,-3.7391986418428687,12.03379579873081,12.140824195891533,0,0.0,OPTIMAL
