cost,time,Pg,B,R,Pd_net,P0,P_rsrv,P_cul,status
10120.469338727022,13.781,0.0,74.99999999999983,3.7499353243263958,4.640719747049338,4.698453731999546,0,0.0,OPTIMAL
