cost,time,Pg,B,R,Pd_net,P0,P_rsrv,P_cul,status
11714.224057651427,16.64,0.0,21.315999999999825,1.0574367145887236,7.245816637047633,7.298581967384067,0,0.0,OPTIMAL
