cost,time,Pg,B,R,Pd,P0,P_rsrv,P_cul,status
4890.80043662546,12.11,0.43958090498898655,0.0,0.0,12.201927380626088,12.201927322539499,0,0.007024496942044434,OPTIMAL
