cost,time,Pg,B,R,Pd,P0,P_rsrv,P_cul,status
3020.171506203648,11.546,0.0,0.0,0.0,12.394488873238098,12.39468470398214,0,0.0,OPTIMAL
