cost,time,Pg,B,R,Pd,P0,P_rsrv,P_cul,status
290.99337321188204,10.0,9.513378603691162,0.0,0.0,1.0976559046057575,1.097654999685501,0,0.4216861362412363,OPTIMAL
