cost,time,Pg,B,R,Pd,P0,P_rsrv,P_cul,status
1407.7479661505781,9.938,5.859786752186443,0.0,0.0,5.307536160300632,5.307535201890465,0,-0.3995511473686353,OPTIMAL
