cost,time,Pg,B,R,Pd,P0,P_rsrv,P_cul,status
3372.8518506446294,12.015,0.6004024057673124,0.0,0.0,12.110164918607943,12.110164898921745,0,0.025587740157232863,OPTIMAL
