cost,time,Pg,B,R,Pd,P0,P_rsrv,P_cul,status
2972.6711001082995,12.125,1.2209108556901453,0.0,0.0,11.087079800239913,11.087079117571111,0,0.010671172793939254,OPTIMAL
