cost,time,Pg,B,R,Pd,P0,P_rsrv,P_cul,status
1110.693874336714,10.328,1.7018554789463392,0.0,0.0,7.573546625630289,7.573546463206526,0,0.05479581859490512,OPTIMAL
