cost,time,Pg,B,R,Pd,P0,P_rsrv,P_cul,status
3262.561707960905,9.985,0.0,0.0,0.0,12.39339685479276,12.39339680137096,0,0.0,OPTIMAL
