cost,time,Pg,B,R,Pd,P0,P_rsrv,P_cul,status
72.74916283286666,9.921,0.0,0.0,0.0,8.31419004137374,8.314190038041904,0,0.0,OPTIMAL
