cost,time,Pg,B,R,Pd,P0,P_rsrv,P_cul,status
1285.200382222165,11.172,0.0,0.0,0.0,8.723079516575368,8.723079517345013,0,0.0,OPTIMAL
