cost,time,Pg,B,R,Pd,P0,P_rsrv,P_cul,status
1638.8211490114045,10.484,4.421369261575997,0.0,0.0,5.9760785385126685,5.976077197129117,0,0.046864439166990124,OPTIMAL
