cost,time,Pg,B,R,Pd,P0,P_rsrv,P_cul,status
2739.0215584572734,14.859,0.0,0.0,0.0,11.396761008221551,11.396760992193926,0,0.0,OPTIMAL
