cost,time,Pg,B,R,Pd,P0,P_rsrv,P_cul,status
3504.7519352581708,10.516,0.0,0.0,0.0,12.39158030723409,12.391580207159121,0,0.0,OPTIMAL
