cost,time,Pg,B,R,Pd,P0,P_rsrv,P_cul,status
1066.5169519344113,10.375,5.8647110203323916,0.0,0.0,4.836753283786778,4.836752152488637,0,0.135533878755016,OPTIMAL
