cost,time,Pg,B,R,Pd,P0,P_rsrv,P_cul,status
2272.717161241234,14.031,0.0,0.0,0.0,10.397486060185667,10.397486059815026,0,0.0,OPTIMAL
