cost,time,Pg,B,R,Pd,P0,P_rsrv,P_cul,status
1059.80645696247,9.859,0.0,0.0,0.0,8.018712159073207,8.01871215860633,0,0.0,OPTIMAL
