cost,time,Pg,B,R,Pd,P0,P_rsrv,P_cul,status
1658.0124590642279,10.141,4.58887637766973,0.0,0.0,6.501387634242107,6.501387433596658,0,-0.03265181394709593,OPTIMAL
