cost,time,Pg,B,R,Pd,P0,P_rsrv,P_cul,status
1105.6423643171436,9.86,0.0,0.0,0.0,8.139698390476669,8.139698387610874,0,0.0,OPTIMAL
