cost,time,Pg,B,R,Pd,P0,P_rsrv,P_cul,status
992.4540200050601,9.75,0.0,0.0,0.0,8.041491049427608,8.041491046631142,0,0.0,OPTIMAL
