cost,time,Pg,B,R,Pd,P0,P_rsrv,P_cul,status
989.3747657446524,9.625,5.55078097813853,0.0,0.0,5.0371100127194515,5.037109471821096,0,0.11755266357816474,OPTIMAL
