cost,time,Pg,B,R,Pd,P0,P_rsrv,P_cul,status
1182.5818604621184,9.844,4.573043043488078,0.0,0.0,6.025558327194042,6.0255574164750225,0,0.6030854814786633,OPTIMAL
