cost,time,Pg,B,R,Pd,P0,P_rsrv,P_cul,status
994.3175512158448,10.094,0.0,0.0,0.0,8.067485205683182,8.067485202562636,0,0.0,OPTIMAL
