cost,time,Pg,B,R,Pd,P0,P_rsrv,P_cul,status
1095.9146457954853,10.578,0.0,0.0,0.0,8.033583235043531,8.03358323124363,0,0.0,OPTIMAL
