cost,time,Pg,B,R,Pd,P0,P_rsrv,P_cul,status
1116.1737836023885,10.11,0.0,0.0,0.0,8.112710726170462,8.112710722730867,0,0.0,OPTIMAL
