cost,time,Pg,B,R,Pd,P0,P_rsrv,P_cul,status
3463.002904756537,10.0,0.0,0.0,0.0,12.265653997965439,12.265653735855505,0,0.0,OPTIMAL
