cost,time,Pg,B,R,Pd,P0,P_rsrv,P_cul,status
3452.6762746764434,10.359,0.0,0.0,0.0,12.250773169623342,12.250773298674549,0,0.0,OPTIMAL
