cost,time,Pg,B,R,Pd,P0,P_rsrv,P_cul,status
1725.4401557162957,10.0,2.9774403187858343,0.0,0.0,7.407867723595059,7.407866774944038,0,0.01995046648449117,OPTIMAL
