cost,time,Pg,B,R,Pd,P0,P_rsrv,P_cul,status
1496.6665649183017,9.875,6.301043128027153,0.0,0.0,5.113338838487697,5.113338839144886,0,-0.5397926619629594,OPTIMAL
