cost,time,Pg,B,R,Pd,P0,P_rsrv,P_cul,status
1274.0127305669805,10.344,5.354277464102252,0.0,0.0,5.287051800480313,5.287050522618313,0,0.6401639003387585,OPTIMAL
