cost,time,Pg,B,R,Pd,P0,P_rsrv,P_cul,status
511.2424175525024,10.016,8.799757005755088,0.0,0.0,1.626411242032668,1.6264109882940723,0,0.31124447761679086,OPTIMAL
