cost,time,Pg,B,R,Pd,P0,P_rsrv,P_cul,status
1532.7485673164229,13.875,0.0,0.0,0.0,8.954714123117341,8.954714122588644,0,0.0,OPTIMAL
