cost,time,Pg,B,R,Pd,P0,P_rsrv,P_cul,status
1171.261819443375,32.25,0.0,0.6725195297221427,-0.34831872968988065,8.638343807797574,8.98666357629188,0,0.0,OPTIMAL
