cost,time,Pg,B,R,Pd,P0,P_rsrv,P_cul,status
1030.7510613811673,32.907,0.0,74.14605549462759,1.6932379574981822,8.522976807087712,6.8299352493506404,0,0.0,OPTIMAL
