cost,time,Pg,B,R,Pd,P0,P_rsrv,P_cul,status
3362.9661670754535,25.313,0.0,49.496055494627505,0.31099392740761705,12.219079874388079,11.9113323509166,0,0.0,OPTIMAL
