cost,time,Pg,B,R,Pd,P0,P_rsrv,P_cul,status
2288.731219189862,30.641,0.0,0.10605549462753314,0.012096561097935504,10.496853125693073,10.474742421921565,0,0.0,OPTIMAL
