cost,time,Pg,B,R,Pd,P0,P_rsrv,P_cul,status
1165.2994660100499,35.687,0.0,56.324055494627494,-0.4131711208771424,8.303253351636357,8.712519372037756,0,0.0,OPTIMAL
