cost,time,Pg,B,R,Pd,P0,P_rsrv,P_cul,status
1122.045931658442,27.907,0.0,25.46105549462752,-0.46123605477163704,8.017700519225203,8.478936511272861,0,0.0,OPTIMAL
