cost,time,Pg,B,R,Pd,P0,P_rsrv,P_cul,status
1127.5312048684739,42.765,0.0,38.10551952972216,-0.42333573363829713,8.23510098421417,8.656669519143753,0,0.0,OPTIMAL
