cost,time,Pg,B,R,Pd,P0,P_rsrv,P_cul,status
1196.0371156541323,33.704,0.0,67.08205549462747,-0.40882610733221425,8.416554030720551,8.805181219539625,0,0.0,OPTIMAL
