cost,time,Pg,B,R,Pd,P0,P_rsrv,P_cul,status
1058.3159348464044,32.937,0.0,45.561519529722155,-0.4398550405604569,8.13530769510674,8.575145994704155,0,0.0,OPTIMAL
