cost,time,Pg,B,R,Pd,P0,P_rsrv,P_cul,status
1082.0950472464335,39.938,0.0,62.505519529722214,-0.4775923322663057,7.925575801937449,8.399185360256924,0,0.0,OPTIMAL
