cost,time,Pg,B,R,Pd,P0,P_rsrv,P_cul,status
1163.414556926907,30.813,0.0,37.25405549462754,-0.45295663087896454,8.123016780016403,8.565015143020174,0,0.0,OPTIMAL
