cost,time,Pg,B,R,Pd,P0,P_rsrv,P_cul,status
2732.428276540998,29.453,0.0,3.049055494627535,0.10822249737876226,10.970928807304077,10.889783898536027,0,0.0,OPTIMAL
