cost,time,Pg,B,R,Pd,P0,P_rsrv,P_cul,status
1134.4442053153693,33.219,0.0,39.6575195297221,-0.4611632163906278,8.021349775435244,8.481825834133604,0,0.0,OPTIMAL
