cost,time,Pg,B,R,Pd,P0,P_rsrv,P_cul,status
2998.3726176634095,27.438,0.0,26.385055494627537,0.24845099708119428,11.862264378617333,11.617846758786218,0,0.0,OPTIMAL
