cost,time,Pg,B,R,Pd,P0,P_rsrv,P_cul,status
1142.8177627201758,34.047,0.0,47.03251952972225,-0.4686386927950273,7.973007280569669,8.439269632395145,0,0.0,OPTIMAL
