cost,time,Pg,B,R,Pd,P0,P_rsrv,P_cul,status
3174.7214834382125,27.734,0.0,63.30705549462745,0.3493448531377585,12.399488501348932,12.059720734808026,0,0.0,OPTIMAL
