cost,time,Pg,B,R,Pd,P0,P_rsrv,P_cul,status,cost_opt,peak_opt
19796.04453827653,2.703,0.0,0.0,0.0,0.0,8.554902566238775,0,0.0,OPTIMAL,472429.8716104209,0.0
