cost,time,Pg,B,R,Pd,P0,P_rsrv,P_cul,status,cost_opt,peak_opt
6698.504399508195,3.219,3.728281845152382,0.0,0.0,3.728281845152382,4.310491891575415,0,-5.1067006526239744e-15,OPTIMAL,471436.8014397761,0.0
