cost,time,Pg,B,R,Pd,P0,P_rsrv,P_cul,status,cost_opt,peak_opt
22951.336309625985,3.531,0.0,0.0,0.0,0.0,9.619168612584236,0,0.0,OPTIMAL,557283.518495837,0.0
