cost,time,Pg,B,R,Pd,P0,P_rsrv,P_cul,status,cost_opt,peak_opt
14583.375492948488,2.578,6.805117628233914,0.0,0.0,6.805117628233914,5.528193894218532,0,8.790928054946967e-15,OPTIMAL,535105.5581556126,0.0
