cost,time,Pg,B,R,Pd,P0,P_rsrv,P_cul,status,cost_opt,peak_opt
5477.2203293599705,2.594,5.3390911645045325,0.0,0.0,5.3390911645045325,3.1442137367164005,0,-4.012388294880043e-15,OPTIMAL,477790.88683597714,0.0
