cost,time,Pg,B,R,Pd,P0,P_rsrv,P_cul,status,cost_opt,peak_opt
9830.23525646629,3.172,1.5745797282854523,0.0,0.0,1.5745797282854523,5.669109144444228,0,-7.715047134135289e-15,OPTIMAL,463998.7467030703,0.0
