cost,time,Pg,B,R,Pd,P0,P_rsrv,P_cul,status,cost_opt,peak_opt
20499.966017884788,2.766,5.2124068433778294,0.0,0.0,5.2124068433778294,7.086058077388451,0,3.8748572493002564e-15,OPTIMAL,536462.1932179249,0.0
