cost,time,Pg,B,R,Pd,P0,P_rsrv,P_cul,status,cost_opt,peak_opt
13971.840130362292,2.657,0.0,0.0,0.0,0.0,7.190859562718627,0,7.410104261695426e-15,OPTIMAL,469047.9905442629,0.0
