cost,time,Pg,B,R,Pd,P0,P_rsrv,P_cul,status,cost_opt,peak_opt
18818.90217760992,2.781,0.0,0.0,0.0,0.0,8.496118364609446,0,0.0,OPTIMAL,472338.89263951406,0.0
