cost,time,Pg,B,R,Pd,P0,P_rsrv,P_cul,status,cost_opt,peak_opt
37176.995650398494,2.828,1.357357565130409,0.0,0.0,1.357357565130409,11.34136536009716,0,2.049572631668869e-14,OPTIMAL,552759.171413765,0.0
