cost,time,Pg,B,R,Pd,P0,P_rsrv,P_cul,status,cost_opt,peak_opt
39682.02554359439,2.969,0.3619255203733181,0.0,0.0,0.3619255203733181,12.396758995187252,0,0.0,OPTIMAL,577219.6358009231,0.0
