cost,time,Pg,B,R,Pd,P0,P_rsrv,P_cul,status,cost_opt,peak_opt
37776.952878648044,2.907,0.977340737388706,0.0,0.0,0.977340737388706,11.65595584037274,0,0.0,OPTIMAL,572938.1434784696,0.0
