cost,time,Pg,B,R,Pd,P0,P_rsrv,P_cul,status,cost_opt,peak_opt
12261.40469788825,2.781,0.0,0.0,0.0,0.0,7.3202416106795525,0,0.0,OPTIMAL,468826.74711277214,0.0
