cost,time,Pg,B,R,Pd,P0,P_rsrv,P_cul,status,cost_opt,peak_opt
12912.895867256238,2.641,7.148978942967653,0.0,0.0,7.148978942967653,4.497699709946444,0,1.0265009328658259e-14,OPTIMAL,527118.1812062098,0.0
