cost,time,Pg,B,R,Pd,P0,P_rsrv,P_cul,status,cost_opt,peak_opt
32503.650060917626,2.953,1.8278869399535675,0.0,0.0,1.8278869399535675,11.018186461328009,0,-5.887842906911363e-15,OPTIMAL,550222.7445261922,0.0
