cost,time,Pg,B,R,Pd,P0,P_rsrv,P_cul,status,cost_opt,peak_opt
5578.083539649422,3.093,7.02219886239917,0.0,0.0,7.02219886239917,2.522878127385537,0,1.4586313927533734e-15,OPTIMAL,497469.9738287277,0.0
