cost,time,Pg,B,R,Pd,P0,P_rsrv,P_cul,status,cost_opt,peak_opt
26366.13104318101,2.938,0.0,0.0,0.0,0.0,9.283848958866553,0,0.0,OPTIMAL,558137.4598661478,0.0
