cost,time,Pg,B,R,Pd,P0,P_rsrv,P_cul,status,cost_opt,peak_opt
15555.386794668146,3.14,0.0,0.0,0.0,0.0,7.872159309042583,0,0.0,OPTIMAL,469112.4101442999,0.0
