cost,time,Pg,B,R,Pd,P0,P_rsrv,P_cul,status,cost_opt,peak_opt
14638.728901040247,2.969,0.0,0.0,0.0,0.0,7.7412633003914575,0,0.0,OPTIMAL,468387.6175563782,0.0
