cost,time,Pg,B,R,Pd,P0,P_rsrv,P_cul,status,cost_opt,peak_opt
22173.0681068887,2.969,3.9635953156758106,0.0,0.0,3.9635953156758106,8.651216584818064,0,1.5595963648133704e-14,OPTIMAL,539231.6298873036,0.0
