cost,time,Pg,B,R,Pd,P0,P_rsrv,P_cul,status,cost_opt,peak_opt
35851.705792824025,2.578,0.0,0.0,0.0,0.0,11.439599806261654,0,0.0,OPTIMAL,560556.2321592313,0.0
