cost,time,Pg,B,R,Pd,P0,P_rsrv,P_cul,status,cost_opt,peak_opt
5254.088180622555,2.844,7.637615886196479,0.0,0.0,7.637615886196479,2.381726283147124,0,-8.820906245016191e-15,OPTIMAL,504530.4908467016,0.0
