cost,time,Pg,B,R,Pd,P0,P_rsrv,P_cul,status,cost_opt,peak_opt
5107.1401506980965,2.813,6.551662260448332,0.0,0.0,6.551662260448332,2.5333036461796112,0,8.291707164626017e-15,OPTIMAL,488653.04297944246,0.0
