cost,time,Pg,B,R,Pd,P0,P_rsrv,P_cul,status,cost_opt,peak_opt
6793.029142584359,3.375,4.072083536082749,0.0,0.0,4.072083536082749,4.094652888839276,0,1.0428073335400079e-14,OPTIMAL,473744.6897089882,0.0
