cost,time,Pg,B,R,Pd,P0,P_rsrv,P_cul,status,cost_opt,peak_opt
43598.036484568554,3.219,0.0,0.0,0.0,0.0,12.62247726825957,0,0.0,OPTIMAL,562161.6201268617,0.0
