cost,time,Pg,B,R,Pd,P0,P_rsrv,P_cul,status,cost_opt,peak_opt
12764.096483901136,2.625,0.0,0.0,0.0,0.0,7.593156742356417,0,0.0,OPTIMAL,468515.73928909004,0.0
