cost,time,Pg,B,R,Pd,P0,P_rsrv,P_cul,status,cost_opt,peak_opt
11819.995842317097,2.828,0.9592403961107192,0.0,0.0,0.9592403961107192,6.211243217192379,0,-2.9253129866374517e-15,OPTIMAL,463896.9415702111,0.0
