cost,time,Pg,B,R,Pd,P0,P_rsrv,P_cul,status,cost_opt,peak_opt
3821.549869139368,3.344,7.076534215089617,0.0,0.0,7.076534215089617,2.154199475275856,0,1.1987887895900662e-14,OPTIMAL,491811.48384875245,0.0
