cost,time,Pg,B,R,Pd,P0,P_rsrv,P_cul,status,cost_opt,peak_opt
20314.100172366296,3.406,0.0,0.0,0.0,0.0,8.644297945687786,0,0.0,OPTIMAL,473465.4051839499,0.0
