cost,time,Pg,B,R,Pd,P0,P_rsrv,P_cul,status,cost_opt,peak_opt
8203.259077652998,2.75,2.7147205506065792,0.0,0.0,2.7147205506065792,4.777669818085613,0,1.2539638381478535e-14,OPTIMAL,467210.48554178764,0.0
