cost,time,Pg,B,R,Pd,P0,P_rsrv,P_cul,status,cost_opt,peak_opt
13489.697807308485,2.547,0.0,0.0,0.0,0.0,7.137406247253168,0,-1.7125803406696852e-15,OPTIMAL,467769.32207431836,0.0
