cost,time,Pg,B,R,Pd,P0,P_rsrv,P_cul,status,cost_opt,peak_opt
28507.926904907898,2.922,2.9139146437604486,0.0,0.0,2.9139146437604486,9.92615839307378,0,-2.487098797309545e-15,OPTIMAL,544557.4722173531,0.0
