cost,time,Pg,B,R,Pd,P0,P_rsrv,P_cul,status,cost_opt,peak_opt
40874.849731103764,2.641,0.0,0.0,0.0,0.0,11.941235679551204,0,0.0,OPTIMAL,562675.2022315351,0.0
