cost,time,Pg,B,R,Pd,P0,P_rsrv,P_cul,status,cost_opt,peak_opt
27570.634821095387,3.234,0.0,0.0,0.0,0.0,10.39224833060512,0,0.0,OPTIMAL,559283.1479976635,0.0
