cost,time,Pg,B,R,Pd,P0,P_rsrv,P_cul,status,cost_opt,peak_opt
41129.46696208936,3.391,0.07233812774473475,0.0,0.0,0.07233812774473475,12.5241982223171,0,0.0,OPTIMAL,576062.9627348684,0.0
