cost,time,Pg,B,R,Pd,P0,P_rsrv,P_cul,status,cost_opt,peak_opt
27875.216241279657,2.687,0.0,0.0,0.0,0.0,9.780777628519179,0,0.0,OPTIMAL,559747.7689748285,0.0
