cost,time,Pg,B,R,Pd,P0,P_rsrv,P_cul,status,cost_opt,peak_opt
5469.240104497008,3.375,7.347941768035721,0.0,0.0,7.347941768035721,2.4714144168535963,0,1.2447941982740574e-14,OPTIMAL,498796.3461651061,0.0
