cost,time,Pg,B,R,Pd,P0,P_rsrv,P_cul,status,cost_opt,peak_opt
5425.984626181858,2.656,7.474676679056193,0.0,0.0,7.474676679056193,2.4574205734519285,0,1.0465966201328447e-14,OPTIMAL,501243.526704906,0.0
