cost,time,Pg,B,R,Pd,P0,P_rsrv,P_cul,status,cost_opt,peak_opt
12543.32496964302,3.453,5.66482864979532,0.0,0.0,5.66482864979532,5.594703376290374,0,-1.8430894831167333e-15,OPTIMAL,520621.3881999289,0.0
