cost,time,Pg,B,R,Pd,P0,P_rsrv,P_cul,status,cost_opt,peak_opt
13877.835129940411,2.968,0.0,0.0,0.0,0.0,7.338886901079011,0,0.0,OPTIMAL,466894.77979113377,0.0
