cost,time,Pg,B,R,Pd,P0,P_rsrv,P_cul,status,cost_opt,peak_opt
4382.3115056763345,2.641,7.203256478636648,0.0,0.0,7.203256478636648,2.211055250088968,0,-1.470394986324841e-14,OPTIMAL,495394.36306614394,0.0
