cost,time,Pg,B,R,Pd,P0,P_rsrv,P_cul,status,cost_opt,peak_opt
40926.639866246056,3.437,0.5792145344594144,0.0,0.0,0.5792145344594144,12.249817379900048,0,0.0,OPTIMAL,574543.6912840641,0.0
