cost,time,Pg,B,R,Pd,P0,P_rsrv,P_cul,status,cost_opt,peak_opt
75434.47950199389,3.031,0.0,0.0,0.0,0.0,12.667418892022486,0,0.0,OPTIMAL,562843.5911744102,0.0
