cost,time,Pg,B,R,Pd,P0,P_rsrv,P_cul,status,cost_opt,peak_opt
5455.848264775987,2.875,7.890928518210355,0.0,0.0,7.890928518210355,2.469827190935259,0,-2.814046738686127e-16,OPTIMAL,510610.6351771711,0.0
