cost,time,Pg,B,R,Pd,P0,P_rsrv,P_cul,status,cost_opt,peak_opt
9220.736357590786,2.859,2.008955396882566,0.0,0.0,2.008955396882566,5.398557586411467,0,1.1545939985341258e-15,OPTIMAL,466067.5862912317,0.0
