cost,time,Pg,B,R,Pd,P0,P_rsrv,P_cul,status,cost_opt,peak_opt
46587.18754757978,2.703,0.0,0.0,0.0,0.0,12.350792032762403,0,0.0,OPTIMAL,557674.7093055631,0.0
