cost,time,Pg,B,R,Pd,P0,P_rsrv,P_cul,status,cost_opt,peak_opt
7369.207580694012,3.062,3.3844656999666523,0.0,0.0,3.3844656999666523,4.294410012059448,0,1.7978511474697756e-15,OPTIMAL,468007.2977044778,0.0
