cost,time,Pg,B,R,Pd,P0,P_rsrv,P_cul,status,cost_opt,peak_opt
18152.680346852263,3.703,5.972586848196784,0.0,0.0,5.972586848196784,6.272522580114811,0,6.446232436729815e-15,OPTIMAL,537077.4068053036,0.0
