cost,time,Pg,B,R,Pd,P0,P_rsrv,P_cul,status,cost_opt,peak_opt
13730.56505662913,2.718,0.16298076312445478,0.0,0.0,0.16298076312445478,7.070321862321899,0,7.924393021115084e-15,OPTIMAL,464678.4824757255,0.0
