cost,time,Pg,B,R,Pd,P0,P_rsrv,P_cul,status,cost_opt,peak_opt
27434.07587477092,2.812,0.0,0.0,0.0,0.0,9.776933668842094,0,0.0,OPTIMAL,558745.7727252954,0.0
