cost,time,Pg,B,R,Pd,P0,P_rsrv,P_cul,status,cost_opt,peak_opt
24023.225368191743,3.141,0.0,0.0,0.0,0.0,9.793406183527004,0,0.0,OPTIMAL,560291.0819437145,0.0
