cost,time,Pg,B,R,Pd,P0,P_rsrv,P_cul,status,cost_opt,peak_opt
23732.475830715324,3.656,4.524696861383795,0.0,0.0,4.524696861383795,7.895035206492125,0,-7.552620096169804e-15,OPTIMAL,538623.8657997111,0.0
