cost,time,Pg,B,R,Pd,P0,P_rsrv,P_cul,status,cost_opt,peak_opt
26207.696577924627,3.765,3.0586432959256085,0.0,0.0,3.0586432959256085,9.237820436349885,0,1.3912055372728577e-14,OPTIMAL,542632.6107191572,0.0
