cost,time,Pg,B,R,Pd,P0,P_rsrv,P_cul,status,cost_opt,peak_opt
12602.95564200656,2.61,0.0,0.0,0.0,0.0,7.524152622093469,0,0.0,OPTIMAL,468810.0770682098,0.0
