cost,time,Pg,B,R,Pd,P0,P_rsrv,P_cul,status,cost_opt,peak_opt
30988.26870829313,3.063,2.1356595926103936,0.0,0.0,2.1356595926103936,10.72258432812911,0,5.8484914502478225e-15,OPTIMAL,547518.168100182,0.0
