cost,time,Pg,B,R,Pd,P0,P_rsrv,P_cul,status,cost_opt,peak_opt
5490.474735278866,2.719,7.547128634061911,0.0,0.0,7.547128634061911,2.4888824729278634,0,1.0846087483001865e-14,OPTIMAL,501590.317817347,0.0
