cost,time,Pg,B,R,Pd,P0,P_rsrv,P_cul,status,cost_opt,peak_opt
235581.14271311005,2.937,0.0,0.0,0.0,0.0,12.697738517388565,0,0.0,OPTIMAL,578730.8911184461,0.0
