cost,time,Pg,B,R,Pd,P0,P_rsrv,P_cul,status,cost_opt,peak_opt
15256.697295821266,2.828,0.0,0.0,0.0,0.0,7.807931062344558,0,0.0,OPTIMAL,469399.10808669316,0.0
