cost,time,Pg,B,R,Pd,P0,P_rsrv,P_cul,status,cost_opt,peak_opt
41471.26461725487,3.485,0.23518157544324356,0.0,0.0,0.23518157544324356,12.628277898067864,0,0.0,OPTIMAL,574608.5621931297,0.0
