cost,time,Pg,B,R,Pd,P0,P_rsrv,P_cul,status,cost_opt,peak_opt
21852.08080592638,16.5,0.0,62.6865459697206,-1.4776144836335179,0.0,9.554910715315426,0,0.0,OPTIMAL,519076.69407477754,0.0
