cost,time,Pg,B,R,Pd,P0,P_rsrv,P_cul,status,cost_opt,peak_opt
28731.812717320612,18.703,0.0,62.67700000000013,3.750000000000007,0.0,8.518177502911536,0,0.0,OPTIMAL,311829.0127039894,0.0
