cost,time,Pg,B,R,Pd,P0,P_rsrv,P_cul,status,cost_opt,peak_opt
29075.25275630017,21.843,2.222825084622899,43.94500000000005,0.023399999999999532,2.222825084622899,10.473794220569225,0,-1.936198732810715e-15,OPTIMAL,364784.53198549745,0.0
