cost,time,Pg,B,R,Pd,P0,P_rsrv,P_cul,status,cost_opt,peak_opt
14131.915052494973,17.515,4.409236057081169,12.710000000000006,-3.749544214948237,4.409236057081169,7.520976611226701,0,5.349995620129722e-16,OPTIMAL,514070.90220124804,0.0
