cost,time,Pg,B,R,Pd,P0,P_rsrv,P_cul,status,cost_opt,peak_opt
-11010.474544452287,20.125,10.531135851136124,43.85499999999999,3.750000000000007,10.531135851136124,-4.434343352578448,0,1.6259237879678867e-15,OPTIMAL,514578.99559763627,0.0
