cost,time,Pg,B,R,Pd,P0,P_rsrv,P_cul,status,cost_opt,peak_opt
31489.421332455608,19.234,0.0,31.44200000000003,3.750000000000007,0.0,8.79592774649598,0,0.0,OPTIMAL,310921.6442850715,0.0
