cost,time,Pg,B,R,Pd,P0,P_rsrv,P_cul,status,cost_opt,peak_opt
-8842.81963195709,24.891,9.401505339422027,75.00000000000016,3.750000000000007,9.401505339422027,-3.5670914207168583,0,-1.3682631416767066e-16,OPTIMAL,512685.0352738366,0.0
