cost,time,Pg,B,R,Pd,P0,P_rsrv,P_cul,status,cost_opt,peak_opt
14447.943995011621,20.375,0.0,31.34099999999993,0.010737685979293088,0.0,7.2131522691021575,0,0.0,OPTIMAL,521623.6936003532,0.0
