cost,time,Pg,B,R,Pd,P0,P_rsrv,P_cul,status,cost_opt,peak_opt
36876.55511822635,17.718,2.7694478354914036,31.461000000000045,-3.724679999999998,2.7694478354914036,12.259493057920997,0,1.0941903849995271e-15,OPTIMAL,470549.9717601877,0.0
