cost,time,Pg,B,R,Pd,P0,P_rsrv,P_cul,status,cost_opt,peak_opt
22650.39076282536,22.296,0.0,0.19600000000000778,-3.72666231402071,0.0,11.179857237327422,0,0.0,OPTIMAL,522075.6052251539,0.0
