cost,time,Pg,B,R,Pd,P0,P_rsrv,P_cul,status,cost_opt,peak_opt
29822.349239767056,17.641,0.437304021132312,44.046000000000014,3.7500000000000075,0.437304021132312,8.8730583873154,0,0.0,OPTIMAL,313613.2680687386,0.0
