cost,time,Pg,B,R,Pd,P0,P_rsrv,P_cul,status,cost_opt,peak_opt
50751.43572048901,23.125,0.07291916866533452,12.710000000000006,-2.2249823140207092,0.07291916866533452,15.140643114704357,0,0.0,OPTIMAL,314109.4477288701,0.0
