cost,time,Pg,B,R,Pd,P0,P_rsrv,P_cul,status,cost_opt,peak_opt
28323.221289721165,16.344,0.0,75.00000000000016,0.0,0.0,10.108216020599986,0,0.0,OPTIMAL,311465.00851157575,0.0
