cost,time,Pg,B,R,Pd,P0,P_rsrv,P_cul,status,cost_opt,peak_opt
11666.78038206049,19.078,2.732906401256268,43.855,3.7500000000000075,2.732906401256268,4.476891934789137,0,3.55530221148731e-16,OPTIMAL,493999.8926622532,0.0
