cost,time,Pg,B,R,Pd,P0,P_rsrv,P_cul,status,cost_opt,peak_opt
1324.9041372094111,16.578,3.5710675913952756,43.85499999999999,3.750000000000007,3.5710675913952756,0.717716217339876,0,-4.423544863740858e-17,OPTIMAL,512693.1650700208,0.0
