cost,time,Pg,B,R,Pd,P0,P_rsrv,P_cul,status,cost_opt,peak_opt
14093.618508199668,23.609,0.0,43.85499999999999,0.012599999999999825,0.0,7.085781049874141,0,0.0,OPTIMAL,521248.8905152757,0.0
