cost,time,Pg,B,R,Pd,P0,P_rsrv,P_cul,status,cost_opt,peak_opt
33218.36281274946,23.907,2.4048519921647307,12.710000000000008,-2.224982314020708,2.4048519921647307,11.57837672106987,0,-2.0499552576269675e-15,OPTIMAL,433534.0373810554,0.0
