cost,time,Pg,B,R,Pd,P0,P_rsrv,P_cul,status,cost_opt,peak_opt
28795.120423423923,17.625,2.295656946725601,12.608999999999973,0.012624214948230312,2.295656946725601,10.23280754208384,0,5.631075033346589e-17,OPTIMAL,358461.65352780424,0.0
