cost,time,Pg,B,R,Pd,P0,P_rsrv,P_cul,status,cost_opt,peak_opt
15025.925910293936,15.469,0.0,75.00000000000016,7.910339050454239e-17,0.0,7.283531706395509,0,-3.583288180064592e-17,OPTIMAL,518714.5442757284,0.0
