cost,time,Pg,B,R,Pd,P0,P_rsrv,P_cul,status,cost_opt,peak_opt
50230.354123684876,20.641,1.4210270778203191,43.85499999999999,-3.7373999999999987,1.4210270778203191,15.342197349934294,0,-4.304960251125256e-16,OPTIMAL,344540.2575815561,0.0
