cost,time,Pg,B,R,Pd,P0,P_rsrv,P_cul,status,cost_opt,peak_opt
38035.94066434753,17.609,2.4414261663608525,44.236999999999966,-3.691560000000005,2.4414261663608525,13.917285277843957,0,1.2112977721551177e-15,OPTIMAL,378612.56789227406,0.0
