cost,time,Pg,B,R,Pd,P0,P_rsrv,P_cul,status,cost_opt,peak_opt
29994.791684930096,22.422,0.03646140321938878,31.34099999999993,3.750000000000007,0.03646140321938878,8.956342694813404,0,0.0,OPTIMAL,312912.063686584,0.0
