cost,time,Pg,B,R,Pd,P0,P_rsrv,P_cul,status,cost_opt,peak_opt
23191.951699626687,16.781,0.0,31.44200000000003,-3.7269600000000014,0.0,11.280132149623876,0,0.0,OPTIMAL,521603.99960405426,0.0
