cost,time,Pg,B,R,Pd,P0,P_rsrv,P_cul,status,cost_opt,peak_opt
20045.566347596305,17.171,0.0,43.85499999999999,-3.7373999999999987,0.0,10.876595956373471,0,0.0,OPTIMAL,521601.6634978724,0.0
