cost,time,Pg,B,R,Pd,P0,P_rsrv,P_cul,status,cost_opt,peak_opt
41215.808036790455,21.515,1.8583638389136183,43.85499999999999,-3.7373999999999987,1.8583638389136183,14.75682350046203,0,-3.924405288582844e-16,OPTIMAL,347044.73725624,0.0
