cost,time,Pg,B,R,Pd,P0,P_rsrv,P_cul,status,cost_opt,peak_opt
17220.765954039613,23.469,0.5100958677271409,0.19600000000000894,-3.7490884298964673,0.5100958677271409,10.906121566839527,0,2.588132887258038e-15,OPTIMAL,515876.19172973343,0.0
