cost,time,Pg,B,R,Pd,P0,P_rsrv,P_cul,status,cost_opt,peak_opt
10226.159176922443,16.437,0.0,31.461000000000045,3.750000000000007,0.0,4.528857031409408,0,0.0,OPTIMAL,520826.9878391591,0.0
