cost,time,Pg,B,R,Pd,P0,P_rsrv,P_cul,status,cost_opt,peak_opt
52378.429771632604,17.031,0.9473598733515798,12.710000000000006,-3.7493619009275285,0.9473598733515798,15.983652661468598,0,-8.16073469515682e-16,OPTIMAL,318580.6770070057,0.0
