cost,time,Pg,B,R,Pd,P0,P_rsrv,P_cul,status,cost_opt,peak_opt
23079.33514321605,17.484,0.0,0.10600000000000864,-3.7495442149482376,0.0,11.214448563273105,0,0.0,OPTIMAL,520969.8054936597,0.0
