cost,time,Pg,B,R,Pd,P0,P_rsrv,P_cul,status,cost_opt,peak_opt
-6924.491147826886,18.531,13.336888665588864,12.710000000000006,0.02474421494823052,13.336888665588864,-2.7820374237954546,0,2.5168262656263818e-15,OPTIMAL,525425.2978846882,0.0
