cost,time,Pg,B,R,Pd,P0,P_rsrv,P_cul,status,cost_opt,peak_opt
28366.41091869837,15.047,0.0,75.00000000000016,0.0,0.0,10.069723435817666,0,0.0,OPTIMAL,311438.04824076564,0.0
