cost,time,Pg,B,R,Pd,P0,P_rsrv,P_cul,status,cost_opt,peak_opt
40291.29863245009,17.453,2.259439274326895,12.710000000000006,-3.749544214948237,2.259439274326895,14.157167474508112,0,1.9843881312459066e-15,OPTIMAL,385346.5202165692,0.0
