cost,time,Pg,B,R,Pd,P0,P_rsrv,P_cul,status,cost_opt,peak_opt
21678.51578063716,18.266,0.0,31.53200000000008,3.750000000000007,0.0,7.28444750693453,0,0.0,OPTIMAL,309723.4429935055,0.0
