cost,time,Pg,B,R,Pd,P0,P_rsrv,P_cul,status,cost_opt,peak_opt
27038.396107686465,18.922,0.0,12.703999999999986,-3.749428842989653,0.0,12.552644432537821,0,0.0,OPTIMAL,518788.9476034749,0.0
