cost,time,Pg,B,R,Pd,P0,P_rsrv,P_cul,status,cost_opt,peak_opt
27820.793195881568,16.313,0.7287005872385377,75.00000000000016,3.750000000000007,0.7287005872385377,8.523527327169598,0,0.0,OPTIMAL,314084.8318258681,0.0
