cost,time,Pg,B,R,Pd,P0,P_rsrv,P_cul,status,cost_opt,peak_opt
42971.20775096141,21.578,0.0,0.19600000000000917,0.022881900927524144,0.0,12.842560595027319,0,0.0,OPTIMAL,315007.6320211907,0.0
