cost,time,Pg,B,R,Pd,P0,P_rsrv,P_cul,status,cost_opt,peak_opt
31025.65665090913,17.719,3.0244848560346447,44.046000000000014,-3.7144799999999965,3.0244848560346447,11.756595926831805,0,1.4881759019536034e-15,OPTIMAL,486218.3570493835,0.0
