cost,time,Pg,B,R,Pd,P0,P_rsrv,P_cul,status,cost_opt,peak_opt
-9130.53266689281,18.172,10.567557238847636,43.85499999999999,3.750000000000007,10.567557238847636,-3.4690473658407335,0,3.71881345162528e-17,OPTIMAL,511507.4831375858,0.0
