cost,time,Pg,B,R,Pd,P0,P_rsrv,P_cul,status,cost_opt,peak_opt
6997.343625414775,38.188,0.0,75.00000000000016,3.750000000000007,0.0,3.518020927810344,0,3.465465897101519e-17,OPTIMAL,519466.1950598169,0.0
