cost,time,Pg,B,R,Pd,P0,P_rsrv,P_cul,status,cost_opt,peak_opt
11226.720310791052,18.828,8.526886383837075,31.34099999999993,-3.7390799999999977,8.526886383837075,4.3229573780481525,0,-6.266688556966216e-17,OPTIMAL,516893.8669628729,0.0
