cost,time,Pg,B,R,Pd,P0,P_rsrv,P_cul,status,cost_opt,peak_opt
31716.493994725424,17.484,0.0,0.38700000000000867,0.04580190092752458,0.0,11.109104726698924,0,0.0,OPTIMAL,310560.43038331694,0.0
