cost,time,Pg,B,R,Pd,P0,P_rsrv,P_cul,status,cost_opt,peak_opt
3010.2706098323756,18.484,2.4048338032975156,75.00000000000016,3.7500000000000075,2.4048338032975156,1.645855992253896,0,6.33445119274656e-17,OPTIMAL,512509.3661195401,0.0
