cost,time,Pg,B,R,Pd,P0,P_rsrv,P_cul,status,cost_opt,peak_opt
25150.856833940197,18.984,0.0,0.5070000000000094,-3.749544214948237,0.0,11.988015650114487,0,0.0,OPTIMAL,521060.2708910685,0.0
