cost,time,Pg,B,R,Pd,P0,P_rsrv,P_cul,status,cost_opt,peak_opt
46770.13242084196,20.047,0.0,31.442000000000025,-3.749505403027939,0.0,15.731628799475939,0,0.0,OPTIMAL,309968.09512955335,0.0
