cost,time,Pg,B,R,Pd,P0,P_rsrv,P_cul,status,cost_opt,peak_opt
-4172.903499554375,24.953,6.595559722976805,75.00000000000016,3.750000000000007,6.595559722976805,-1.7689289951481033,0,-2.2676630538620568e-15,OPTIMAL,516053.9934973987,0.0
