cost,time,Pg,B,R,Pd,P0,P_rsrv,P_cul,status,cost_opt,peak_opt
45244.24404499681,29.828,0.0,43.85499999999999,-3.7373999999999987,0.0,15.223500688087757,0,0.0,OPTIMAL,311072.78106877336,0.0
