cost,time,Pg,B,R,Pd,P0,P_rsrv,P_cul,status,cost_opt,peak_opt
35049.45607045603,20.219,0.0,75.00000000000016,0.0,0.0,11.598099295319665,0,0.0,OPTIMAL,310807.7590916487,0.0
