cost,time,Pg,B,R,Pd,P0,P_rsrv,P_cul,status,cost_opt,peak_opt
7006.0901965103585,18.625,0.0,43.85499999999999,3.750000000000007,0.0,3.4580899291758924,0,5.712508780895617e-16,OPTIMAL,519422.0626603194,0.0
