cost,time,Pg,B,R,Pd,P0,P_rsrv,P_cul,status,cost_opt,peak_opt
33027.579854808224,27.859,0.0,31.34099999999993,3.750000000000007,0.0,7.661234018744658,0,0.0,OPTIMAL,307774.28144402266,0.0
