cost,time,Pg,B,R,Pd,P0,P_rsrv,P_cul,status,cost_opt,peak_opt
37355.97671261031,18.234,2.477898482900571,0.10600000000001084,-3.749544214948237,2.477898482900571,13.505414574334893,0,1.0287452313628709e-15,OPTIMAL,417068.4912322542,0.0
