cost,time,Pg,B,R,Pd,P0,P_rsrv,P_cul,status,cost_opt,peak_opt
87269.93887567733,18.016,1.7126128081455818,75.00000000000016,3.750000000000007,1.7126128081455818,7.456419931277966,0,2.3929019573112886e-16,OPTIMAL,340614.31877963844,0.0
