cost,time,Pg,B,R,Pd,P0,P_rsrv,P_cul,status,cost_opt,peak_opt
27758.827353786422,18.313,2.5142616662369983,75.00000000000016,0.0,2.5142616662369983,9.781123098585773,0,-1.161329604530692e-15,OPTIMAL,403104.5244194058,0.0
