cost,time,Pg,B,R,Pd,P0,P_rsrv,P_cul,status,cost_opt,peak_opt
26853.855185485183,19.187,2.477923947314672,75.00000000000016,0.0,2.477923947314672,9.708552127796523,0,-1.4178247334864502e-15,OPTIMAL,404653.0892382043,0.0
