cost,time,Pg,B,R,Pd,P0,P_rsrv,P_cul,status,cost_opt,peak_opt
55410.09443206707,22.062,0.0,0.10600000000000846,-3.7493619009275285,0.0,16.07953988162132,0,0.0,OPTIMAL,310971.75919405464,0.0
