cost,time,Pg,B,R,Pd,P0,P_rsrv,P_cul,status,cost_opt,peak_opt
11705.871046573971,18.453,7.287966244574333,43.85499999999999,-3.7373999999999987,7.287966244574333,5.191073634844333,0,-1.7795552358090827e-15,OPTIMAL,512496.5533959947,0.0
