cost,time,Pg,B,R,Pd,P0,P_rsrv,P_cul,status,cost_opt,peak_opt
31320.938218734336,17.64,2.732913676803154,43.85499999999999,-3.7373999999999987,2.732913676803154,12.737266457395013,0,5.996993266560446e-16,OPTIMAL,456867.58165971003,0.0
