cost,time,Pg,B,R,Pd,P0,P_rsrv,P_cul,status,cost_opt,peak_opt
3274.5883801391456,19.593,11.73342361182765,0.10600000000000817,-3.737462314020712,11.73342361182765,1.4374839245562534,0,2.8364897236565767e-15,OPTIMAL,521530.4231693297,0.0
