cost,time,Pg,B,R,Pd,P0,P_rsrv,P_cul,status,cost_opt,peak_opt
32097.205804498826,33.984,1.5302912409548657,75.00000000000016,0.0,1.5302912409548657,11.434701034734173,0,-1.169596646095894e-15,OPTIMAL,346282.25776537036,0.0
