cost,time,Pg,B,R,Pd,P0,P_rsrv,P_cul,status,cost_opt,peak_opt
43215.22385180736,19.735,0.0,0.10600000000000864,-3.749544214948237,0.0,15.511566350253899,0,0.0,OPTIMAL,311950.5687890189,0.0
