cost,time,Pg,B,R,Pd,P0,P_rsrv,P_cul,status,cost_opt,peak_opt
21906.59610656259,22.766,2.8058764987498046,12.710000000000008,0.024744214948230602,2.8058764987498046,8.077653431623373,0,-7.480452889063738e-16,OPTIMAL,502836.3497767699,0.0
