cost,time,Pg,B,R,Pd,P0,P_rsrv,P_cul,status,cost_opt,peak_opt
39391.346534055185,17.5,2.4048483543912873,12.710000000000006,-3.7248000000000028,2.4048483543912873,13.729991820862734,0,7.194630091342247e-16,OPTIMAL,395159.6685452631,0.0
