cost,time,Pg,B,R,Pd,P0,P_rsrv,P_cul,status,cost_opt,peak_opt
21234.115681147952,18.828,0.0,43.855,-2.237399999999999,0.0,10.159863962271748,0,0.0,OPTIMAL,518915.85274219984,0.0
