cost,time,Pg,B,R,Pd,P0,P_rsrv,P_cul,status,cost_opt,peak_opt
26918.385738748882,15.094,0.0,0.38700000000000867,0.045801900927523564,0.0,9.464973888448974,0,0.0,OPTIMAL,313968.22585299646,0.0
