cost,time,Pg,B,R,Pd,P0,P_rsrv,P_cul,status,cost_opt,peak_opt
4633.718192458204,17.609,0.9839558741883602,75.00000000000016,3.750000000000007,0.9839558741883602,2.8816655425735105,0,-4.0137164425413374e-16,OPTIMAL,511680.8771758564,0.0
