cost,time,Pg,B,R,Pd,P0,P_rsrv,P_cul,status,cost_opt,peak_opt
28277.098151475133,22.437,0.0,43.85499999999999,3.750000000000007,0.0,8.302142733844724,0,0.0,OPTIMAL,308252.9208668257,0.0
