cost,time,Pg,B,R,Pd,P0,P_rsrv,P_cul,status,cost_opt,peak_opt
4382.31794044899,23.672,11.44217619443259,43.855,-3.7373999999999987,11.44217619443259,1.844409907596376,0,-6.021658865984492e-16,OPTIMAL,512961.24021186907,0.0
