cost,time,Pg,B,R,Pd,P0,P_rsrv,P_cul,status,cost_opt,peak_opt
-1931.0035855563833,20.016,5.538844742154604,75.00000000000016,3.7500000000000075,5.538844742154604,-0.8977236566975282,0,-9.647230930776018e-16,OPTIMAL,512910.0295878906,0.0
