cost,time,Pg,B,R,Pd,P0,P_rsrv,P_cul,status,cost_opt,peak_opt
-18833.06451715135,17.25,13.81057769669826,75.00000000000016,3.750000000000007,13.81057769669826,-6.944345323433388,0,-9.873151558467685e-16,OPTIMAL,526016.4810767657,0.0
