cost,time,Pg,B,R,Pd,P0,P_rsrv,P_cul,status,cost_opt,peak_opt
40750.10945484488,18.031,0.0,0.31600000000000483,0.037281900927523134,0.0,12.215260627951103,0,0.0,OPTIMAL,312168.03744840226,0.0
