cost,time,Pg,B,R,Pd,P0,P_rsrv,P_cul,status,cost_opt,peak_opt
35427.43374707326,15.875,0.0,31.44200000000003,-3.749505403027939,0.0,14.10327776555464,0,0.0,OPTIMAL,311983.63152644894,0.0
