cost,time,Pg,B,R,Pd,P0,P_rsrv,P_cul,status,cost_opt,peak_opt
26008.451269764333,18.672,0.0,0.10600000000000824,0.012081900927523752,0.0,10.361932776798538,0,0.0,OPTIMAL,312636.37234130624,0.0
