cost,time,Pg,B,R,Pd,P0,P_rsrv,P_cul,status,cost_opt,peak_opt
-2122.197915579355,20.563,15.414017286045375,12.710000000000006,-3.7493619009275285,15.414017286045375,-0.8059999679374688,0,-3.225365937872815e-16,OPTIMAL,508576.833646868,0.0
