cost,time,Pg,B,R,Pd,P0,P_rsrv,P_cul,status,cost_opt,peak_opt
17260.065672549365,16.782,0.0,0.10700000000000343,0.012268842989646523,0.0,8.36648845009664,0,0.0,OPTIMAL,519714.84928359505,0.0
