cost,time,Pg,B,R,Pd,P0,P_rsrv,P_cul,status,cost_opt,peak_opt
91123.46735820064,17.703,1.2389128637158553,43.85499999999999,3.750000000000007,1.2389128637158553,7.784338574935985,0,2.1670016584103557e-15,OPTIMAL,333624.6547665234,0.0
