cost,time,Pg,B,R,Pd_net,P0,P_rsrv,P_cul,status
12340.208105054597,9.985,0.0,0.0,0.0,8.255267917955708,8.332348484169207,0,0.0,OPTIMAL
