cost,time,Pg,B,R,Pd_net,P0,P_rsrv,P_cul,status
41768.46873215207,13.297,0.0,0.0,0.0,12.219079874388079,12.328355588002381,0,0.0,OPTIMAL
