cost,time,Pg,B,R,Pd_net,P0,P_rsrv,P_cul,status
14452.876220830436,15.109,0.0,0.0,0.0,8.684046666810822,8.764630819181587,0,0.0,OPTIMAL
