cost,time,Pg,B,R,Pd_net,P0,P_rsrv,P_cul,status
35087.349348097196,13.843,0.0,0.0,0.0,11.643624546591944,11.746685419516972,0,0.0,OPTIMAL
