cost,time,Pg,B,R,Pd_net,P0,P_rsrv,P_cul,status
13364.616228262423,10.235,0.0,0.0,0.0,8.123016780016403,8.199151060283695,0,0.0,OPTIMAL
