cost,time,Pg,B,R,Pd_net,P0,P_rsrv,P_cul,status
14713.898399151862,9.812,0.0,0.0,0.0,7.956886659029542,8.031603929668046,0,0.0,OPTIMAL
