cost,time,Pg,B,R,Pd_net,P0,P_rsrv,P_cul,status
13450.359581086002,15.281,0.0,0.0,0.0,8.303253351636357,8.380286343355763,0,0.0,OPTIMAL
