cost,time,Pg,B,R,Pd_net,P0,P_rsrv,P_cul,status
19952.969486282414,10.671,0.0,0.0,0.0,9.61487746938253,9.704751695662654,0,0.0,OPTIMAL
