cost,time,Pg,B,R,Pd_net,P0,P_rsrv,P_cul,status
34312.99081395409,14.5,0.0,0.0,0.0,11.288775008450552,11.388314242931992,0,0.0,OPTIMAL
