cost,time,Pg,B,R,Pd_net,P0,P_rsrv,P_cul,status
11829.28420715091,9.953,0.0,0.0,0.0,8.20726529899309,8.283812469993634,0,0.0,OPTIMAL
