cost,time,Pg,B,R,Pd_net,P0,P_rsrv,P_cul,status
13040.602369231556,9.859,0.0,0.0,0.0,8.055044015761192,8.130051352388751,0,0.0,OPTIMAL
