cost,time,Pg,B,R,Pd_net,P0,P_rsrv,P_cul,status
12914.998242160775,9.765,0.0,0.0,0.0,8.067615905512078,8.143126256091284,0,0.0,OPTIMAL
