cost,time,Pg,B,R,Pd_net,P0,P_rsrv,P_cul,status
37064.60432416213,13.891,0.0,0.0,0.0,11.862264378617333,11.967905819877988,0,0.0,OPTIMAL
