cost,time,Pg,B,R,Pd_net,P0,P_rsrv,P_cul,status
35070.08379704468,14.422,0.0,0.0,0.0,11.680490713731254,11.784302351157486,0,0.0,OPTIMAL
