cost,time,Pg,B,R,Pd_net,P0,P_rsrv,P_cul,status
42273.623195685075,10.907,0.0,0.0,0.0,12.344887684563426,12.45539870232324,0,0.0,OPTIMAL
