cost,time,Pg,B,R,P0,P_rsrv,status
74.44179472839758,0.8142499923706055,0,3,0.00999997756077815,0.23701287788293213,0,OPTIMAL
