cost,time,Pg,B,R,P0,P_rsrv,status
73.75600113458157,24.132893085479736,0,2.7840000000000007,0.010016361665303121,0.22249170779662616,0,SLOW_PROGRESS
