cost,time,Pg,B,R,P0,P_rsrv,status
96.21090127460783,18.506513118743896,0,2.927999999999999,0.010020447182373163,0.23136890086078035,0,SLOW_PROGRESS
