cost,time,Pg,B,R,P0,P_rsrv,status
96.2193381939505,1.0125939846038818,0,2.927999999999999,0.0100000890206493,0.2313891900455724,0,OPTIMAL
