cost,time,Pg,B,R,P0,P_rsrv,status
74.42797812856976,16.699440956115723,0,3,0.010044531036512285,0.2369688876473434,0,SLOW_PROGRESS
