cost,time,Pg,B,R,Pd,P0,P_rsrv,P_cul,status,cost_opt,peak_opt
8925.1027790557,51.078,6.444492054704219,163.0869999999996,0.749999999999999,6.444492054704219,3.3327493573770353,0,-1.890902798923344e-15,OPTIMAL,482069.5928812778,0.0
