cost,time,Pg,B,R,Pd,P0,P_rsrv,P_cul,status,cost_opt,peak_opt
12104.393582659946,66.594,0.0,118.85599999999974,0.012122989163368899,0.0,8.173121932923664,0,0.0,OPTIMAL,483191.9489145948,0.0
