cost,time,Pg,B,R,Pd,P0,P_rsrv,P_cul,status,cost_opt,peak_opt
9787.931848895189,50.344,6.210809543363702,175.76799999999994,0.749999999999999,6.210809543363702,3.609119413309435,0,7.652976559760494e-16,OPTIMAL,484535.75015424856,0.0
