cost,time,Pg,B,R,Pd,P0,P_rsrv,P_cul,status,cost_opt,peak_opt
773.1734905893396,53.125,10.8980750773828,162.90399999999943,-0.7498308389382692,10.8980750773828,0.26902348315565056,0,2.334504117795788e-15,OPTIMAL,475953.3775309054,0.0
