cost,time,Pg,B,R,Pd,P0,P_rsrv,P_cul,status,cost_opt,peak_opt
14230.021740611148,59.782,2.388515331965272,119.05026488791393,0.03492298916336595,2.388515331965272,7.319970031178573,0,1.5433617925331156e-15,OPTIMAL,481129.0126573043,0.0
