cost,time,Pg,B,R,Pd,P0,P_rsrv,P_cul,status,cost_opt,peak_opt
30893.80728899776,83.125,0.0,37.813999999999496,0.749999999999999,0.0,10.753152554471896,0,0.0,OPTIMAL,454822.6299552435,0.0
