cost,time,Pg,B,R,Pd,P0,P_rsrv,P_cul,status,cost_opt,peak_opt
18128.696375152056,60.39,0.0,81.54299999999974,-0.749661677876539,0.0,10.31798313895962,0,0.0,OPTIMAL,440927.2688326996,0.0
