cost,time,Pg,B,R,Pd,P0,P_rsrv,P_cul,status,cost_opt,peak_opt
11027.00817867732,58.969,5.087076614261859,144.9851216648386,-0.7496616778765394,5.087076614261859,6.33372095271529,0,2.141068897697218e-15,OPTIMAL,482118.77685438766,0.0
