cost,time,Pg,B,R,Pd,P0,P_rsrv,P_cul,status,cost_opt,peak_opt
31358.666043968606,90.266,1.8172487183857142,151.2510000000001,0.749999999999999,1.8172487183857142,9.575165204265224,0,6.11584892971917e-16,OPTIMAL,454741.56025428814,0.0
