cost,time,Pg,B,R,Pd,P0,P_rsrv,P_cul,status,cost_opt,peak_opt
33617.86539922428,62.032,0.0,56.36799999999954,0.749999999999999,0.0,11.319146599065416,0,0.0,OPTIMAL,456656.40410070564,0.0
