cost,time,Pg,B,R,Pd,P0,P_rsrv,P_cul,status,cost_opt,peak_opt
31969.144070604478,74.922,0.0,31.664999999999566,0.749999999999999,0.0,10.610402944110348,0,0.0,OPTIMAL,434898.33731172467,0.0
