cost,time,Pg,B,R,Pd,P0,P_rsrv,P_cul,status,cost_opt,peak_opt
37140.97621170322,58.969,0.37488748413847706,100.70999999999945,0.749999999999999,0.37488748413847706,11.57039757373932,0,-4.042210630886972e-17,OPTIMAL,454955.00930537755,0.0
