cost,time,Pg,B,R,Pd,P0,P_rsrv,P_cul,status,cost_opt,peak_opt
14715.65916368066,50.375,2.675079933341168,137.88026488791394,0.749999999999999,2.675079933341168,6.815960705734442,0,2.8505979044260443e-15,OPTIMAL,478783.8679115163,0.0
