cost,time,Pg,B,R,Pd,P0,P_rsrv,P_cul,status,cost_opt,peak_opt
34926.80985279632,62.078,0.0,0.1579999999995576,-0.7362219424347295,0.0,11.62676759413992,0,0.0,OPTIMAL,452590.2799677883,0.0
