cost,time,Pg,B,R,Pd,P0,P_rsrv,P_cul,status,cost_opt,peak_opt
41106.67268427693,48.109,0.0,69.06699999999964,0.749999999999999,0.0,11.717979670546445,0,0.0,OPTIMAL,451864.79120644066,0.0
