cost,time,Pg,B,R,Pd,P0,P_rsrv,P_cul,status,cost_opt,peak_opt
17977.982759262606,165.782,0.0,82.14699999999952,-0.749661677876539,0.0,9.457118758160233,0,0.0,OPTIMAL,439646.04516963026,0.0
