cost,time,Pg,B,R,Pd,P0,P_rsrv,P_cul,status,cost_opt,peak_opt
21994.23141041943,57.812,3.3044271994798224,169.24299999999954,-0.7498308389382692,3.3044271994798224,8.092064536578157,0,6.662422349923425e-16,OPTIMAL,483737.68504287314,0.0
