cost,time,Pg,B,R,Pd,P0,P_rsrv,P_cul,status,cost_opt,peak_opt
13496.840699814826,49.265,2.7277154721132515,118.86026488791381,0.0121229891633659,2.7277154721132515,7.036934671436301,0,-1.4130135863460458e-15,OPTIMAL,481003.49403971183,0.0
