cost,time,Pg,B,R,Pd,P0,P_rsrv,P_cul,status,cost_opt,peak_opt
7150.778213279871,61.469,8.188341235390904,187.37799999999962,-0.007334,8.188341235390904,2.4463832409441912,0,-1.3971842346277574e-15,OPTIMAL,453765.3753740378,0.0
