cost,time,Pg,B,R,Pd,P0,P_rsrv,P_cul,status,cost_opt,peak_opt
15734.326710798507,93.906,0.11475978001708123,118.85599999999974,0.012122989163365665,0.11475978001708123,8.528090358156373,0,-1.1568013663946705e-16,OPTIMAL,483641.8336840739,0.0
