cost,time,Pg,B,R,Pd,P0,P_rsrv,P_cul,status,cost_opt,peak_opt
14351.464350893115,66.203,0.6260848407778699,118.85599999999974,0.012122989163365832,0.6260848407778699,8.45696190388516,0,2.092422101470509e-15,OPTIMAL,479754.0731838151,0.0
