cost,time,Pg,B,R,Pd,P0,P_rsrv,P_cul,status,cost_opt,peak_opt
12845.3813181136,70.578,0.0,118.85599999999974,0.012122989163368614,0.0,8.207911385376102,0,0.0,OPTIMAL,484686.26841450017,0.0
