cost,time,Pg,B,R,Pd,P0,P_rsrv,P_cul,status,cost_opt,peak_opt
-5573.866549410766,56.468,11.90664827402159,181.91699999999955,0.749999999999999,11.90664827402159,-2.0335157057317645,0,7.707593244199451e-16,OPTIMAL,483555.5856966733,0.0
