cost,time,Pg,B,R,Pd,P0,P_rsrv,P_cul,status,cost_opt,peak_opt
32578.884925274037,69.266,0.0,0.9199999999995565,0.10403299197025187,0.0,10.852393379505008,0,0.0,OPTIMAL,453311.60359311354,0.0
