cost,time,Pg,B,R,Pd,P0,P_rsrv,P_cul,status,cost_opt,peak_opt
25184.519731862532,55.781,0.0,38.271999999999586,-0.7496616778765393,0.0,11.15840484353679,0,0.0,OPTIMAL,446460.90769157786,0.0
