cost,time,Pg,B,R,Pd,P0,P_rsrv,P_cul,status,cost_opt,peak_opt
5438.638323685415,52.953,7.884582126037934,175.38499999999937,0.749999999999999,7.884582126037934,1.9740973951671197,0,-1.312616465173888e-15,OPTIMAL,483195.6692563212,0.0
