cost,time,Pg,B,R,Pd,P0,P_rsrv,P_cul,status,cost_opt,peak_opt
37383.24389987359,48.203,0.35565877941605545,69.9649999999998,0.749999999999999,0.35565877941605545,11.591703534844523,0,-1.879871041818304e-16,OPTIMAL,457735.4362135024,0.0
