cost,time,Pg,B,R,Pd,P0,P_rsrv,P_cul,status,cost_opt,peak_opt
12536.899609093143,62.547,0.0,118.85599999999974,0.012122989163368444,0.0,8.010798472263989,0,0.0,OPTIMAL,483522.82232168916,0.0
