cost,time,Pg,B,R,Pd,P0,P_rsrv,P_cul,status,cost_opt,peak_opt
37288.559597629624,69.687,0.0,25.13599999999954,-0.749661677876539,0.0,12.379999866410898,0,0.0,OPTIMAL,452301.0814379416,0.0
