cost,time,Pg,B,R,Pd,P0,P_rsrv,P_cul,status,cost_opt,peak_opt
10787.965477882311,55.672,4.982453700916295,151.32412166483857,-0.7498308389382692,4.982453700916295,6.530245446659995,0,6.936454449019136e-16,OPTIMAL,480034.04836951825,0.0
