cost,time,Pg,B,R,Pd,P0,P_rsrv,P_cul,status,cost_opt,peak_opt
10941.1204456811,68.609,6.39090051894292,187.4999999999996,-2.6077057180273743e-15,6.39090051894292,4.35727616315456,0,-1.6780197023558152e-15,OPTIMAL,479762.2219229237,0.0
