cost,time,Pg,B,R,Pd,P0,P_rsrv,P_cul,status,cost_opt,peak_opt
19755.58941405461,56.875,2.9080465719189523,175.39199999999983,0.749999999999999,2.9080465719189523,6.983241220945427,0,-8.120267696101746e-16,OPTIMAL,482917.61860887194,0.0
