cost,time,Pg,B,R,Pd,P0,P_rsrv,P_cul,status,cost_opt,peak_opt
13388.707481481328,61.437,0.0,118.85599999999974,0.012122989163370256,0.0,8.341873820237588,0,0.0,OPTIMAL,482764.5076221059,0.0
