cost,time,Pg,B,R,Pd,P0,P_rsrv,P_cul,status,cost_opt,peak_opt
13304.026085690055,54.063,0.0,118.85599999999974,0.012122989163369294,0.0,8.16197919367488,0,0.0,OPTIMAL,483230.00605595316,0.0
