cost,time,Pg,B,R,Pd,P0,P_rsrv,P_cul,status,cost_opt,peak_opt
31115.792517879054,60.719,1.58234193464796,157.39999999999955,0.749999999999999,1.58234193464796,9.699436570411176,0,-1.178670063026882e-15,OPTIMAL,456585.8670507066,0.0
