cost,time,Pg,B,R,Pd,P0,P_rsrv,P_cul,status,cost_opt,peak_opt
23337.286251684272,55.0,4.384049408029378,169.24299999999954,-0.7498308389382692,4.384049408029378,7.5795018680364645,0,-3.9199329546213413e-16,OPTIMAL,453907.9727961824,0.0
