cost,time,Pg,B,R,Pd,P0,P_rsrv,P_cul,status,cost_opt,peak_opt
15827.811873873026,49.282,0.19706314457678697,118.85599999999974,0.012122989163365705,0.19706314457678697,8.564833265082806,0,-1.0046242741239102e-15,OPTIMAL,482637.84324929165,0.0
