cost,time,Pg,B,R,Pd,P0,P_rsrv,P_cul,status,cost_opt,peak_opt
31603.111298935073,69.406,0.0,25.51599999999957,0.749999999999999,0.0,10.509847455582,0,0.0,OPTIMAL,439984.14907243015,0.0
