cost,time,Pg,B,R,Pd,P0,P_rsrv,P_cul,status,cost_opt,peak_opt
11486.723492182855,48.875,5.859373911188177,125.20812166483854,-0.7498308389382692,5.859373911188177,5.362616009422434,0,-1.1678077125112929e-15,OPTIMAL,478508.21586133295,0.0
