cost,time,Pg,B,R,Pd,P0,P_rsrv,P_cul,status,cost_opt,peak_opt
31292.138552689805,61.609,0.0,19.36699999999953,0.749999999999999,0.0,10.42723710519487,0,0.0,OPTIMAL,446663.20707763685,0.0
