cost,time,Pg,B,R,Pd,P0,P_rsrv,P_cul,status,cost_opt,peak_opt
15199.18165139772,55.516,4.717572894414125,163.28399999999957,0.749999999999999,4.717572894414125,4.899800661314545,0,3.0526931893773424e-15,OPTIMAL,473671.1462983922,0.0
