cost,time,Pg,B,R,Pd,P0,P_rsrv,P_cul,status,cost_opt,peak_opt
12072.791969537499,58.094,0.0,118.85599999999974,0.012122989163369189,0.0,8.15729187130912,0,0.0,OPTIMAL,482503.87098460825,0.0
