cost,time,Pg,B,R,Pd,P0,P_rsrv,P_cul,status,cost_opt,peak_opt
12014.050966776205,89.031,0.0,118.85599999999974,0.749999999999999,0.0,7.339065954047774,0,0.0,OPTIMAL,485757.2103659215,0.0
