cost,time,Pg,B,R,Pd,P0,P_rsrv,P_cul,status,cost_opt,peak_opt
19568.378107265427,60.469,0.0,75.20399999999951,-0.7496616778765391,0.0,10.408711759183738,0,0.0,OPTIMAL,442658.48827188875,0.0
