cost,time,Pg,B,R,Pd,P0,P_rsrv,P_cul,status,cost_opt,peak_opt
18184.739582168135,57.437,4.081076132610821,162.8039999999993,0.749999999999999,4.081076132610821,5.650944556298364,0,-2.0897996874658098e-17,OPTIMAL,461001.714418828,0.0
