cost,time,Pg,B,R,Pd,P0,P_rsrv,P_cul,status,cost_opt,peak_opt
13737.79350983735,56.704,3.365566358911788,131.922264887914,0.749999999999999,3.365566358911788,6.224645903868304,0,-2.700083537830744e-15,OPTIMAL,478640.77978787053,0.0
