cost,time,Pg,B,R,Pd,P0,P_rsrv,P_cul,status,cost_opt,peak_opt
12742.424776052456,72.016,0.0,118.85599999999974,0.012122989163368925,0.0,8.142124457541506,0,0.0,OPTIMAL,482985.07841923775,0.0
