cost,time,Pg,B,R,Pd,P0,P_rsrv,P_cul,status,cost_opt,peak_opt
37201.90009043388,52.031,0.6390177273061131,119.15699999999946,0.749999999999999,0.6390177273061131,11.369773866269524,0,1.9128883861022766e-15,OPTIMAL,457381.6993283708,0.0
