cost,time,Pg,B,R,Pd,P0,P_rsrv,P_cul,status,cost_opt,peak_opt
15193.867246406233,51.578,0.353014457034478,118.85599999999974,0.012122989163365768,0.353014457034478,8.727092042737642,0,-5.580879860892299e-16,OPTIMAL,480302.8254502289,0.0
