cost,time,Pg,B,R,Pd,P0,P_rsrv,P_cul,status,cost_opt,peak_opt
12854.357294824236,60.297,0.0,118.85599999999974,0.012122989163368948,0.0,8.104891106446555,0,0.0,OPTIMAL,482947.853518585,0.0
