cost,time,Pg,B,R,Pd,P0,P_rsrv,P_cul,status,cost_opt,peak_opt
32160.379756086288,61.578,0.0,7.068999999999549,0.749999999999999,0.0,10.31773492335139,0,0.0,OPTIMAL,450593.0070973445,0.0
