cost,time,Pg,B,R,Pd,P0,P_rsrv,P_cul,status,cost_opt,peak_opt
10178.275488471652,55.625,6.0002448990874075,175.20199999999937,0.749999999999999,6.0002448990874075,3.908707944881587,0,7.171048694090687e-16,OPTIMAL,482174.0578776178,0.0
