cost,time,Pg,B,R,Pd,P0,P_rsrv,P_cul,status,cost_opt,peak_opt
11987.372091244753,57.141,6.9865220203576,175.58199999999948,-0.7493684653695413,6.9865220203576,4.405502422361174,0,3.1756281632100425e-16,OPTIMAL,481632.5151694877,0.0
