cost,time,Pg,B,R,Pd,P0,P_rsrv,P_cul,status,cost_opt,peak_opt
12626.551872564007,48.953,3.23519895885329,118.86026488791381,0.012122989163365626,3.23519895885329,6.4984826930334565,0,4.519767806548947e-16,OPTIMAL,480948.33695292874,0.0
