cost,time,Pg,B,R,Pd,P0,P_rsrv,P_cul,status,cost_opt,peak_opt
14392.556747023067,49.937,3.985028529804762,118.87226488791381,0.012747159543223705,3.985028529804762,6.500703137770129,0,-9.077347163863325e-16,OPTIMAL,480026.56795516144,0.0
