cost,time,Pg,B,R,Pd,P0,P_rsrv,P_cul,status,cost_opt,peak_opt
5346.478474480957,66.735,8.511454314099751,187.4999999999996,0.0,8.511454314099751,2.1523665356203527,0,-1.9237541247496548e-15,OPTIMAL,481169.84245421377,0.0
