cost,time,Pg,B,R,Pd,P0,P_rsrv,P_cul,status,cost_opt,peak_opt
12040.031155693987,55.485,0.0,118.85599999999974,0.012122989163368762,0.0,8.140656629948605,0,0.0,OPTIMAL,482675.56596743455,0.0
