cost,time,Pg,B,R,Pd,P0,P_rsrv,P_cul,status,cost_opt,peak_opt
13182.145768643057,54.359,0.0,118.85599999999974,0.012122989163369693,0.0,8.213174933733992,0,0.0,OPTIMAL,483137.1591301068,0.0
