cost,time,Pg,B,R,Pd,P0,P_rsrv,P_cul,status,cost_opt,peak_opt
17056.56513080488,60.875,0.0,87.91599999999946,0.749999999999999,0.0,8.304072605065667,0,0.0,OPTIMAL,441552.49220332236,0.0
