cost,time,Pg,B,R,Pd,P0,P_rsrv,P_cul,status,cost_opt,peak_opt
13131.960363556644,58.563,7.041877377241255,168.85099999999974,-0.7380491610617397,7.041877377241255,4.09350385397651,0,1.915514188238765e-16,OPTIMAL,458828.80297744524,0.0
