cost,time,Pg,B,R,Pd,P0,P_rsrv,P_cul,status,cost_opt,peak_opt
19330.061379322113,54.75,4.1085567870839945,150.78899999999942,-0.7498308389382692,4.1085567870839945,7.085799625851214,0,2.8969475472997996e-15,OPTIMAL,479977.6186527616,0.0
