cost,time,Pg,B,R,Pd,P0,P_rsrv,P_cul,status,cost_opt,peak_opt
15208.658325605524,55.063,0.0,100.09399999999998,-0.7498195615341534,0.0,9.36493739261424,0,0.0,OPTIMAL,482065.8705028669,0.0
