cost,time,Pg,B,R,Pd,P0,P_rsrv,P_cul,status,cost_opt,peak_opt
25136.23641997607,61.375,4.292367488573433,175.20199999999937,-0.7498308389382692,4.292367488573433,7.458823863494382,0,1.338217188971702e-15,OPTIMAL,455100.586702636,0.0
