cost,time,Pg,B,R,Pd,P0,P_rsrv,P_cul,status,cost_opt,peak_opt
13555.089700297873,51.36,0.0,118.85599999999974,0.012122989163367313,0.0,8.546714817337877,0,0.0,OPTIMAL,481180.47730594326,0.0
