cost,time,Pg,B,R,Pd,P0,P_rsrv,P_cul,status,cost_opt,peak_opt
37885.93709335139,51.422,0.6259901459245453,76.11399999999973,0.749999999999999,0.6259901459245453,11.346492091449953,0,1.539912674371896e-15,OPTIMAL,458035.7222206133,0.0
