cost,time,Pg,B,R,Pd,P0,P_rsrv,P_cul,status,cost_opt,peak_opt
20296.954402325722,61.844,0.0,68.86499999999968,0.0107607331793999,0.0,9.8242760901867,0,0.0,OPTIMAL,444093.93616924586,0.0
