cost,time,Pg,B,R,Pd,P0,P_rsrv,P_cul,status,cost_opt,peak_opt
20409.21104749626,52.5,3.708741924107155,163.46499999999958,-0.7496084653695413,3.708741924107155,7.459506961804189,0,-5.3491824685003575e-16,OPTIMAL,475938.7137280555,0.0
