cost,time,Pg,B,R,Pd_net,P0,P_rsrv,P_cul,status
40673.74268958227,28.812,0.0,51.14305549462749,0.31409285518337654,11.904987019204704,12.005236921364308,0,0.0,OPTIMAL
