cost,time,Pg,B,R,Pd_net,P0,P_rsrv,P_cul,status
36261.75401318668,34.531,0.0,59.29905549462747,0.3351845701247502,12.002918635456926,12.103389189982202,0,0.0,OPTIMAL
