cost,time,Pg,B,R,Pd_net,P0,P_rsrv,P_cul,status
11430.767566305853,36.156,0.0,47.82951952972208,1.6868338988400575,6.45767468934556,6.516971246468559,0,0.0,OPTIMAL
