cost,time,Pg,B,R,Pd_net,P0,P_rsrv,P_cul,status
33813.74590504783,35.25,0.0,7.120055494627529,0.15750204177466448,11.131272966675887,11.222617293411162,0,0.0,OPTIMAL
