cost,time,Pg,B,R,Pd_net,P0,P_rsrv,P_cul,status
35667.71248236467,30.063,0.0,62.169055494627436,0.35641778455284606,12.097737622689062,12.198260082888057,0,0.0,OPTIMAL
