cost,time,Pg,B,R,Pd,P0,P_rsrv,P_cul,status,cost_opt,peak_opt
23244.050429778235,247.703,0.0,62.27999999999923,0.3892545471170941,0.0,9.988848487227433,0,0.0,OPTIMAL,439862.53350915713,1.5476545803647368
