cost,time,Pg,B,R,Pd,P0,P_rsrv,P_cul,status,cost_opt,peak_opt
13870.227229597494,179.938,2.1183606748789376,201.7705297758277,-0.22527150990203865,2.1183606748789376,7.571084732313043,0,-9.904525658833985e-17,OPTIMAL,477812.2640830942,1.5437734183464136
