cost,time,Pg,B,R,Pd,P0,P_rsrv,P_cul,status,cost_opt,peak_opt
14507.363954867187,258.828,7.341828129574032,362.59899999999936,-1.0544229579284479,7.341828129574032,4.162801708713683,0,-1.3116406832186511e-15,OPTIMAL,450464.83897983795,1.5341624391128115
