cost,time,Pg,B,R,Pd,P0,P_rsrv,P_cul,status,cost_opt,peak_opt
15060.809060205225,258.953,0.0,189.16089733187067,-0.02673153477557219,0.0,8.18077624128475,0,0.0,OPTIMAL,480644.48113744333,1.552734739880655
