cost,time,Pg,B,R,Pd,P0,P_rsrv,P_cul,status,cost_opt,peak_opt
12752.17760069146,178.391,4.372451926928029,339.5935842197693,1.499999999999998,4.372451926928029,4.662587788187006,0,1.153658874160357e-15,OPTIMAL,478171.98238951084,1.5399686220756252
