cost,time,Pg,B,R,Pd,P0,P_rsrv,P_cul,status,cost_opt,peak_opt
13113.096842040006,255.14,0.0,191.48152977582774,-0.04717582588824031,0.0,8.069598056640004,0,0.0,OPTIMAL,482888.8439197568,1.5514559666821244
