cost,time,Pg,B,R,Pd,P0,P_rsrv,P_cul,status,cost_opt,peak_opt
18154.037595615013,245.359,4.1085567870839945,327.19258421976895,-0.3219525475476085,4.1085567870839945,6.65470586349524,0,2.8960801855618112e-15,OPTIMAL,476966.9149206467,1.5431638435215036
