cost,time,Pg,B,R,Pd,P0,P_rsrv,P_cul,status,cost_opt,peak_opt
12951.389111604072,353.156,0.0,198.06152977582775,-0.03162031007802141,0.0,8.181547133041107,0,0.0,OPTIMAL,482145.32745824126,1.5521599622960207
