cost,time,Pg,B,R,Pd,P0,P_rsrv,P_cul,status,cost_opt,peak_opt
16977.05574801303,218.766,2.463697937245146,231.42124332967748,-0.14112109392430233,2.463697937245146,7.863388489121366,0,2.0278443095718413e-15,OPTIMAL,475652.8871164147,1.5489338956911913
