cost,time,Pg,B,R,Pd,P0,P_rsrv,P_cul,status,cost_opt,peak_opt
32768.99513031461,381.5,1.8172487183857142,368.8589999999996,0.32139105918265953,1.8172487183857142,10.005800039790719,0,8.249423279899082e-17,OPTIMAL,447850.95391843794,1.6144233586236043
