cost,time,Pg,B,R,Pd,P0,P_rsrv,P_cul,status,cost_opt,peak_opt
15226.391458149888,282.406,0.0,16.845999999999243,0.1589639861830924,0.0,8.61221236320695,0,0.0,OPTIMAL,445167.93045633496,1.4891340397697208
