cost,time,Pg,B,R,Pd,P0,P_rsrv,P_cul,status,cost_opt,peak_opt
14138.339549059749,241.156,5.994441364441011,355.62858421976927,-0.5538514174295874,5.994441364441011,5.217099464597693,0,9.298388881778807e-16,OPTIMAL,478878.68092640815,1.5372026179802203
