cost,time,Pg,B,R,Pd,P0,P_rsrv,P_cul,status,cost_opt,peak_opt
12132.598537813774,280.016,0.0,187.7358973318708,-0.02748785252550204,0.0,8.197701714739036,0,0.0,OPTIMAL,481639.03466655384,1.5527159349243478
