cost,time,Pg,B,R,Pd,P0,P_rsrv,P_cul,status,cost_opt,peak_opt
8172.251397783003,201.688,7.8487615472831616,374.9999999999992,0.18307492804029366,7.8487615472831616,2.5853373608930728,0,1.9426463476052147e-15,OPTIMAL,446184.3500907284,1.5344543130721833
