cost,time,Pg,B,R,Pd,P0,P_rsrv,P_cul,status,cost_opt,peak_opt
18164.162752571887,223.594,5.761250466064194,374.9999999999992,0.0,5.761250466064194,5.71739463411139,0,-6.081967611828998e-16,OPTIMAL,449163.24050293607,1.5590492103561016
