cost,time,Pg,B,R,Pd,P0,P_rsrv,P_cul,status,cost_opt,peak_opt
5255.1334736236395,218.406,10.113900465570557,363.5079999999997,-1.3790400000000003,10.113900465570557,1.6051110182112522,0,-9.727732942083067e-16,OPTIMAL,452955.718269309,1.5503794156032293
