cost,time,Pg,B,R,Pd,P0,P_rsrv,P_cul,status,cost_opt,peak_opt
37215.81440024439,253.344,0.0,256.49199999999934,0.7188726412361266,0.0,11.818296094075702,0,0.0,OPTIMAL,453683.97789977444,1.6547256102653733
