cost,time,Pg,B,R,Pd,P0,P_rsrv,P_cul,status,cost_opt,peak_opt
-4599.2745036387405,287.329,10.352810544185164,374.9999999999992,1.499999999999998,10.352810544185164,-1.3844896157852922,0,1.1348344139405775e-15,OPTIMAL,454747.41621410125,1.5583298541965074
