cost,time,Pg,B,R,Pd,P0,P_rsrv,P_cul,status,cost_opt,peak_opt
13823.529563087266,216.797,0.0,200.4865297758279,0.05846978815194389,0.0,8.538313504068725,0,0.0,OPTIMAL,480375.37589931977,1.5577825491415818
