cost,time,Pg,B,R,Pd,P0,P_rsrv,P_cul,status,cost_opt,peak_opt
20110.162628500286,243.859,4.531008208754452,363.16999999999956,-0.45089933673959737,4.531008208754452,6.237643495192396,0,-2.423286723195195e-15,OPTIMAL,455851.1578110941,1.5375501880134839
