cost,time,Pg,B,R,Pd,P0,P_rsrv,P_cul,status,cost_opt,peak_opt
33267.59801038716,147.75,0.0,144.90099999999916,0.5825609553573314,0.0,11.137461670702095,0,0.0,OPTIMAL,451437.44572099554,1.617197531157737
