cost,time,Pg,B,R,Pd,P0,P_rsrv,P_cul,status,cost_opt,peak_opt
38162.03930611274,252.391,0.5612257649197546,342.42099999999914,0.5970861719591541,0.5612257649197546,11.361131082498583,0,-1.01261433591536e-15,OPTIMAL,449173.06037726765,1.6468419369877356
