cost,time,Pg,B,R,Pd,P0,P_rsrv,P_cul,status,cost_opt,peak_opt
37577.02337553345,233.203,0.6390177273061131,332.6019999999996,0.6346923815731632,0.6390177273061131,11.484420347045676,0,-1.5760742049560766e-15,OPTIMAL,449967.1462659759,1.651453916657838
