cost,time,Pg,B,R,Pd,P0,P_rsrv,P_cul,status,cost_opt,peak_opt
22127.311101240106,228.922,0.0,55.81899999999924,0.3662821581943961,0.0,9.795179770358612,0,0.0,OPTIMAL,446942.8856692086,1.5423367634496978
