cost,time,Pg,B,R,Pd,P0,P_rsrv,P_cul,status,cost_opt,peak_opt
13386.161433181993,263.891,0.0,201.49952977582777,0.013699438364315142,0.0,8.340287497309653,0,0.0,OPTIMAL,481605.455938807,1.5547051737077415
