cost,time,Pg,B,R,Pd,P0,P_rsrv,P_cul,status,cost_opt,peak_opt
12431.533769845819,205.672,6.39090051894292,368.8537956032238,-0.592024581698839,6.39090051894292,4.950829856569422,0,-1.9000643072808465e-15,OPTIMAL,476564.4980477756,1.5350695120067304
