cost,time,Pg,B,R,Pd,P0,P_rsrv,P_cul,status,cost_opt,peak_opt
55730.15342437201,187.782,0.446605401931031,284.9649999999993,0.6683474010783864,0.446605401931031,11.588719780489084,0,-8.92024796313607e-16,OPTIMAL,448283.1950313491,1.6528981870722583
