cost,time,Pg,B,R,Pd,P0,P_rsrv,P_cul,status,cost_opt,peak_opt
13295.960159499367,205.14,3.381928901705522,215.8675297758278,-0.3966377245571126,3.381928901705522,6.850056753992462,0,-2.4354501163177666e-15,OPTIMAL,479222.91080976906,1.539321362747539
