cost,time,Pg,B,R,Pd,P0,P_rsrv,P_cul,status,cost_opt,peak_opt
13298.651211888444,232.031,0.0,201.60852977582758,0.017039203601082353,0.0,8.385025984797254,0,0.0,OPTIMAL,481192.9684493614,1.5552497798912928
