cost,time,Pg,B,R,Pd,P0,P_rsrv,P_cul,status,cost_opt,peak_opt
19723.35493618489,235.219,4.197644635485881,359.38758421976934,-0.3878113341557556,4.197644635485881,6.6430969808638896,0,-2.0340310382185867e-15,OPTIMAL,472895.5204423743,1.5414383902279354
