cost,time,Pg,B,R,Pd,P0,P_rsrv,P_cul,status,cost_opt,peak_opt
12933.104016112056,213.344,5.1761285249667415,273.52024332967756,-0.4112909270664432,5.1761285249667415,5.865353295288914,0,8.03624202773412e-16,OPTIMAL,480743.922164988,1.5386033495052192
