cost,time,Pg,B,R,Pd,P0,P_rsrv,P_cul,status,cost_opt,peak_opt
20297.144631300624,165.172,3.2605113781416444,355.57158421976897,-0.13397646029294102,3.2605113781416444,7.467676464790516,0,1.053600566167101e-15,OPTIMAL,482318.47531193984,1.5529759337171214
