cost,time,Pg,B,R,Pd,P0,P_rsrv,P_cul,status,cost_opt,peak_opt
23508.902620401965,205.5,4.292367488573433,362.59899999999936,-0.27027692666075087,4.292367488573433,6.975935495668239,0,-1.894440008511078e-15,OPTIMAL,450197.2343279873,1.5564407136643446
