cost,time,Pg,B,R,Pd,P0,P_rsrv,P_cul,status,cost_opt,peak_opt
2674.919952366489,192.859,7.817047914750988,330.610566273746,1.4860913175909363,7.817047914750988,1.486066640203605,0,1.2110538266663085e-15,OPTIMAL,474287.9043521562,1.5336208636061397
