cost,time,Pg,B,R,Pd,P0,P_rsrv,P_cul,status,cost_opt,peak_opt
39399.15464112212,214.422,0.0,222.0409999999993,0.6726984444589817,0.0,11.62903029549059,0,0.0,OPTIMAL,453247.735672561,1.6431503821064404
