cost,time,Pg,B,R,Pd,P0,P_rsrv,P_cul,status,cost_opt,peak_opt
12635.314284320693,306.89,0.0,186.3489999999997,0.04466159912941972,0.0,8.520104035280305,0,0.0,OPTIMAL,482621.3696941256,1.5552843211511986
