cost,time,Pg,B,R,Pd,P0,P_rsrv,P_cul,status,cost_opt,peak_opt
18261.43463047862,227.125,4.295619329008464,354.491584219769,-0.38200561563534247,4.295619329008464,6.635695723284382,0,-3.6052432740574236e-16,OPTIMAL,479540.8076751891,1.5422374617925032
