cost,time,Pg,B,R,Pd,P0,P_rsrv,P_cul,status,cost_opt,peak_opt
12923.781764179299,145.157,5.6683336417166945,277.0472433296775,-0.561346621123142,5.6683336417166945,5.565797486726658,0,1.2863516675454267e-15,OPTIMAL,479819.8874158324,1.5363061792956045
