cost,time,Pg,B,R,Pd,P0,P_rsrv,P_cul,status,cost_opt,peak_opt
9633.058688325866,171.703,6.002168393523354,289.223975880237,-0.7319284361131752,6.002168393523354,5.501461272601865,0,1.7573290912731299e-15,OPTIMAL,478665.5906388778,1.5333290517414848
