cost,time,Pg,B,R,Pd,P0,P_rsrv,P_cul,status,cost_opt,peak_opt
13501.451952402518,315.937,0.0,185.7699999999996,0.021385236628473654,0.0,8.438407470251574,0,0.0,OPTIMAL,481557.64726466313,1.5546561142351984
