cost,time,Pg,B,R,Pd,P0,P_rsrv,P_cul,status,cost_opt,peak_opt
15034.879707351245,167.125,3.985028529804762,241.0222433296776,-0.27554891883077137,3.985028529804762,6.79082190937274,0,-9.077347163863325e-16,OPTIMAL,477950.8110763158,1.543445418035416
