cost,time,Pg,B,R,Pd,P0,P_rsrv,P_cul,status,cost_opt,peak_opt
34465.867640091594,162.562,1.2315820284840846,359.35599999999897,0.4769158477339396,1.2315820284840846,10.716998644307088,0,-1.3196637792950439e-15,OPTIMAL,454161.9755409651,1.6366591601966802
