cost,time,Pg,B,R,Pd,P0,P_rsrv,P_cul,status,cost_opt,peak_opt
12834.555354883842,252.203,0.0,192.31752977582784,-0.04588909301896685,0.0,8.092405646206709,0,0.0,OPTIMAL,482622.31892502215,1.5513529555122971
