cost,time,Pg,B,R,Pd,P0,P_rsrv,P_cul,status,cost_opt,peak_opt
13490.62162541668,231.11,0.0,196.9145297758277,-0.036865775883130406,0.0,8.171182086866553,0,0.0,OPTIMAL,483621.4543494652,1.5517306564952666
