cost,time,Pg,B,R,Pd,P0,P_rsrv,P_cul,status,cost_opt,peak_opt
13053.949591618459,286.922,0.0,197.68352977582785,-0.03345390870469332,0.0,8.13330192624203,0,0.0,OPTIMAL,482557.5606795247,1.5520425157193154
