cost,time,Pg,B,R,Pd,P0,P_rsrv,P_cul,status,cost_opt,peak_opt
36883.39934742698,240.296,0.9068160303476421,355.4749999999993,0.5280875476185207,0.9068160303476421,10.987012018893946,0,9.617279845761106e-16,OPTIMAL,449528.7954818313,1.643162270198307
