cost,time,Pg,B,R,Pd,P0,P_rsrv,P_cul,status,cost_opt,peak_opt
38335.38617444822,200.953,0.6259901459245453,295.46999999999935,0.61667189204641,0.6259901459245453,11.481097985758677,0,-2.864550231133217e-15,OPTIMAL,450566.1873138766,1.6488613798578726
