cost,time,Pg,B,R,Pd,P0,P_rsrv,P_cul,status,cost_opt,peak_opt
34616.31594933877,197.657,0.0,244.87699999999933,0.6998075874463717,0.0,11.838685345191099,0,0.0,OPTIMAL,452617.4074299531,1.649547661353657
