cost,time,Pg,B,R,Pd,P0,P_rsrv,P_cul,status,cost_opt,peak_opt
13428.896814736076,213.625,1.4219678240155889,199.10052977582782,-0.04943220898609144,1.4219678240155889,7.988635820782912,0,4.781263818025294e-16,OPTIMAL,478029.7356329658,1.5528705697480618
