cost,time,Pg,B,R,Pd,P0,P_rsrv,P_cul,status,cost_opt,peak_opt
33239.54130568957,165.438,0.0,126.23999999999921,0.581938040034487,0.0,11.035704284757491,0,0.0,OPTIMAL,450159.5076864518,1.607925446762768
