cost,time,Pg,B,R,Pd,P0,P_rsrv,P_cul,status,cost_opt,peak_opt
14285.534532851423,224.188,0.0,200.09252977582778,0.07461119777137826,0.0,8.66315011088625,0,0.0,OPTIMAL,480636.8493476135,1.5588012273263179
