cost,time,Pg,B,R,Pd,P0,P_rsrv,P_cul,status,cost_opt,peak_opt
17427.632081020918,278.547,3.641121495312326,356.77058421976903,0.5462373163824936,3.641121495312326,6.430860546502183,0,-4.3639815068899357e-16,OPTIMAL,479964.0118399777,1.5462868308928035
