cost,time,Pg,B,R,Pd,P0,P_rsrv,P_cul,status,cost_opt,peak_opt
29217.570823600727,173.484,3.063690864054143,374.9999999999992,0.07197760487687284,3.063690864054143,8.608594821331977,0,-2.788473119942625e-15,OPTIMAL,454620.2309220177,1.590629715813679
