cost,time,Pg,B,R,Pd,P0,P_rsrv,P_cul,status,cost_opt,peak_opt
12929.42146484286,252.079,0.0,198.9395297758277,-0.03414858709834506,0.0,8.152220343532699,0,0.0,OPTIMAL,481811.81749968184,1.5521275352182244
