cost,time,Pg,B,R,Pd,P0,P_rsrv,P_cul,status,cost_opt,peak_opt
3376.6672629887744,257.406,7.884582126037934,357.74958421976925,1.499999999999998,7.884582126037934,1.2256505491792284,0,-1.0723572637511003e-15,OPTIMAL,479605.27675692947,1.5333970295078836
