cost,time,Pg,B,R,Pd,P0,P_rsrv,P_cul,status,cost_opt,peak_opt
14428.706530422854,388.234,0.0,186.36926488791377,-0.031008640811871404,0.0,8.22617248028669,0,0.0,OPTIMAL,470973.380835413,1.5531302552145534
