cost,time,Pg,B,R,Pd,P0,P_rsrv,P_cul,status,cost_opt,peak_opt
36908.55825551541,295.187,0.6065658643396215,322.8939999999993,0.6173101562847405,0.6065658643396215,11.505161550971138,0,-3.776435408961096e-15,OPTIMAL,446890.1382553864,1.649235586858201
