cost,time,Pg,B,R,Pd,P0,P_rsrv,P_cul,status,cost_opt,peak_opt
41156.99897379365,213.953,0.269192548340603,306.6559999999993,0.6723703104793882,0.269192548340603,11.705631107449843,0,-3.0629600757310117e-15,OPTIMAL,448102.422897642,1.654671644136049
