cost,time,Pg,B,R,Pd,P0,P_rsrv,P_cul,status,cost_opt,peak_opt
10019.98234102543,201.578,6.876622452527954,366.97799999999927,0.4272576282446414,6.876622452527954,3.1079349693006915,0,-1.2185890317650827e-15,OPTIMAL,454078.69775579986,1.5331950524453262
