cost,time,Pg,B,R,Pd,P0,P_rsrv,P_cul,status,cost_opt,peak_opt
8690.159565838316,189.312,6.499768829854774,324.3352710769916,-0.7418127321457572,6.499768829854774,4.985748460033458,0,-2.076247160309741e-16,OPTIMAL,474410.87102110987,1.5335418165251709
