cost,time,Pg,B,R,Pd_net,P0,P_rsrv,P_cul,status
33315.261286619985,14.125,0.0,0.0,0.0,11.518242887305545,11.62025158235786,0,0.0,OPTIMAL
