cost,time,Pg,B,R,Pd_net,P0,P_rsrv,P_cul,status
40004.04895157861,14.563,0.0,0.0,0.0,12.070218741112525,12.177792679323776,0,0.0,OPTIMAL
