cost,time,Pg,B,R,Pd_net,P0,P_rsrv,P_cul,status
19378.58787296572,9.688,0.0,0.0,0.0,9.328350141074399,9.416223456251565,0,0.0,OPTIMAL
