cost,time,Pg,B,R,Pd_net,P0,P_rsrv,P_cul,status
43841.704745134484,10.203,0.0,0.0,0.0,12.386388764347789,12.497635332136399,0,0.0,OPTIMAL
