cost,time,Pg,B,R,Pd_net,P0,P_rsrv,P_cul,status
12994.515082733718,9.938,0.0,0.0,0.0,8.021349775435244,8.096271079584872,0,0.0,OPTIMAL
