cost,time,Pg,B,R,Pd_net,P0,P_rsrv,P_cul,status
12852.088544637798,10.094,0.0,0.0,0.0,8.017700519225203,8.093254751031358,0,0.0,OPTIMAL
