cost,time,Pg,B,R,Pd_net,P0,P_rsrv,P_cul,status
15252.70745619769,15.312,0.0,0.0,0.0,8.630454908173636,8.710855200569782,0,0.0,OPTIMAL
