cost,time,Pg,B,R,Pd_net,P0,P_rsrv,P_cul,status
35072.82490803789,14.11,0.0,0.0,0.0,11.542628875555229,11.644364179295447,0,0.0,OPTIMAL
