cost,time,Pg,B,R,Pd_net,P0,P_rsrv,P_cul,status
13472.150104600596,9.891,0.0,0.0,0.0,8.084697691914641,8.15999400642071,0,0.0,OPTIMAL
