cost,time,Pg,B,R,Pd_net,P0,P_rsrv,P_cul,status
34995.85993306621,13.954,0.0,0.0,0.0,11.655910759294377,11.75936153664859,0,0.0,OPTIMAL
