cost,time,Pg,B,R,Pd_net,P0,P_rsrv,P_cul,status
34584.46979654537,13.985,0.0,0.0,0.0,10.998559279792469,11.095434647592352,0,0.0,OPTIMAL
