cost,time,Pg,B,R,Pd_net,P0,P_rsrv,P_cul,status
-174069.2241529192,9.844,0.0,0.0,0.0,8.344712507499143,8.422161029268395,0,0.0,OPTIMAL
