cost,time,Pg,B,R,Pd_net,P0,P_rsrv,P_cul,status
1767.7897451762017,10.343,0.0,0.0,0.0,8.107884805792176,8.184211783223155,0,0.0,OPTIMAL
