cost,time,Pg,B,R,Pd_net,P0,P_rsrv,P_cul,status
30133.31350473627,13.953,0.0,0.0,0.0,10.815624283388075,10.90996144269959,0,0.0,OPTIMAL
