cost,time,Pg,B,R,Pd_net,P0,P_rsrv,P_cul,status
30636.8502996066,13.672,0.0,0.0,0.0,10.582652157537812,10.674860731570245,0,0.0,OPTIMAL
