cost,time,Pg,B,R,Pd_net,P0,P_rsrv,P_cul,status
24217.981441453587,13.812,0.0,0.0,0.0,10.310148040497117,10.407383515880355,0,0.0,OPTIMAL
