cost,time,Pg,B,R,Pd_net,P0,P_rsrv,P_cul,status
12082.15064886585,9.875,0.0,0.0,0.0,8.082775489956221,8.15810307148268,0,0.0,OPTIMAL
