cost,time,Pg,B,R,Pd_net,P0,P_rsrv,P_cul,status
27571.168912252648,14.063,0.0,0.0,0.0,10.413089728783037,10.511311060713934,0,0.0,OPTIMAL
