cost,time,Pg,B,R,Pd_net,P0,P_rsrv,P_cul,status
23541.429318351216,14.125,0.0,0.0,0.0,10.33324957874932,10.430407318720079,0,0.0,OPTIMAL
