cost,time,Pg,B,R,Pd_net,P0,P_rsrv,P_cul,status
36741.100781077475,11.531,0.0,0.0,0.0,12.454155407241908,12.565355944280943,0,0.0,OPTIMAL
