cost,time,Pg,B,R,Pd_net,P0,P_rsrv,P_cul,status
10753.679549693548,9.828,0.0,0.0,0.0,8.071407470146147,8.146726931586022,0,0.0,OPTIMAL
