cost,time,Pg,B,R,Pd_net,P0,P_rsrv,P_cul,status
33625.96779915524,14.313,0.0,0.0,0.0,11.10706169450633,11.204920959398613,0,0.0,OPTIMAL
