cost,time,Pg,B,R,Pd_net,P0,P_rsrv,P_cul,status
32927.33206860699,32.64,0.0,16.441055494627527,0.21910313671025594,11.40294453083558,11.496973487642105,0,0.0,OPTIMAL
