cost,time,Pg,B,R,Pd_net,P0,P_rsrv,P_cul,status
32969.61465995469,30.437,0.0,3.937055494627526,0.11037163626852944,10.860557171035548,10.949722570559512,0,0.0,OPTIMAL
