cost,time,Pg,B,R,Pd_net,P0,P_rsrv,P_cul,status
41099.37154332859,28.562,0.0,53.85205549462746,0.3365295155587353,12.008358169004692,12.109420018658984,0,0.0,OPTIMAL
