cost,time,Pg,B,R,Pd_net,P0,P_rsrv,P_cul,status
36399.58618716245,29.953,0.0,36.613055494627545,0.27375340030865736,11.666179859066801,11.764572135475905,0,0.0,OPTIMAL
