cost,time,Pg,B,R,Pd,P0,P_rsrv,P_cul,status,cost_opt,peak_opt
14408.239278786124,3.235,0.0,0.0,0.0,0.0,8.737561721519786,0,0.0,OPTIMAL,463596.58328051685,0.0
