cost,time,Pg,B,R,Pd,P0,P_rsrv,P_cul,status,cost_opt,peak_opt
5346.4141420377655,2.391,8.511454314099751,0.0,0.0,8.511454314099751,2.1523406368912097,0,-1.4836791734432198e-14,OPTIMAL,470724.7539588081,0.0
