cost,time,Pg,B,R,Pd,P0,P_rsrv,P_cul,status,cost_opt,peak_opt
15529.761337599215,3.078,0.0,0.0,0.0,0.0,8.575240937382228,0,0.0,OPTIMAL,463013.13679685665,0.0
