cost,time,Pg,B,R,Pd,P0,P_rsrv,P_cul,status,cost_opt,peak_opt
15876.623909853965,2.25,5.831572566248432,0.0,0.0,5.831572566248432,4.95061550042219,0,9.975202087952884e-16,OPTIMAL,446935.9809857798,0.0
