cost,time,Pg,B,R,Pd,P0,P_rsrv,P_cul,status,cost_opt,peak_opt
-3533.7645291903455,2.406,11.90664827402159,0.0,0.0,11.90664827402159,-1.2892245637323407,0,7.586054180663826e-15,OPTIMAL,471432.71303048497,0.0
