cost,time,Pg,B,R,Pd,P0,P_rsrv,P_cul,status,cost_opt,peak_opt
9043.033668252168,2.14,6.885115275120624,0.0,0.0,6.885115275120624,3.8928255136686047,0,2.0322800517100226e-14,OPTIMAL,469722.2756150369,0.0
