cost,time,Pg,B,R,Pd,P0,P_rsrv,P_cul,status,cost_opt,peak_opt
42279.85580594551,2.344,0.2805556397683153,0.0,0.0,0.2805556397683153,12.53107759512315,0,-5.115604662965512e-15,OPTIMAL,453923.33685184555,0.0
