cost,time,Pg,B,R,Pd,P0,P_rsrv,P_cul,status,cost_opt,peak_opt
12556.02157317624,3.063,0.0,0.0,0.0,0.0,8.023016979665329,0,0.0,OPTIMAL,457956.70860587654,0.0
