cost,time,Pg,B,R,Pd,P0,P_rsrv,P_cul,status,cost_opt,peak_opt
39501.61578783709,2.172,0.0,0.0,0.0,0.0,12.544177766858397,0,0.0,OPTIMAL,450128.74217242154,0.0
