cost,time,Pg,B,R,Pd,P0,P_rsrv,P_cul,status,cost_opt,peak_opt
14507.356451173797,2.468,0.6273252475071212,0.0,0.0,0.6273252475071212,8.361588732665012,0,-2.7038511403801313e-15,OPTIMAL,464004.5279336345,0.0
