cost,time,Pg,B,R,Pd,P0,P_rsrv,P_cul,status,cost_opt,peak_opt
11964.367161932169,3.438,0.0,0.0,0.0,0.0,8.078573370649675,0,0.0,OPTIMAL,458870.18755620724,0.0
