cost,time,Pg,B,R,Pd,P0,P_rsrv,P_cul,status,cost_opt,peak_opt
724.3439839278649,2.453,10.113900465570557,0.0,0.0,10.113900465570557,0.2212412901429031,0,-4.163986863647828e-15,OPTIMAL,455521.711138829,0.0
