cost,time,Pg,B,R,Pd,P0,P_rsrv,P_cul,status,cost_opt,peak_opt
13797.179408918708,2.469,5.394849819798765,0.0,0.0,5.394849819798765,5.04098626558959,0,3.386668116084346e-15,OPTIMAL,457422.65203215834,0.0
