cost,time,Pg,B,R,Pd,P0,P_rsrv,P_cul,status,cost_opt,peak_opt
13454.597059850816,2.406,2.1183606748789376,0.0,0.0,2.1183606748789376,7.344212368914199,0,4.052232724718885e-15,OPTIMAL,463232.0727549658,0.0
