cost,time,Pg,B,R,Pd,P0,P_rsrv,P_cul,status,cost_opt,peak_opt
41691.419468233325,2.328,0.0,0.0,0.0,0.0,12.305613774567096,0,0.0,OPTIMAL,450594.2118777308,0.0
