cost,time,Pg,B,R,Pd,P0,P_rsrv,P_cul,status,cost_opt,peak_opt
4893.694661699539,3.359,9.11100148337188,0.0,0.0,9.11100148337188,1.4042165456813598,0,2.2811613709095013e-15,OPTIMAL,450368.1754577907,0.0
