cost,time,Pg,B,R,Pd,P0,P_rsrv,P_cul,status,cost_opt,peak_opt
30074.162643464417,1.922,0.0,0.0,0.0,0.0,10.888545490030562,0,0.0,OPTIMAL,447336.45188952616,0.0
