cost,time,Pg,B,R,Pd,P0,P_rsrv,P_cul,status,cost_opt,peak_opt
18314.931317430255,2.265,3.764131020851755,0.0,0.0,3.764131020851755,6.698950737904264,0,-6.7961044777908874e-15,OPTIMAL,469220.7971564152,0.0
