cost,time,Pg,B,R,Pd,P0,P_rsrv,P_cul,status,cost_opt,peak_opt
33854.4548017256,2.25,1.3376494890976556,0.0,0.0,1.3376494890976556,10.526882711979356,0,2.4964635935743884e-15,OPTIMAL,454149.7050382969,0.0
