cost,time,Pg,B,R,Pd,P0,P_rsrv,P_cul,status,cost_opt,peak_opt
-2014.335661523376,2.36,11.09549460696021,0.0,0.0,11.09549460696021,-0.6770876173187819,0,-3.018174902710835e-15,OPTIMAL,463210.2342919711,0.0
