cost,time,Pg,B,R,Pd,P0,P_rsrv,P_cul,status,cost_opt,peak_opt
8343.841050662755,2.187,6.002168393523354,0.0,0.0,6.002168393523354,4.765186208259711,0,7.139471305817047e-16,OPTIMAL,466965.03282076784,0.0
