cost,time,Pg,B,R,Pd,P0,P_rsrv,P_cul,status,cost_opt,peak_opt
13378.088616432353,3.156,4.5552317120333825,0.0,0.0,4.5552317120333825,6.0616622639022895,0,4.445906533548372e-16,OPTIMAL,466604.8331717323,0.0
