cost,time,Pg,B,R,Pd,P0,P_rsrv,P_cul,status,cost_opt,peak_opt
19459.295545971218,2.375,3.278366703376942,0.0,0.0,3.278366703376942,7.1123156235274925,0,-1.3468243989685214e-14,OPTIMAL,458931.7291195438,0.0
