cost,time,Pg,B,R,Pd,P0,P_rsrv,P_cul,status,cost_opt,peak_opt
9873.965997662808,2.516,5.859373911188177,0.0,0.0,5.859373911188177,4.6096946767800215,0,1.4531263562225782e-14,OPTIMAL,465082.49994367646,0.0
