cost,time,Pg,B,R,Pd,P0,P_rsrv,P_cul,status,cost_opt,peak_opt
22052.408316257035,1.922,0.0,0.0,0.0,0.0,10.069592838473532,0,0.0,OPTIMAL,446197.3126972964,0.0
