cost,time,Pg,B,R,Pd,P0,P_rsrv,P_cul,status,cost_opt,peak_opt
12317.628465906553,3.391,0.0,0.0,0.0,0.0,7.967418153885221,0,0.0,OPTIMAL,458516.42592056934,0.0
