cost,time,Pg,B,R,Pd,P0,P_rsrv,P_cul,status,cost_opt,peak_opt
5395.22373344127,3.093,8.578923748073485,0.0,0.0,8.578923748073485,2.1503482397135394,0,1.1805877456194658e-14,OPTIMAL,470330.6072315041,0.0
