cost,time,Pg,B,R,Pd,P0,P_rsrv,P_cul,status,cost_opt,peak_opt
36764.07147150879,2.016,0.0,0.0,0.0,0.0,11.870865828708036,0,0.0,OPTIMAL,449409.79378445016,0.0
