cost,time,Pg,B,R,Pd,P0,P_rsrv,P_cul,status,cost_opt,peak_opt
9934.844892393425,2.64,6.9865220203576,0.0,0.0,6.9865220203576,3.6511741611148194,0,5.48172618408671e-16,OPTIMAL,470118.31626941625,0.0
