cost,time,Pg,B,R,Pd,P0,P_rsrv,P_cul,status,cost_opt,peak_opt
16471.830261881623,2.172,0.26669292834451863,0.0,0.0,0.26669292834451863,8.539051457688764,0,1.1369303122652635e-14,OPTIMAL,464165.25576597895,0.0
