cost,time,Pg,B,R,Pd,P0,P_rsrv,P_cul,status,cost_opt,peak_opt
16866.034183717908,3.438,4.372451926928029,0.0,0.0,4.372451926928029,6.1667401037359815,0,-1.028948519270212e-15,OPTIMAL,469761.3254954806,0.0
