cost,time,Pg,B,R,Pd,P0,P_rsrv,P_cul,status,cost_opt,peak_opt
12328.143943863328,2.375,0.0,0.0,0.0,0.0,7.974219886069422,0,0.0,OPTIMAL,458222.1756664668,0.0
