cost,time,Pg,B,R,Pd,P0,P_rsrv,P_cul,status,cost_opt,peak_opt
19435.44529594848,2.297,3.488899485853552,0.0,0.0,3.488899485853552,7.093228210200175,0,-1.040342128850319e-14,OPTIMAL,471018.3497618234,0.0
