cost,time,Pg,B,R,Pd,P0,P_rsrv,P_cul,status,cost_opt,peak_opt
-6111.870464932484,3.203,12.407015313797796,0.0,0.0,12.407015313797796,-2.126607677429535,0,2.5581208158709234e-15,OPTIMAL,466179.8294847163,0.0
