cost,time,Pg,B,R,Pd,P0,P_rsrv,P_cul,status,cost_opt,peak_opt
13676.805266675146,14.422,6.202418573766316,2.0979999999996206,-0.03122398001062602,6.202418573766316,4.274001645835983,0,-4.241940999849536e-17,OPTIMAL,444870.92683252867,0.8287737914787043
