cost,time,Pg,B,R,Pd,P0,P_rsrv,P_cul,status,cost_opt,peak_opt
38524.10232922382,56.125,1.0168119533320823,54.22363244395663,0.04666040741654784,1.0168119533320823,11.489442985154732,0,-1.4129797050281556e-15,OPTIMAL,444080.89017090714,2.1166270819531103
