cost,time,Pg,B,R,Pd,P0,P_rsrv,P_cul,status,cost_opt,peak_opt
34635.155254840276,37.64,0.0,6.580529775827701,0.09793663417343619,0.0,11.638157007674824,0,0.0,OPTIMAL,439045.2647010833,2.1048359561148358
