cost,time,Pg,B,R,Pd,P0,P_rsrv,P_cul,status,cost_opt,peak_opt
15748.755739477201,63.047,0.19706314457678697,193.38780382848503,0.054894573010678654,0.19706314457678697,8.522053971578572,0,1.0453004903169562e-15,OPTIMAL,455607.16333667864,1.5487426620456979
