cost,time,Pg,B,R,Pd,P0,P_rsrv,P_cul,status,cost_opt,peak_opt
15545.931254346315,107.922,4.037675475452304,230.31269005529523,-0.33441534638977555,4.037675475452304,6.750295811700527,0,-9.427544465576143e-16,OPTIMAL,455342.738196702,1.532509371766058
