cost,time,Pg,B,R,Pd,P0,P_rsrv,P_cul,status,cost_opt,peak_opt
27661.450526219232,16.344,0.0,0.18299999999961825,0.01708015820157482,0.0,10.549752298329228,0,0.0,OPTIMAL,435379.28199195326,1.963016293230672
