cost,time,Pg,B,R,Pd,P0,P_rsrv,P_cul,status,cost_opt,peak_opt
19878.305704069226,15.188,0.0,0.12599999999961803,0.008509797677911223,0.0,9.668436626492815,0,0.0,OPTIMAL,435212.9065705044,1.8029970288626709
