cost,time,Pg,B,R,Pd,P0,P_rsrv,P_cul,status,cost_opt,peak_opt
36175.680416123694,47.141,0.0,7.531529775827701,0.12619083060862127,0.0,11.77593763545693,0,0.0,OPTIMAL,439475.2929744031,2.1081867354783546
