cost,time,Pg,B,R,Pd,P0,P_rsrv,P_cul,status,cost_opt,peak_opt
38781.84339345546,43.266,0.0,32.2845297758277,0.22570191304908693,0.0,12.31560603158319,0,0.0,OPTIMAL,440097.62224494386,2.131787729042097
