cost,time,Pg,B,R,Pd,P0,P_rsrv,P_cul,status,cost_opt,peak_opt
13450.543479860997,78.64,1.4219678240155889,193.61712015399803,-0.0605474777925668,1.4219678240155889,8.001513075467578,0,3.750661890442042e-16,OPTIMAL,455014.6305546672,1.5430476190608409
