cost,time,Pg,B,R,Pd,P0,P_rsrv,P_cul,status,cost_opt,peak_opt
34741.843268829725,40.5,0.0,2.6715297758276964,0.08718847145477444,0.0,11.53447651687574,0,0.0,OPTIMAL,438106.5984930976,2.0932705693202305
