cost,time,Pg,B,R,Pd,P0,P_rsrv,P_cul,status,cost_opt,peak_opt
13263.70125746759,81.797,3.23519895885329,206.65537479580615,-0.3151849140940482,3.23519895885329,6.826403117584967,0,5.81850648391502e-16,OPTIMAL,454364.9339268296,1.5326170123716991
