cost,time,Pg,B,R,Pd,P0,P_rsrv,P_cul,status,cost_opt,peak_opt
35320.392938998484,42.437,0.0,10.540529775827686,0.1469760101487746,0.0,11.892388194948984,0,0.0,OPTIMAL,438232.640129738,2.1136908898648277
