cost,time,Pg,B,R,Pd,P0,P_rsrv,P_cul,status,cost_opt,peak_opt
36597.19838434279,67.516,1.3889284182959676,53.45099999999966,-0.0799708407626972,1.3889284182959676,10.901757040316589,0,-1.6385344144866087e-15,OPTIMAL,444534.4970619958,2.1053615769665734
