cost,time,Pg,B,R,Pd,P0,P_rsrv,P_cul,status,cost_opt,peak_opt
36584.37666454067,47.266,0.0,9.415529775827693,0.13116872600607968,0.0,11.81284361141126,0,0.0,OPTIMAL,439538.7124851085,2.11123431424847
