cost,time,Pg,B,R,Pd,P0,P_rsrv,P_cul,status,cost_opt,peak_opt
14749.158651013477,52.344,0.0,192.1156019127084,-0.04554369638229824,0.0,8.050850792037924,0,0.0,OPTIMAL,450747.1908437079,1.542294745324642
