cost,time,Pg,B,R,Pd,P0,P_rsrv,P_cul,status,cost_opt,peak_opt
39779.91663084634,57.563,0.5612257649197546,53.93863244395661,0.1206949564393319,0.5612257649197546,11.842785540591347,0,1.5626538149397795e-15,OPTIMAL,444363.0825504721,2.124031814712338
