cost,time,Pg,B,R,Pd,P0,P_rsrv,P_cul,status,cost_opt,peak_opt
28307.414075788467,18.735,0.0,0.12599999999961803,0.005753364393477799,0.0,10.554591377997191,0,0.0,OPTIMAL,435343.1071621957,1.9730265478467075
