cost,time,Pg,B,R,Pd,P0,P_rsrv,P_cul,status,cost_opt,peak_opt
34286.081319628385,91.281,1.3376494890976556,49.469999999999644,-0.13215275292037829,1.3376494890976556,10.661094937695395,0,-1.0897587086194926e-16,OPTIMAL,445106.22906810977,2.1013466148979316
