cost,time,Pg,B,R,Pd,P0,P_rsrv,P_cul,status,cost_opt,peak_opt
11649.18831165232,16.75,6.139856830027499,6.933999999999619,0.2832844068244939,6.139856830027499,3.9038834824572115,0,-2.64328489651966e-16,OPTIMAL,453804.35738674365,0.5047459686186543
