cost,time,Pg,B,R,Pd,P0,P_rsrv,P_cul,status,cost_opt,peak_opt
4990.281522224413,11.297,9.11100148337188,0.12599999999961806,-0.027669045693104646,9.11100148337188,1.4319315702222128,0,-1.484164353915407e-15,OPTIMAL,443183.5145949568,0.3023761589801709
