cost,time,Pg,B,R,Pd,P0,P_rsrv,P_cul,status,cost_opt,peak_opt
23463.068394968945,53.969,4.384049408029378,15.82499999999963,-0.7909969527510163,4.384049408029378,7.62035348975932,0,1.0577611920040142e-15,OPTIMAL,438703.92433919176,2.063256592457056
