cost,time,Pg,B,R,Pd,P0,P_rsrv,P_cul,status,cost_opt,peak_opt
34722.88326546677,40.641,0.0,5.107529775827699,0.0985471203274259,0.0,11.62466798308228,0,0.0,OPTIMAL,438582.9813035759,2.101559627257651
