cost,time,Pg,B,R,Pd,P0,P_rsrv,P_cul,status,cost_opt,peak_opt
14263.175125848906,98.516,4.5552317120333825,261.7254477916419,-0.39843009933460777,4.5552317120333825,6.462698289917946,0,-8.485914878772483e-16,OPTIMAL,456218.48170241877,1.5300030980562627
