cost,time,Pg,B,R,Pd,P0,P_rsrv,P_cul,status,cost_opt,peak_opt
11352.7520913533,17.985,6.876622452527954,0.126999999999618,0.01271686536642885,6.876622452527954,3.5213250903701305,0,8.772008727037095e-16,OPTIMAL,448620.7758550792,0.6537837216600577
