cost,time,Pg,B,R,Pd,P0,P_rsrv,P_cul,status,cost_opt,peak_opt
19632.750564473343,14.906,0.0,0.17499999999961835,0.018476865366429007,0.0,9.535090123590745,0,0.0,OPTIMAL,436537.5390769702,1.769568781195786
