cost,time,Pg,B,R,Pd,P0,P_rsrv,P_cul,status,cost_opt,peak_opt
39384.67774749193,46.485,0.0,15.17952977582769,0.1640090412028504,0.0,11.989247411717482,0,0.0,OPTIMAL,438950.7067025043,2.1183498336406674
