cost,time,Pg,B,R,Pd,P0,P_rsrv,P_cul,status,cost_opt,peak_opt
12827.653507468309,87.5,0.0,194.90723286116335,-0.033009871098388384,0.0,8.113632832048266,0,0.0,OPTIMAL,451944.4449526167,1.5429220805575465
