cost,time,Pg,B,R,Pd,P0,P_rsrv,P_cul,status,cost_opt,peak_opt
5505.81225059887,13.297,8.821066298604379,0.46199999999961816,-0.033257001782851334,8.821066298604379,1.8135086464423158,0,-4.901678021806966e-16,OPTIMAL,442746.9314320923,0.37676419055326105
