cost,time,Pg,B,R,Pd,P0,P_rsrv,P_cul,status,cost_opt,peak_opt
34692.79996567934,54.953,0.0,5.866529775827698,0.10331107705877547,0.0,11.65752687018795,0,0.0,OPTIMAL,438890.2006210163,2.1042052625273637
