cost,time,Pg,B,R,Pd,P0,P_rsrv,P_cul,status,cost_opt,peak_opt
15771.977503690287,12.719,5.831572566248432,0.29199999999961845,0.0325168653664289,5.831572566248432,4.917984877982628,0,9.218971072644244e-16,OPTIMAL,439867.11193574476,0.895132392621836
