cost,time,Pg,B,R,Pd,P0,P_rsrv,P_cul,status,cost_opt,peak_opt
10230.726847333483,17.265,6.9718556169803945,3.2579999999996136,0.25642848878616514,6.9718556169803945,3.1802072885711787,0,1.279494088804456e-15,OPTIMAL,452021.6047676103,0.392401999017386
