cost,time,Pg,B,R,Pd,P0,P_rsrv,P_cul,status,cost_opt,peak_opt
11765.022539250669,97.734,4.353662261354291,287.9916567554505,-0.34687335331961516,4.353662261354291,6.6998989403477625,0,7.237049501340742e-17,OPTIMAL,456727.7134683656,1.5333241085480844
