cost,time,Pg,B,R,Pd,P0,P_rsrv,P_cul,status,cost_opt,peak_opt
8189.878232225179,15.188,7.680424929542175,1.2219999999996185,-0.320750478654176,7.680424929542175,3.0696695023332756,0,-1.8482936535446637e-15,OPTIMAL,451614.8518844233,0.8419770668428426
