cost,time,Pg,B,R,Pd,P0,P_rsrv,P_cul,status,cost_opt,peak_opt
13752.573327752656,76.985,6.210809543363702,363.232999999999,-0.7079257909479971,6.210809543363702,5.071007864215582,0,-1.658476958196764e-15,OPTIMAL,457606.5215155466,1.5259571181600484
