cost,time,Pg,B,R,Pd,P0,P_rsrv,P_cul,status,cost_opt,peak_opt
23927.51525981481,14.141,3.9505372191161534,1.8769999999996185,0.13556147837307478,3.9505372191161534,6.844254937017966,0,1.8159031136416592e-16,OPTIMAL,439455.37664389703,1.1701757246840223
