cost,time,Pg,B,R,Pd,P0,P_rsrv,P_cul,status,cost_opt,peak_opt
32944.602656373594,40.875,0.0,3.1345297758276978,0.06800417905245201,0.0,11.455007877737689,0,0.0,OPTIMAL,438011.7244338216,2.0939955257382494
