cost,time,Pg,B,R,Pd,P0,P_rsrv,P_cul,status,cost_opt,peak_opt
19554.376277606032,85.782,3.641121495312326,370.6509999999988,-0.23453660520222247,3.641121495312326,7.215637002806654,0,-2.2630687471561495e-15,OPTIMAL,458147.69606243307,1.5397727264408092
