cost,time,Pg,B,R,Pd,P0,P_rsrv,P_cul,status,cost_opt,peak_opt
16574.193214226092,111.797,2.956321713301904,224.82169005529505,-0.17506149806441035,2.956321713301904,7.47258485763124,0,-9.110008754309451e-17,OPTIMAL,455354.6603314162,1.538236330739273
