cost,time,Pg,B,R,Pd,P0,P_rsrv,P_cul,status,cost_opt,peak_opt
20406.583636264448,85.859,3.3044271994798224,362.59899999999936,-0.1700864321913287,3.3044271994798224,7.507940999361461,0,9.55100798796793e-16,OPTIMAL,458681.63665559446,1.5419719878936784
