cost,time,Pg,B,R,Pd,P0,P_rsrv,P_cul,status,cost_opt,peak_opt
18115.297063140868,21.0,0.0,0.15999999999961834,0.016228071526373664,0.0,9.63579631018131,0,0.0,OPTIMAL,435473.74086736795,1.790578704787254
