cost,time,Pg,B,R,Pd,P0,P_rsrv,P_cul,status,cost_opt,peak_opt
20014.736243864965,70.109,5.460235604817807,7.552999999999611,-0.9815235363254425,5.460235604817807,6.761735217521947,0,-1.3083609716468825e-15,OPTIMAL,438989.1488984248,2.059227762605286
