cost,time,Pg,B,R,Pd,P0,P_rsrv,P_cul,status,cost_opt,peak_opt
44999.48681223746,43.766,0.2102816775741487,39.229529775827686,0.20242995331806518,0.2102816775741487,12.21816095906529,0,-8.693641238757127e-16,OPTIMAL,441101.42942440603,2.130644562251996
