cost,time,Pg,B,R,Pd,P0,P_rsrv,P_cul,status,cost_opt,peak_opt
6884.270929935087,107.828,7.7493345986350235,274.4816567554508,-0.9651700307032525,7.7493345986350235,3.929378384666146,0,-5.675527322418494e-16,OPTIMAL,455882.25301292795,1.5243841064615709
