cost,time,Pg,B,R,Pd,P0,P_rsrv,P_cul,status,cost_opt,peak_opt
8071.721019134119,83.203,8.511454314099751,365.88915229195214,-1.0933017249656338,8.511454314099751,3.249485112372834,0,-4.630085377599347e-16,OPTIMAL,457867.01222633314,1.5263432137902773
