cost,time,Pg,B,R,Pd,P0,P_rsrv,P_cul,status,cost_opt,peak_opt
33484.564435512475,81.125,0.0,5.996999999999856,0.12848171357061847,0.0,11.135538555208672,0,0.0,OPTIMAL,443415.68537385087,1.9871010682791144
