cost,time,Pg,B,R,Pd,P0,P_rsrv,P_cul,status,cost_opt,peak_opt
6650.626716280377,95.797,7.8487615472831616,74.99999999999989,0.6631634560752652,7.8487615472831616,2.103962896640423,0,1.6551972466249953e-15,OPTIMAL,456771.6413517336,2.013456660863675
