cost,time,Pg,B,R,Pd,P0,P_rsrv,P_cul,status,cost_opt,peak_opt
18328.33083979833,91.359,0.0,27.651999999999827,-0.3036478132365209,0.0,9.132202710412722,0,0.0,OPTIMAL,445189.28725377144,1.948935607688731
