cost,time,Pg,B,R,Pd,P0,P_rsrv,P_cul,status,cost_opt,peak_opt
-183237.74766389155,139.656,0.0,63.30758900537594,-0.46442096866904947,0.0,8.865770643695159,0,0.0,OPTIMAL,486155.93534417264,2.0291146625083094
