cost,time,Pg,B,R,Pd,P0,P_rsrv,P_cul,status,cost_opt,peak_opt
11673.934341962378,135.25,3.9735994473124627,74.99999999999989,0.0,3.9735994473124627,6.017491928846587,0,9.98252045261716e-16,OPTIMAL,483535.4561414616,2.0136949251340135
