cost,time,Pg,B,R,Pd,P0,P_rsrv,P_cul,status,cost_opt,peak_opt
13383.21037688902,144.015,2.317479413848145,74.99999999999989,0.0,2.317479413848145,7.149150842355246,0,-2.191470746190638e-15,OPTIMAL,483415.48014518875,2.0202755263460612
