cost,time,Pg,B,R,Pd,P0,P_rsrv,P_cul,status,cost_opt,peak_opt
23520.882454165956,98.375,0.0,1.4009999999998568,-0.01961580909007874,0.0,10.421303701447034,0,0.0,OPTIMAL,449967.3371206117,1.972585237605229
