cost,time,Pg,B,R,Pd,P0,P_rsrv,P_cul,status,cost_opt,peak_opt
14298.37851136293,130.578,2.388515331965272,74.99999999999989,0.0,2.388515331965272,7.355132979096157,0,-1.3860440573054689e-15,OPTIMAL,484613.76306737866,2.021473198065471
