cost,time,Pg,B,R,Pd,P0,P_rsrv,P_cul,status,cost_opt,peak_opt
36704.385493832124,84.016,0.0,27.040999999999872,0.16203149452623766,0.0,11.863085162841667,0,0.0,OPTIMAL,460773.2278430504,2.0783197896413137
