cost,time,Pg,B,R,Pd,P0,P_rsrv,P_cul,status,cost_opt,peak_opt
15879.323570769107,82.0,5.831572566248432,74.99999999999989,0.0,5.831572566248432,4.951457303015001,0,-4.8734887653223424e-17,OPTIMAL,458273.1944799719,2.011366849394786
