cost,time,Pg,B,R,Pd,P0,P_rsrv,P_cul,status,cost_opt,peak_opt
39354.15936789672,78.625,0.0,35.05199999999986,0.21784757652094036,0.0,12.027554819039342,0,0.0,OPTIMAL,460687.18286442687,2.096275308760249
