cost,time,Pg,B,R,Pd,P0,P_rsrv,P_cul,status,cost_opt,peak_opt
39285.29229420313,79.063,0.0,28.553999999999867,0.1934457878692602,0.0,11.95899308803748,0,0.0,OPTIMAL,466616.6016656128,2.084085046350725
