cost,time,Pg,B,R,Pd,P0,P_rsrv,P_cul,status,cost_opt,peak_opt
32795.411755819136,88.266,0.0,11.887999999999868,0.1201777652275745,0.0,11.403133433873133,0,0.0,OPTIMAL,455328.2912411087,2.029530134686947
