cost,time,Pg,B,R,Pd,P0,P_rsrv,P_cul,status,cost_opt,peak_opt
-3543.3982629411616,130.625,8.494129306542217,74.99999999999989,3.0291796418762997,8.494129306542217,-1.2454826934766825,0,3.9085488318102435e-17,OPTIMAL,477614.8947173408,2.0193411845290488
