cost,time,Pg,B,R,Pd,P0,P_rsrv,P_cul,status,cost_opt,peak_opt
9948.78116443851,83.407,7.041877377241255,66.0919999999999,0.24937574342636806,7.041877377241255,3.1012410113586375,0,-2.2175187033846022e-15,OPTIMAL,464189.7396997872,2.0117692500374087
