cost,time,Pg,B,R,Pd,P0,P_rsrv,P_cul,status,cost_opt,peak_opt
10731.611846020382,90.281,4.568321836395665,74.99999999999989,0.0,4.568321836395665,6.1746903601958465,0,2.438099635376778e-17,OPTIMAL,483105.5162980077,2.0164340706328097
