cost,time,Pg,B,R,Pd,P0,P_rsrv,P_cul,status,cost_opt,peak_opt
13422.635951836415,112.782,0.0,74.99999999999989,0.0,0.0,8.139864130889276,0,0.0,OPTIMAL,487361.8939537236,2.026263747328165
