cost,time,Pg,B,R,Pd,P0,P_rsrv,P_cul,status,cost_opt,peak_opt
7328.813940492667,88.438,8.194932373642242,74.99999999999989,0.0,8.194932373642242,2.4028898165549726,0,5.171102261669613e-16,OPTIMAL,457057.866160356,2.0207532376361015
