cost,time,Pg,B,R,Pd,P0,P_rsrv,P_cul,status,cost_opt,peak_opt
12761.55402042684,153.375,0.0,74.99999999999989,0.0,0.0,8.15434761688616,0,0.0,OPTIMAL,486507.41568577033,2.026389410860045
