cost,time,Pg,B,R,Pd,P0,P_rsrv,P_cul,status,cost_opt,peak_opt
36022.39236963646,97.906,0.0,19.063999999999858,0.17560860594831265,0.0,11.726039182824369,0,0.0,OPTIMAL,458159.90949941403,2.0596420286896575
