cost,time,Pg,B,R,Pd,P0,P_rsrv,P_cul,status,cost_opt,peak_opt
3534.0315544969017,90.657,11.055048054069475,60.83399999999981,-1.6999199999999999,11.055048054069475,1.0937887819550918,0,-6.670553866217066e-16,OPTIMAL,478033.3705266074,2.0458458718224044
