cost,time,Pg,B,R,Pd,P0,P_rsrv,P_cul,status,cost_opt,peak_opt
19457.04523205053,112.797,5.761250466064194,71.64299999999987,-0.40284,5.761250466064194,6.1243453673435715,0,1.3556592914215626e-16,OPTIMAL,460730.24829187733,2.0165340274897146
