cost,time,Pg,B,R,Pd,P0,P_rsrv,P_cul,status,cost_opt,peak_opt
44947.26334461052,90.141,0.2085534435466555,62.3889999999998,0.23060217627390642,0.2085534435466555,12.348149270497396,0,-1.1478524633069288e-15,OPTIMAL,458917.8772925688,2.1151878229530032
