cost,time,Pg,B,R,Pd,P0,P_rsrv,P_cul,status,cost_opt,peak_opt
-3528.6915900774675,105.109,11.90664827402159,74.99999999999989,0.0,11.90664827402159,-1.2873738015605498,0,-6.675974877079494e-16,OPTIMAL,488445.2288860786,2.0268753313571475
