cost,time,Pg,B,R,Pd,P0,P_rsrv,P_cul,status,cost_opt,peak_opt
16197.257684232405,97.015,7.341828129574032,43.85599999999987,-1.534403339371624,7.341828129574032,4.6477066525774475,0,-1.4403896912013048e-15,OPTIMAL,461325.61115396535,2.0128782932597016
