cost,time,Pg,B,R,Pd,P0,P_rsrv,P_cul,status,cost_opt,peak_opt
6515.713808554334,79.609,9.935064739932399,43.66699999999986,-1.7797413203816894,9.935064739932399,2.501233707698401,0,6.413597951338001e-16,OPTIMAL,486111.4320055805,2.018184678972909
