cost,time,Pg,B,R,Pd,P0,P_rsrv,P_cul,status,cost_opt,peak_opt
11792.22470011002,136.484,0.0,74.99999999999989,0.0,0.0,8.257860434250714,0,0.0,OPTIMAL,473369.2320711303,2.0280452862537786
