cost,time,Pg,B,R,Pd,P0,P_rsrv,P_cul,status,cost_opt,peak_opt
18883.46228149083,103.516,0.0,25.05599999999984,-0.3001143592089588,0.0,9.157838157852002,0,0.0,OPTIMAL,445267.05174373696,1.9492675084957076
