cost,time,Pg,B,R,Pd,P0,P_rsrv,P_cul,status,cost_opt,peak_opt
13354.973620446915,172.75,0.0,74.99999999999989,0.0,0.0,8.320855838284682,0,0.0,OPTIMAL,486456.8123502848,2.0287594142888556
