cost,time,Pg,B,R,Pd,P0,P_rsrv,P_cul,status,cost_opt,peak_opt
5129.460597412708,75.297,7.568625214386444,74.99999999999989,1.1954008052248393,7.568625214386444,2.014713510374198,0,-1.0715441121217362e-15,OPTIMAL,483313.0554896826,2.013073392001418
