cost,time,Pg,B,R,Pd,P0,P_rsrv,P_cul,status,cost_opt,peak_opt
-16805.522196660622,99.688,12.407015313797796,70.44299999999987,3.749999999999982,12.407015313797796,-5.847432914634872,0,1.3465790982269965e-16,OPTIMAL,479715.7476270804,2.051508354505049
