cost,time,Pg,B,R,Pd,P0,P_rsrv,P_cul,status,cost_opt,peak_opt
45548.14249645904,79.75,0.0,29.97899999999987,0.18244104084551097,0.0,11.94862080179933,0,0.0,OPTIMAL,462241.08295156667,2.0829205432923916
