cost,time,Pg,B,R,Pd,P0,P_rsrv,P_cul,status,cost_opt,peak_opt
12650.255028876774,124.985,3.23519895885329,74.99999999999989,0.0,3.23519895885329,6.51068195001378,0,-5.30039337073851e-16,OPTIMAL,484381.5707896466,2.0172935123788465
