cost,time,Pg,B,R,Pd,P0,P_rsrv,P_cul,status,cost_opt,peak_opt
39782.11264430885,98.391,0.7659591170660962,72.08099999999988,0.1402824053653903,0.7659591170660962,11.766374635997884,0,1.6654598978139284e-15,OPTIMAL,460132.09936834546,2.106274197370505
