cost,time,Pg,B,R,Pd,P0,P_rsrv,P_cul,status,cost_opt,peak_opt
16049.264116329565,103.672,0.0,30.283999999999853,-0.30316447497179216,0.0,9.077638074847039,0,0.0,OPTIMAL,444558.47743131546,1.94836074047245
