cost,time,Pg,B,R,Pd,P0,P_rsrv,P_cul,status,cost_opt,peak_opt
9936.682686941665,83.735,6.9865220203576,74.99999999999989,0.0,6.9865220203576,3.6518495725621705,0,1.7989624546965732e-15,OPTIMAL,486368.498520016,2.01263656244826
