cost,time,Pg,B,R,Pd,P0,P_rsrv,P_cul,status,cost_opt,peak_opt
14341.066654332462,85.954,6.444492054704219,43.85599999999987,-1.2638761054935745,6.444492054704219,5.355140647622279,0,-3.7169160978234306e-16,OPTIMAL,487808.76555400295,2.0110289192761863
