cost,time,Pg,B,R,Pd,P0,P_rsrv,P_cul,status,cost_opt,peak_opt
9076.608210483566,151.922,9.567048840600863,44.67899999999979,-1.9312656907184003,9.567048840600863,2.8214511067713914,0,1.3887545627366826e-15,OPTIMAL,476813.2708057079,2.0225727185225186
