cost,time,Pg,B,R,Pd,P0,P_rsrv,P_cul,status,cost_opt,peak_opt
12853.437235582081,158.219,0.684490863177398,74.99999999999989,0.0,0.684490863177398,8.228833057350885,0,-7.855417434154272e-16,OPTIMAL,481739.2041643071,2.0279336153005008
