cost,time,Pg,B,R,Pd,P0,P_rsrv,P_cul,status,cost_opt,peak_opt
39116.276841984945,94.234,0.6390177273061131,70.93099999999984,0.16962436429526603,0.6390177273061131,11.95485233556997,0,-1.7822894581628196e-15,OPTIMAL,460775.5063701626,2.1112579980876913
