cost,time,Pg,B,R,Pd,P0,P_rsrv,P_cul,status,cost_opt,peak_opt
16851.828825715587,76.703,0.0,32.907999999999845,-0.3395492249267923,0.0,8.987642040381646,0,0.0,OPTIMAL,442232.7659363311,1.9467283030516773
