cost,time,Pg,B,R,Pd,P0,P_rsrv,P_cul,status,cost_opt,peak_opt
16471.831209134445,202.406,0.26669292834451863,74.99999999999989,0.0,0.26669292834451863,8.539051948747769,0,9.485413756532557e-16,OPTIMAL,485875.792670039,2.0315343230335867
