cost,time,Pg,B,R,Pd,P0,P_rsrv,P_cul,status,cost_opt,peak_opt
12556.022207144311,134.282,0.0,74.99999999999989,0.0,0.0,8.023017384756749,0,0.0,OPTIMAL,487111.76756155165,2.025509748279727
