cost,time,Pg,B,R,Pd,P0,P_rsrv,P_cul,status,cost_opt,peak_opt
12774.66738070356,109.281,0.0,74.99999999999989,0.0,0.0,8.080118520369108,0,0.0,OPTIMAL,486557.7809201386,2.0254156779389954
