cost,time,Pg,B,R,Pd,P0,P_rsrv,P_cul,status,cost_opt,peak_opt
21043.42355500783,78.375,3.641121495312326,54.35099999999982,-0.7797101444164946,3.641121495312326,7.765100942807317,0,2.6930904338182127e-16,OPTIMAL,488789.64539016807,2.021414001062811
