cost,time,Pg,B,R,Pd,P0,P_rsrv,P_cul,status,cost_opt,peak_opt
6619.048088785411,85.75,4.372451926928029,54.47999999999975,3.749999999999982,4.372451926928029,2.42012727195079,0,1.501904611962701e-15,OPTIMAL,486637.3525763294,2.0158870168115506
