cost,time,Pg,B,R,Pd,P0,P_rsrv,P_cul,status,cost_opt,peak_opt
10573.318073612552,73.89,6.668074411734366,73.36899999999987,-0.19572,6.668074411734366,4.268598334118915,0,1.1603809276297672e-15,OPTIMAL,485250.9757180228,2.012045437182416
