cost,time,Pg,B,R,Pd,P0,P_rsrv,P_cul,status,cost_opt,peak_opt
11964.367742838158,119.219,0.0,74.99999999999989,0.0,0.0,8.078573762888695,0,0.0,OPTIMAL,486755.28831030894,2.02558423301899
