cost,time,Pg,B,R,Pd,P0,P_rsrv,P_cul,status,cost_opt,peak_opt
12810.546362048064,118.672,0.0,74.99999999999989,0.0,0.0,8.067094686428252,0,0.0,OPTIMAL,486604.7329090752,2.0264056588412958
