cost,time,Pg,B,R,Pd,P0,P_rsrv,P_cul,status,cost_opt,peak_opt
12966.900724528352,159.484,1.5974620716211985,74.99999999999989,0.0,1.5974620716211985,7.641072907795141,0,1.7171390719918078e-15,OPTIMAL,482174.4250637775,2.0241900797036636
