cost,time,Pg,B,R,Pd,P0,P_rsrv,P_cul,status,cost_opt,peak_opt
32479.72168196755,89.0,0.0,2.137999999999857,0.07059499807962935,0.0,10.812157683744191,0,0.0,OPTIMAL,455266.08709362545,1.9739573075324277
