cost,time,Pg,B,R,Pd,P0,P_rsrv,P_cul,status,cost_opt,peak_opt
11640.612116092572,107.422,5.049860076738113,52.075999999999745,-1.0597793573655756,5.049860076738113,6.434832568320935,0,-5.34958904431504e-16,OPTIMAL,484980.45789161744,2.0119550759208304
