cost,time,Pg,B,R,Pd,P0,P_rsrv,P_cul,status,cost_opt,peak_opt
21440.814943925452,78.391,3.488899485853552,60.889999999999795,-0.7288534286725518,3.488899485853552,7.8251149430384865,0,-3.839701993857414e-16,OPTIMAL,488651.6242306228,2.0222579237822407
