cost,time,Pg,B,R,Pd,P0,P_rsrv,P_cul,status,cost_opt,peak_opt
11892.807569093426,80.297,6.045214937240319,74.99999999999989,0.0,6.045214937240319,4.74005881590013,0,-1.7775494617899845e-16,OPTIMAL,485905.20633084676,2.011814061243204
