cost,time,Pg,B,R,Pd,P0,P_rsrv,P_cul,status,cost_opt,peak_opt
7497.976592462919,101.656,8.188341235390904,73.94999999999987,-0.126,8.188341235390904,2.565164759652042,0,-1.4982860872120307e-15,OPTIMAL,459295.0681104546,2.011779627049254
