cost,time,Pg,B,R,Pd,P0,P_rsrv,P_cul,status,cost_opt,peak_opt
29869.451347251816,79.156,0.0,1.6429999999998568,0.07307218952561045,0.0,10.814428438541569,0,0.0,OPTIMAL,455872.4526254479,1.9746650616641344
