cost,time,Pg,B,R,Pd,P0,P_rsrv,P_cul,status,cost_opt,peak_opt
14186.137894296764,122.766,0.0,55.68557898167792,-0.4474680976720974,0.0,8.950244728262943,0,0.0,OPTIMAL,485682.2252389211,2.0302709939175263
