cost,time,Pg,B,R,Pd,P0,P_rsrv,P_cul,status,cost_opt,peak_opt
4049.9587614257157,87.547,11.222478779447142,58.55899999999983,-1.9718288802141266,11.222478779447142,1.4988744490842767,0,1.5844530548703162e-15,OPTIMAL,487521.584816803,2.0290088321608004
