cost,time,Pg,B,R,Pd,P0,P_rsrv,P_cul,status,cost_opt,peak_opt
6850.433985323275,90.141,10.113900465570557,59.478999999999836,-1.8625200000000013,10.113900465570557,2.0923744610028328,0,-2.4475864043860263e-15,OPTIMAL,463197.68271815684,2.032138903202717
