cost,time,Pg,B,R,Pd,P0,P_rsrv,P_cul,status,cost_opt,peak_opt
11316.696878261828,80.422,5.087076614261859,66.4329999999998,-0.9129523488584336,5.087076614261859,6.500113083435857,0,2.2361263231698847e-15,OPTIMAL,485993.5296105107,2.0134618614523125
