cost,time,Pg,B,R,Pd,P0,P_rsrv,P_cul,status,cost_opt,peak_opt
14407.039645078714,122.891,0.0,74.99999999999989,0.0,0.0,8.49471677186245,0,0.0,OPTIMAL,486115.8001952537,2.0298599955277385
