cost,time,Pg,B,R,Pd,P0,P_rsrv,P_cul,status,cost_opt,peak_opt
41373.39006195728,83.766,0.0,38.68399999999983,0.23972131203939914,0.0,12.190156176180697,0,0.0,OPTIMAL,459723.44485568465,2.0971434975643546
