cost,time,Pg,B,R,Pd,P0,P_rsrv,P_cul,status,cost_opt,peak_opt
13051.558212600772,127.172,0.0,74.99999999999989,0.0,0.0,8.012006269245411,0,0.0,OPTIMAL,487246.5606412932,2.0249301783359575
