cost,time,Pg,B,R,Pd,P0,P_rsrv,P_cul,status,cost_opt,peak_opt
12663.832329406117,122.578,4.353662261354291,51.6249999999998,-0.8541822441086631,4.353662261354291,7.211749618112824,0,-2.0885528549674515e-15,OPTIMAL,487916.6662660227,2.016795681554703
