cost,time,Pg,B,R,Pd,P0,P_rsrv,P_cul,status,cost_opt,peak_opt
4259.036216680476,89.141,11.09549460696021,57.512999999999835,-2.0984399999999988,11.09549460696021,1.4316088123295718,0,1.1846263987119743e-15,OPTIMAL,481969.2637597474,2.043722552995068
