cost,time,Pg,B,R,Pd,P0,P_rsrv,P_cul,status,cost_opt,peak_opt
10277.47009138504,93.484,8.821066298604379,60.61099999999981,-1.5998403930701601,8.821066298604379,3.385200952366614,0,-1.2572950493228152e-15,OPTIMAL,460697.4010642115,2.013836764887776
