cost,time,Pg,B,R,P0,P_rsrv,status
74.44175456507382,0.8097128868103027,0,3,0.010000102939051165,0.23701275000819474,2.833,OPTIMAL
