cost,time,Pg,B,R,Pd,P0,P_rsrv,P_cul,status,cost_opt,peak_opt
12051.696176192909,9.579,3.365566358911788,43.85599999999987,1.5125407630894667,3.365566358911788,5.460668860984553,0,2.3562423713541225e-16,OPTIMAL,456132.0366932645,0.0
