cost,time,Pg,B,R,Pd,P0,P_rsrv,P_cul,status,cost_opt,peak_opt
17705.344190849824,12.047,0.0,3.415999999999855,-3.7453787117208908,0.0,11.963070399222854,0,0.0,OPTIMAL,446891.3756797078,0.0
