cost,time,Pg,B,R,Pd,P0,P_rsrv,P_cul,status,cost_opt,peak_opt
23458.53716345488,14.218,0.0,43.855999999999874,-3.7372799999999957,0.0,13.351472489160432,0,0.0,OPTIMAL,432335.08516122005,0.0
