cost,time,Pg,B,R,Pd,P0,P_rsrv,P_cul,status,cost_opt,peak_opt
23335.435891342324,12.594,0.0,31.43999999999988,-3.7495141946913337,0.0,12.445565808715905,0,0.0,OPTIMAL,436737.4853962143,0.0
