cost,time,Pg,B,R,Pd,P0,P_rsrv,P_cul,status,cost_opt,peak_opt
21938.033145921734,15.734,0.0,62.69499999999989,3.749999999999982,0.0,7.285962519402768,0,0.0,OPTIMAL,431447.0859085522,0.0
