cost,time,Pg,B,R,Pd,P0,P_rsrv,P_cul,status,cost_opt,peak_opt
10522.212866155529,12.812,0.0,31.35999999999991,3.749999999999981,0.0,5.102916035962914,0,0.0,OPTIMAL,435402.2914975876,0.0
