cost,time,Pg,B,R,Pd,P0,P_rsrv,P_cul,status,cost_opt,peak_opt
32036.418204181213,12.562,0.0,0.10699999999985692,-3.7373392369105343,0.0,14.194248207435184,0,0.0,OPTIMAL,432494.22469795094,0.0
