cost,time,Pg,B,R,Pd,P0,P_rsrv,P_cul,status,cost_opt,peak_opt
885.2277349269186,10.0,12.407015313797796,0.29599999999985604,-2.4283931337285574,12.407015313797796,0.3080124338646203,0,-4.460949838691608e-16,OPTIMAL,457562.0844373877,0.0
