cost,time,Pg,B,R,Pd,P0,P_rsrv,P_cul,status,cost_opt,peak_opt
19928.316756212807,10.765,0.11475978001708123,43.85599999999987,-2.237280000000002,0.11475978001708123,10.801255694424285,0,1.7811311406074493e-15,OPTIMAL,455728.4388660379,0.0
