cost,time,Pg,B,R,Pd,P0,P_rsrv,P_cul,status,cost_opt,peak_opt
24130.307082011543,13.094,5.394849819798765,43.85599999999987,-3.737279999999996,5.394849819798765,8.816334337600125,0,1.2996873542669984e-16,OPTIMAL,447591.7437508913,0.0
