cost,time,Pg,B,R,Pd,P0,P_rsrv,P_cul,status,cost_opt,peak_opt
-12002.38612818267,11.438,10.352810544185164,31.448999999999877,3.749999999999982,10.352810544185164,-3.6130000385859935,0,1.2094275234075802e-15,OPTIMAL,445334.2608377958,0.0
