cost,time,Pg,B,R,Pd,P0,P_rsrv,P_cul,status,cost_opt,peak_opt
40138.45176115845,14.109,0.2102816775741487,43.85599999999987,1.5125407630894663,0.2102816775741487,10.89830349203325,0,1.4141282817046325e-15,OPTIMAL,436442.77961191395,0.0
