cost,time,Pg,B,R,Pd,P0,P_rsrv,P_cul,status,cost_opt,peak_opt
20941.30021818601,11.75,2.463697937245146,58.669999999999845,-1.9596000000000016,2.463697937245146,9.699536923661885,0,2.4472746962614367e-15,OPTIMAL,455913.3887030202,0.0
