cost,time,Pg,B,R,Pd,P0,P_rsrv,P_cul,status,cost_opt,peak_opt
19294.09584680084,11.484,0.0,43.85599999999987,0.012719999999992432,0.0,9.375168049951817,0,0.0,OPTIMAL,433170.9350273019,0.0
