cost,time,Pg,B,R,Pd,P0,P_rsrv,P_cul,status,cost_opt,peak_opt
16965.76921786391,10.734,5.1761285249667415,12.711999999999849,-2.224739236910534,5.1761285249667415,7.694226402659369,0,-9.941320770062712e-16,OPTIMAL,458452.8885553371,0.0
