cost,time,Pg,B,R,Pd,P0,P_rsrv,P_cul,status,cost_opt,peak_opt
8916.693854597286,12.531,0.19706314457678697,62.59299999999985,3.749999999999982,0.19706314457678697,4.825050787119743,0,2.3575383317634216e-16,OPTIMAL,455507.9160092294,0.0
