cost,time,Pg,B,R,Pd,P0,P_rsrv,P_cul,status,cost_opt,peak_opt
51735.51910116157,14.156,0.37488748413847706,43.92499999999977,-3.7289999999999965,0.37488748413847706,16.11698414366404,0,2.2637717845023705e-15,OPTIMAL,438515.6368996648,0.0
