cost,time,Pg,B,R,Pd,P0,P_rsrv,P_cul,status,cost_opt,peak_opt
8176.958751943216,11.406,7.568625214386444,74.99999999999989,0.0,7.568625214386444,3.211688433599064,0,2.3239331466140545e-15,OPTIMAL,460385.102779611,0.0
