cost,time,Pg,B,R,Pd,P0,P_rsrv,P_cul,status,cost_opt,peak_opt
4961.757003754257,9.875,4.909729439696407,44.04699999999976,3.7499999999999813,4.909729439696407,1.669501010684474,0,7.051244354031039e-16,OPTIMAL,457136.8060088848,0.0
