cost,time,Pg,B,R,Pd,P0,P_rsrv,P_cul,status,cost_opt,peak_opt
15809.145470689296,9.578,8.494129306542217,0.10499999999985582,-3.7495489038353695,8.494129306542217,5.556817388642987,0,-2.5762269921514314e-15,OPTIMAL,457225.1919712386,0.0
