cost,time,Pg,B,R,Pd,P0,P_rsrv,P_cul,status,cost_opt,peak_opt
10105.342517094801,14.031,0.0,74.99999999999989,3.749999999999982,0.0,4.691431066432127,0,0.0,OPTIMAL,435579.3586514967,0.0
