cost,time,Pg,B,R,Pd,P0,P_rsrv,P_cul,status,cost_opt,peak_opt
42671.624384258015,15.297,0.07477171699156662,0.21599999999985395,0.025289666924846927,0.07477171699156662,12.583787786569749,0,-3.7828533776024416e-16,OPTIMAL,437258.3000741271,0.0
