cost,time,Pg,B,R,Pd,P0,P_rsrv,P_cul,status,cost_opt,peak_opt
17662.6688759689,10.469,0.0,0.21599999999985584,0.025289666924847035,0.0,8.800532573975534,0,0.0,OPTIMAL,436410.2692198425,0.0
