cost,time,Pg,B,R,Pd,P0,P_rsrv,P_cul,status,cost_opt,peak_opt
22228.140140024338,10.484,3.764131020851755,63.16399999999988,-1.4203199999999985,3.764131020851755,8.130263401618265,0,8.762521958027847e-16,OPTIMAL,459230.4841867983,0.0
