cost,time,Pg,B,R,Pd,P0,P_rsrv,P_cul,status,cost_opt,peak_opt
1049.4787292680903,10.953,13.808571365003584,20.61799999999978,-3.749514194691333,13.808571365003584,0.36720739302592387,0,-9.218428971558001e-16,OPTIMAL,457212.5263210355,0.0
