cost,time,Pg,B,R,Pd,P0,P_rsrv,P_cul,status,cost_opt,peak_opt
16277.491689515115,15.609,0.2949649732032831,0.1049999999998536,-1.4878510961646294,0.2949649732032831,10.029261669448621,0,1.8348165123209005e-15,OPTIMAL,456866.9526227575,0.0
