cost,time,Pg,B,R,Pd,P0,P_rsrv,P_cul,status,cost_opt,peak_opt
7207.916801291352,11.531,0.0,74.99999999999989,3.749999999999982,0.0,4.422034847418008,0,0.0,OPTIMAL,452892.47628249583,0.0
