cost,time,Pg,B,R,Pd,P0,P_rsrv,P_cul,status,cost_opt,peak_opt
28254.407016457135,12.469,0.0,0.2159999999998569,0.025289666924847073,0.0,10.534827373772234,0,0.0,OPTIMAL,432737.9510234736,0.0
