cost,time,Pg,B,R,Pd,P0,P_rsrv,P_cul,status,cost_opt,peak_opt
12978.503431032788,10.765,0.0,0.2959999999998558,0.034889666924847,0.0,7.986771342174023,0,0.0,OPTIMAL,449770.6460555794,0.0
