cost,time,Pg,B,R,Pd,P0,P_rsrv,P_cul,status,cost_opt,peak_opt
17442.566268868526,10.625,4.292367488573433,12.711999999999849,1.524809666924848,4.292367488573433,5.17583568809155,0,-3.8059562012388026e-16,OPTIMAL,437115.59988042986,0.0
