cost,time,Pg,B,R,Pd,P0,P_rsrv,P_cul,status,cost_opt,peak_opt
-13742.568073326618,10.0,11.90664827402159,32.568999999999875,3.749999999999982,11.90664827402159,-5.013705973486545,0,8.460029551904391e-16,OPTIMAL,462372.6089684552,0.0
