cost,time,Pg,B,R,Pd,P0,P_rsrv,P_cul,status,cost_opt,peak_opt
10848.713649705536,10.094,6.528633095789875,74.99999999999989,0.0,6.528633095789875,4.172582172963668,0,-2.1376130032724205e-15,OPTIMAL,460231.288309568,0.0
