cost,time,Pg,B,R,Pd,P0,P_rsrv,P_cul,status,cost_opt,peak_opt
12979.622078409462,10.031,0.0,0.10699999999985585,0.012209666924847042,0.0,8.092033714719117,0,0.0,OPTIMAL,450068.11162641196,0.0
