cost,time,Pg,B,R,Pd,P0,P_rsrv,P_cul,status,cost_opt,peak_opt
52543.581433427185,13.422,0.0,0.10499999999985443,-3.7495489038353687,0.0,16.05855178283227,0,0.0,OPTIMAL,437426.0999417578,0.0
