cost,time,Pg,B,R,Pd,P0,P_rsrv,P_cul,status,cost_opt,peak_opt
15311.927206587367,13.297,3.488899485853552,74.99999999999989,1.500000000000001,3.488899485853552,5.588294600944295,0,-1.234418383483371e-15,OPTIMAL,460771.6566351801,0.0
