cost,time,Pg,B,R,Pd,P0,P_rsrv,P_cul,status,cost_opt,peak_opt
14390.035601875834,10.328,0.0,23.73499999999986,-0.6421046661962917,0.0,8.965754269081517,0,0.0,OPTIMAL,454303.473456354,0.0
