cost,time,Pg,B,R,Pd,P0,P_rsrv,P_cul,status,cost_opt,peak_opt
43971.74853411192,14.984,0.0,43.85599999999987,-3.737279999999996,0.0,15.305168302858307,0,0.0,OPTIMAL,432599.1828683164,0.0
