cost,time,Pg,B,R,Pd,P0,P_rsrv,P_cul,status,cost_opt,peak_opt
12633.232375615258,11.188,5.994441364441011,74.99999999999989,0.0,5.994441364441011,4.6617093636956675,0,-1.9341082554968914e-15,OPTIMAL,460698.49222528056,0.0
