cost,time,Pg,B,R,Pd,P0,P_rsrv,P_cul,status,cost_opt,peak_opt
1011.2960086866522,10.531,0.0,33.290448665935436,-1.2551461600877336,0.0,9.631390558920497,0,0.0,OPTIMAL,438879.432770496,0.0
