cost,time,Pg,B,R,Pd,P0,P_rsrv,P_cul,status,cost_opt,peak_opt
8104.670677760285,12.547,0.0,74.99999999999989,3.749999999999982,0.0,4.402319759782881,0,0.0,OPTIMAL,447437.3986300033,0.0
