cost,time,Pg,B,R,Pd,P0,P_rsrv,P_cul,status,cost_opt,peak_opt
22095.332176988184,10.641,6.210809543363702,1.4249999999998533,-3.7495489038353695,6.210809543363702,8.147246377945496,0,5.167307554065914e-16,OPTIMAL,462249.9220913773,0.0
