cost,time,Pg,B,R,Pd,P0,P_rsrv,P_cul,status,cost_opt,peak_opt
30556.17881851622,13.469,0.0,74.99999999999989,3.749999999999982,0.0,8.710427257273723,0,0.0,OPTIMAL,435798.84131777275,0.0
