cost,time,Pg,B,R,Pd,P0,P_rsrv,P_cul,status,cost_opt,peak_opt
21076.6845478808,13.062,6.444492054704219,31.639999999999844,-3.7495141946913337,6.444492054704219,7.870307896893502,0,-7.929583639015858e-16,OPTIMAL,460606.0438252269,0.0
