cost,time,Pg,B,R,Pd,P0,P_rsrv,P_cul,status,cost_opt,peak_opt
19599.299105923437,9.688,0.0,31.639999999999844,-3.7495141946913337,0.0,12.357691743961814,0,0.0,OPTIMAL,455209.97738074604,0.0
