cost,time,Pg,B,R,Pd,P0,P_rsrv,P_cul,status,cost_opt,peak_opt
7799.701080242201,9.703,0.0,43.85599999999987,3.749999999999981,0.0,4.264462044965665,0,0.0,OPTIMAL,451262.3360550315,0.0
