cost,time,Pg,B,R,Pd,P0,P_rsrv,P_cul,status,cost_opt,peak_opt
3689.808054168625,10.703,8.620274958499213,74.99999999999989,0.0,8.620274958499213,2.0476182320580603,0,1.7212793690379868e-15,OPTIMAL,460116.7019488909,0.0
