cost,time,Pg,B,R,Pd,P0,P_rsrv,P_cul,status,cost_opt,peak_opt
29164.295721759976,13.953,3.641121495312326,43.85599999999987,-3.737279999999996,3.641121495312326,10.761732738656818,0,-1.05770698189539e-15,OPTIMAL,461778.4513709263,0.0
