cost,time,Pg,B,R,Pd,P0,P_rsrv,P_cul,status,cost_opt,peak_opt
20265.052226356842,13.171,4.6477456744277905,12.58999999999986,-3.7495489038353695,4.6477456744277905,9.719449509044049,0,-3.266972196241946e-16,OPTIMAL,457442.8042595866,0.0
