cost,time,Pg,B,R,Pd,P0,P_rsrv,P_cul,status,cost_opt,peak_opt
-11366.857763082728,10.515,11.222478779447142,74.99999999999989,3.749999999999982,11.222478779447142,-4.206831148439203,0,-1.4877964311932335e-15,OPTIMAL,461203.25439632277,0.0
