cost,time,Pg,B,R,Pd,P0,P_rsrv,P_cul,status,cost_opt,peak_opt
20214.696980184315,11.703,6.861016599846907,0.30499999999985505,-3.7490978076707573,6.861016599846907,7.4073642287227255,0,-2.230474919345804e-15,OPTIMAL,461772.75720508926,0.0
