cost,time,Pg,B,R,Pd,P0,P_rsrv,P_cul,status,cost_opt,peak_opt
8456.49269424258,10.796,0.0,31.44599999999994,3.749999999999981,0.0,4.871251551983052,0,0.0,OPTIMAL,413137.06399665994,0.0
