cost,time,Pg,B,R,Pd,P0,P_rsrv,P_cul,status,cost_opt,peak_opt
7870.073945664488,12.188,2.956321713301904,74.99999999999989,3.749999999999982,2.956321713301904,3.5482749980453057,0,-7.343843415330564e-16,OPTIMAL,455425.4726627521,0.0
