cost,time,Pg,B,R,Pd,P0,P_rsrv,P_cul,status,cost_opt,peak_opt
23542.533026800473,12.078,3.2605113781416444,32.759999999999835,-1.3188000000000113,3.2605113781416444,8.661711930390167,0,-8.15048983165978e-17,OPTIMAL,462328.4808947135,0.0
