cost,time,Pg,B,R,Pd,P0,P_rsrv,P_cul,status,cost_opt,peak_opt
38687.871775052256,13.11,1.8172487183857142,62.77399999999985,-1.4671199999999998,1.8172487183857142,11.813090618336565,0,5.664549775422079e-16,OPTIMAL,438385.37878209754,0.0
