cost,time,Pg,B,R,Pd,P0,P_rsrv,P_cul,status,cost_opt,peak_opt
2579.788054895211,17.453,0.0,43.85599999999987,-3.737279999999996,0.0,11.943463217107459,0,0.0,OPTIMAL,442882.23549376766,0.0
