cost,time,Pg,B,R,Pd,P0,P_rsrv,P_cul,status,cost_opt,peak_opt
29421.43930244768,12.531,0.0,43.85599999999987,3.749999999999981,0.0,8.668662139790124,0,0.0,OPTIMAL,436569.8052551668,0.0
