cost,time,Pg,B,R,Pd,P0,P_rsrv,P_cul,status,cost_opt,peak_opt
6622.345170652963,10.907,4.372451926928029,62.97399999999993,3.749999999999982,4.372451926928029,2.421332786344776,0,3.0489255868279552e-15,OPTIMAL,459792.8421070314,0.0
