cost,time,Pg,B,R,Pd,P0,P_rsrv,P_cul,status,cost_opt,peak_opt
2506.166624453436,9.672,6.045214937240319,74.99999999999989,3.749999999999982,6.045214937240319,0.9988707152066305,0,4.511365239712184e-16,OPTIMAL,460605.3352367811,0.0
