cost,time,Pg,B,R,Pd,P0,P_rsrv,P_cul,status,cost_opt,peak_opt
14848.808975891743,8.453,8.578923748073485,43.85599999999987,-3.737279999999996,8.578923748073485,5.918218005536764,0,1.3684799821112037e-15,OPTIMAL,461260.4462574488,0.0
