cost,time,Pg,B,R,Pd,P0,P_rsrv,P_cul,status,cost_opt,peak_opt
7884.678078666154,11.204,5.528868169258918,62.77399999999985,0.642948087061219,5.528868169258918,4.536638710394795,0,-5.096563362311235e-16,OPTIMAL,459722.2867276686,0.0
