cost,time,Pg,B,R,Pd,P0,P_rsrv,P_cul,status,cost_opt,peak_opt
14484.806742886105,11.969,2.8725759813524245,74.99999999999989,0.0,2.8725759813524245,7.163603730408559,0,-3.6727348592946463e-16,OPTIMAL,455016.9422699375,0.0
