cost,time,Pg,B,R,Pd,P0,P_rsrv,P_cul,status,cost_opt,peak_opt
40149.376871705565,17.219,0.0,17.011999999999865,-1.7087392369105339,0.0,13.491054056352677,0,0.0,OPTIMAL,434798.4490063722,0.0
