cost,time,Pg,B,R,Pd,P0,P_rsrv,P_cul,status,cost_opt,peak_opt
12495.217809406939,10.734,6.139856830027499,74.99999999999989,0.0,6.139856830027499,4.187405432106883,0,-5.620233011621734e-16,OPTIMAL,449907.61727259646,0.0
