cost,time,Pg,B,R,Pd,P0,P_rsrv,P_cul,status,cost_opt,peak_opt
22769.388713328128,11.25,7.041877377241255,0.3049999999998535,-3.713579236910531,7.041877377241255,7.097689748543681,0,-6.687630050433713e-16,OPTIMAL,444302.99290785135,0.0
