cost,time,Pg,B,R,Pd,P0,P_rsrv,P_cul,status,cost_opt,peak_opt
23425.198439504973,10.313,3.2699559654555523,31.359999999999907,-3.7368000000000063,3.2699559654555523,10.850022436083822,0,4.391831950195657e-16,OPTIMAL,456552.98551275855,0.0
