cost,time,Pg,B,R,Pd,P0,P_rsrv,P_cul,status,cost_opt,peak_opt
20607.60229155937,10.765,4.081076132610821,74.99999999999989,0.0,4.081076132610821,6.403854037153316,0,5.691654829734216e-16,OPTIMAL,446956.4622794376,0.0
