cost,time,Pg,B,R,Pd,P0,P_rsrv,P_cul,status,cost_opt,peak_opt
18753.2118105563,13.219,0.684490863177398,43.92499999999977,-3.7289999999999974,0.684490863177398,12.00589744593873,0,-1.469771570075662e-16,OPTIMAL,455919.5699384758,0.0
