cost,time,Pg,B,R,Pd,P0,P_rsrv,P_cul,status,cost_opt,peak_opt
29298.018081052294,18.188,0.0,43.85599999999987,1.5125407630894672,0.0,9.743271726322678,0,0.0,OPTIMAL,432168.3272888601,0.0
