cost,time,Pg,B,R,Pd,P0,P_rsrv,P_cul,status,cost_opt,peak_opt
8044.149875329311,11.812,0.0,62.592999999999854,3.749999999999982,0.0,4.743012898189452,0,0.0,OPTIMAL,454712.91791869816,0.0
