cost,time,Pg,B,R,Pd,P0,P_rsrv,P_cul,status,cost_opt,peak_opt
7390.944369800019,9.64,6.499768829854774,74.99999999999989,0.0,6.499768829854774,4.240358215605289,0,1.9016906105395748e-16,OPTIMAL,459875.70052088925,0.0
