cost,time,Pg,B,R,Pd,P0,P_rsrv,P_cul,status,cost_opt,peak_opt
40873.19433742542,13.063,0.446605401931031,74.99999999999989,3.749999999999982,0.446605401931031,8.499312609154796,0,1.3987868209639626e-15,OPTIMAL,436404.36548654106,0.0
