cost,time,Pg,B,R,Pd,P0,P_rsrv,P_cul,status,cost_opt,peak_opt
902.211566803744,10.406,0.0,31.637505955165516,-0.18694502580704225,0.0,8.592491112416608,0,0.0,OPTIMAL,437601.2330296532,0.0
