cost,time,Pg,B,R,Pd,P0,P_rsrv,P_cul,status,cost_opt,peak_opt
9234.211246173043,20.266,0.26669292834451863,31.448999999999877,3.749999999999982,0.26669292834451863,4.787045747108887,0,-1.5288868464974868e-15,OPTIMAL,456167.9397583832,0.0
