cost,time,Pg,B,R,Pd,P0,P_rsrv,P_cul,status,cost_opt,peak_opt
12679.43750705742,15.61,0.0,0.21599999999985528,-0.373198794395336,0.0,8.561402773165037,0,0.0,OPTIMAL,446603.3272277666,0.0
