cost,time,Pg,B,R,Pd,P0,P_rsrv,P_cul,status,cost_opt,peak_opt
12537.145702288435,10.312,0.0,0.10499999999985585,0.011969666924847275,0.0,8.010955720312099,0,0.0,OPTIMAL,450525.9848961344,0.0
