cost,time,Pg,B,R,Pd,P0,P_rsrv,P_cul,status,cost_opt,peak_opt
17268.735548745884,3.672,0.0,0.0,0.0,0.0,8.490037142942914,0,0.0,OPTIMAL,482040.71355421166,0.0
