cost,time,Pg,B,R,Pd,P0,P_rsrv,P_cul,status,cost_opt,peak_opt
11891.74294584023,2.907,1.0224018077425152,0.0,0.0,1.0224018077425152,6.4071890871984,0,-2.4194242529557153e-15,OPTIMAL,478873.7474505201,0.0
