cost,time,Pg,B,R,Pd,P0,P_rsrv,P_cul,status,cost_opt,peak_opt
7540.369422300171,3.094,8.290454860530456,0.0,0.0,8.290454860530456,2.778323294878471,0,-6.63585939669753e-15,OPTIMAL,491924.85841833,0.0
