cost,time,Pg,B,R,Pd,P0,P_rsrv,P_cul,status,cost_opt,peak_opt
8201.145172405433,3.094,4.498410963813828,0.0,0.0,4.498410963813828,3.8702903126028465,0,4.5319650809894085e-15,OPTIMAL,481576.83405288827,0.0
