cost,time,Pg,B,R,Pd,P0,P_rsrv,P_cul,status,cost_opt,peak_opt
13006.020976270023,2.704,0.0,0.0,0.0,0.0,7.423527954492021,0,1.2729347927158607e-14,OPTIMAL,484971.15764698485,0.0
