cost,time,Pg,B,R,Pd,P0,P_rsrv,P_cul,status,cost_opt,peak_opt
7749.760129037757,3.047,7.379501287174529,0.0,0.0,7.379501287174529,2.4665054516351868,0,2.4411896115683618e-15,OPTIMAL,486496.42297368933,0.0
