cost,time,Pg,B,R,Pd,P0,P_rsrv,P_cul,status,cost_opt,peak_opt
8190.4323281909765,3.703,7.955724176606226,0.0,0.0,7.955724176606226,2.3556032005150924,0,1.1463106939363366e-14,OPTIMAL,489295.55342800147,0.0
