cost,time,Pg,B,R,Pd,P0,P_rsrv,P_cul,status,cost_opt,peak_opt
11273.006858331752,2.563,3.4574078523067637,0.0,0.0,3.4574078523067637,4.648662621992475,0,-4.1368275992270664e-15,OPTIMAL,480116.4157033469,0.0
