cost,time,Pg,B,R,Pd,P0,P_rsrv,P_cul,status,cost_opt,peak_opt
14992.686471859663,2.812,0.0,0.0,0.0,0.0,7.5989287743840155,0,0.0,OPTIMAL,482764.94623608957,0.0
