cost,time,Pg,B,R,Pd,P0,P_rsrv,P_cul,status,cost_opt,peak_opt
34058.17920137268,2.812,0.0,0.0,0.0,0.0,10.706752342462334,0,0.0,OPTIMAL,486925.4717635711,0.0
