cost,time,Pg,B,R,Pd,P0,P_rsrv,P_cul,status,cost_opt,peak_opt
7535.593832051389,2.703,4.200955258812027,0.0,0.0,4.200955258812027,4.0297293219526145,0,-5.724533260614839e-15,OPTIMAL,480686.88158098736,0.0
