cost,time,Pg,B,R,Pd,P0,P_rsrv,P_cul,status,cost_opt,peak_opt
36444.725653846566,2.64,0.0,0.0,0.0,0.0,11.76015671308376,0,0.0,OPTIMAL,489370.90652023035,0.0
