cost,time,Pg,B,R,Pd,P0,P_rsrv,P_cul,status,cost_opt,peak_opt
14810.825403806111,2.703,0.0,0.0,0.0,0.0,7.431422681287563,0,4.95261519512305e-15,OPTIMAL,482866.51185377524,0.0
