cost,time,Pg,B,R,Pd,P0,P_rsrv,P_cul,status,cost_opt,peak_opt
14726.949196056265,2.844,0.0,0.0,0.0,0.0,7.513749589824624,0,1.3798986638665495e-14,OPTIMAL,481309.985781428,0.0
