cost,time,Pg,B,R,Pd,P0,P_rsrv,P_cul,status,cost_opt,peak_opt
16095.481709214875,3.625,0.0,0.0,0.0,0.0,7.940543517126233,0,0.0,OPTIMAL,483411.83818935335,0.0
