cost,time,Pg,B,R,Pd,P0,P_rsrv,P_cul,status,cost_opt,peak_opt
53914.30157894562,3.641,3.717685073577249,0.0,0.0,3.717685073577249,9.224003691864091,0,3.1570296913805904e-14,OPTIMAL,564473.3606777596,0.0
