cost,time,Pg,B,R,Pd,P0,P_rsrv,P_cul,status,cost_opt,peak_opt
27021.06456098216,2.969,4.6843330732984345,0.0,0.0,4.6843330732984345,7.635225928505838,0,1.2391766757678668e-14,OPTIMAL,514430.3415358164,0.0
