cost,time,Pg,B,R,Pd,P0,P_rsrv,P_cul,status,cost_opt,peak_opt
12124.870551745867,3.343,0.0,0.0,0.0,0.0,7.625704749525703,0,0.0,OPTIMAL,482183.80421246024,0.0
