cost,time,Pg,B,R,Pd,P0,P_rsrv,P_cul,status,cost_opt,peak_opt
258876.49457268426,3.093,0.0,0.0,0.0,0.0,13.01017662944438,0,0.0,OPTIMAL,574060.1450903462,0.0
