cost,time,Pg,B,R,Pd,P0,P_rsrv,P_cul,status,cost_opt,peak_opt
200259.40783198597,3.844,2.6767450550797642,0.0,0.0,2.6767450550797642,10.547185328487174,0,5.76689846050471e-15,OPTIMAL,575060.2660397018,0.0
