cost,time,Pg,B,R,Pd,P0,P_rsrv,P_cul,status,cost_opt,peak_opt
14093.913736537252,2.891,0.0,0.0,0.0,0.0,7.257422109442457,0,0.0,OPTIMAL,486035.1566357091,0.0
