cost,time,Pg,B,R,Pd,P0,P_rsrv,P_cul,status,cost_opt,peak_opt
7782.115417362891,2.61,4.349669193737285,0.0,0.0,4.349669193737285,4.034274451717414,0,1.8995222061946038e-15,OPTIMAL,481259.622166805,0.0
