cost,time,Pg,B,R,Pd,P0,P_rsrv,P_cul,status,cost_opt,peak_opt
13750.285727124457,3.203,0.0,0.0,0.0,0.0,7.353093971724309,0,1.31988400786133e-15,OPTIMAL,482420.8289835539,0.0
