cost,time,Pg,B,R,Pd,P0,P_rsrv,P_cul,status,cost_opt,peak_opt
9349.576776623231,2.797,8.327642622645532,0.0,0.0,8.327642622645532,3.0474500575695016,0,1.19560394570839e-15,OPTIMAL,495255.9205695181,0.0
