cost,time,Pg,B,R,Pd,P0,P_rsrv,P_cul,status,cost_opt,peak_opt
15124.876185711495,2.672,0.0,0.0,0.0,0.0,7.3421729056851905,0,2.0514274008892955e-15,OPTIMAL,484126.0106774278,0.0
