cost,time,Pg,B,R,Pd,P0,P_rsrv,P_cul,status,cost_opt,peak_opt
129006.10915077089,2.938,4.498416530844083,0.0,0.0,4.498416530844083,8.270682725398826,0,1.2487596677199231e-14,OPTIMAL,541214.0457043241,0.0
