cost,time,Pg,B,R,Pd,P0,P_rsrv,P_cul,status,cost_opt,peak_opt
25526.057782402866,3.766,5.204727927638712,0.0,0.0,5.204727927638712,7.212788296807818,0,4.546384969883466e-15,OPTIMAL,527365.1711394088,0.0
