cost,time,Pg,B,R,Pd,P0,P_rsrv,P_cul,status,cost_opt,peak_opt
68069.21326170671,2.907,1.6356955516538956,0.0,0.0,1.6356955516538956,11.411435584527528,0,9.303762458796189e-15,OPTIMAL,568489.5980270107,0.0
