cost,time,Pg,B,R,Pd,P0,P_rsrv,P_cul,status,cost_opt,peak_opt
27838.189916740994,3.765,7.955733454989987,0.0,0.0,7.955733454989987,4.033351190486959,0,-3.791048421367127e-15,OPTIMAL,515151.33799712465,0.0
