cost,time,Pg,B,R,Pd,P0,P_rsrv,P_cul,status,cost_opt,peak_opt
34508.21197531343,2.656,0.0,0.0,0.0,0.0,11.666062195846326,0,0.0,OPTIMAL,489805.95511800685,0.0
