cost,time,Pg,B,R,Pd,P0,P_rsrv,P_cul,status,cost_opt,peak_opt
10282.988792019778,3.094,3.6060512715154367,0.0,0.0,3.6060512715154367,4.545972056595835,0,7.754457883105137e-15,OPTIMAL,479636.397925494,0.0
