cost,time,Pg,B,R,Pd,P0,P_rsrv,P_cul,status,cost_opt,peak_opt
14011.095398366044,2.953,0.05579092155637482,0.0,0.0,0.05579092155637482,7.351046903654798,0,3.532425545647866e-15,OPTIMAL,482171.28065128665,0.0
