cost,time,Pg,B,R,Pd,P0,P_rsrv,P_cul,status,cost_opt,peak_opt
14383.695352337583,2.891,0.24155158716353753,0.0,0.0,0.24155158716353753,7.217107552602902,0,-2.0890014436163173e-14,OPTIMAL,480552.86883524334,0.0
