cost,time,Pg,B,R,Pd,P0,P_rsrv,P_cul,status,cost_opt,peak_opt
11225.470434930156,2.844,3.1229351074510965,0.0,0.0,3.1229351074510965,4.878518224654565,0,-5.672139190629477e-15,OPTIMAL,480572.7040264548,0.0
