cost,time,Pg,B,R,Pd,P0,P_rsrv,P_cul,status,cost_opt,peak_opt
21945.47864723158,2.813,6.766179708111867,0.0,0.0,6.766179708111867,5.545989044031231,0,7.068862639333928e-15,OPTIMAL,508496.8755278592,0.0
