cost,time,Pg,B,R,Pd,P0,P_rsrv,P_cul,status,cost_opt,peak_opt
7862.119258550395,2.953,7.992976887407631,0.0,0.0,7.992976887407631,2.341310082951279,0,-1.7987727193163883e-15,OPTIMAL,489370.56316155836,0.0
