cost,time,Pg,B,R,Pd,P0,P_rsrv,P_cul,status,cost_opt,peak_opt
38395.838614593384,3.031,0.0,0.0,0.0,0.0,11.342936075212226,0,0.0,OPTIMAL,491919.32366695435,0.0
