cost,time,Pg,B,R,Pd,P0,P_rsrv,P_cul,status,cost_opt,peak_opt
30884.44530459977,3.156,0.0,0.0,0.0,0.0,10.343082821366298,0,0.0,OPTIMAL,479901.67791068193,0.0
