cost,time,Pg,B,R,Pd,P0,P_rsrv,P_cul,status,cost_opt,peak_opt
52327.046256924055,3.031,4.052220911442495,0.0,0.0,4.052220911442495,8.813718419559383,0,1.661241673736602e-15,OPTIMAL,557821.7415126169,0.0
