cost,time,Pg,B,R,Pd,P0,P_rsrv,P_cul,status,cost_opt,peak_opt
16955.466802140207,2.594,0.0,0.0,0.0,0.0,8.27095941567815,0,0.0,OPTIMAL,483268.07535016234,0.0
