cost,time,Pg,B,R,Pd,P0,P_rsrv,P_cul,status,cost_opt,peak_opt
107643.89686123925,3.984,0.9293971445965332,0.0,0.0,0.9293971445965332,12.317644680311162,0,0.0,OPTIMAL,666122.5675290796,0.0
