cost,time,Pg,B,R,Pd,P0,P_rsrv,P_cul,status,cost_opt,peak_opt
13787.758650932123,2.563,0.6319896871902921,0.0,0.0,0.6319896871902921,6.686594884060194,0,-3.1791518202706204e-15,OPTIMAL,479063.98853198485,0.0
