cost,time,Pg,B,R,Pd,P0,P_rsrv,P_cul,status,cost_opt,peak_opt
12963.083867955382,2.734,0.0,0.0,0.0,0.0,9.566851563066702,0,0.0,OPTIMAL,476515.85155882983,0.0
