cost,time,Pg,B,R,Pd,P0,P_rsrv,P_cul,status,cost_opt,peak_opt
22377.40940067101,3.672,7.156530591331265,0.0,0.0,7.156530591331265,5.145414900131296,0,-1.3483646436798086e-14,OPTIMAL,529379.9652321561,0.0
