cost,time,Pg,B,R,Pd,P0,P_rsrv,P_cul,status,cost_opt,peak_opt
15662.6806553605,2.906,7.658379812209562,0.0,0.0,7.658379812209562,4.494312957061837,0,9.025712035398703e-15,OPTIMAL,509233.9926296374,0.0
