cost,time,Pg,B,R,Pd,P0,P_rsrv,P_cul,status,cost_opt,peak_opt
15199.157230244187,2.844,0.0,0.0,0.0,0.0,7.7864534991005065,0,0.0,OPTIMAL,482817.23886348156,0.0
