cost,time,Pg,B,R,Pd,P0,P_rsrv,P_cul,status,cost_opt,peak_opt
8788.600519223804,2.578,8.309050597264745,0.0,0.0,8.309050597264745,2.7550471847096567,0,-4.061475548239324e-15,OPTIMAL,492560.7710519929,0.0
