cost,time,Pg,B,R,Pd,P0,P_rsrv,P_cul,status,cost_opt,peak_opt
8418.900908027521,2.609,5.613685681652914,0.0,0.0,5.613685681652914,3.250540891130317,0,7.662327803498181e-16,OPTIMAL,482161.3945613902,0.0
