cost,time,Pg,B,R,Pd,P0,P_rsrv,P_cul,status,cost_opt,peak_opt
40646.87132061282,3.219,0.0,0.0,0.0,0.0,11.272010904218751,0,0.0,OPTIMAL,489713.1020220802,0.0
