cost,time,Pg,B,R,Pd,P0,P_rsrv,P_cul,status,cost_opt,peak_opt
11907.848904751652,3.109,0.0,0.0,0.0,0.0,7.484505911220397,0,0.0,OPTIMAL,483721.14250016346,0.0
