cost,time,Pg,B,R,Pd,P0,P_rsrv,P_cul,status,cost_opt,peak_opt
14194.40643344428,22.484,5.1761285249667415,23.11199999999986,-0.9787049962037346,5.1761285249667415,6.437372532174276,0,1.3449527949682683e-16,OPTIMAL,462175.0353051368,2.007414986482968
