cost,time,Pg,B,R,Pd,P0,P_rsrv,P_cul,status,cost_opt,peak_opt
14162.431126201798,21.859,0.0,59.32499999999985,-0.46514894626031217,0.0,8.823944626917008,0,0.0,OPTIMAL,457614.82194154477,2.0229366212510933
