cost,time,Pg,B,R,Pd,P0,P_rsrv,P_cul,status,cost_opt,peak_opt
12336.906893582038,21.266,5.859373911188177,8.688999999999856,-1.1442875762377815,5.859373911188177,5.759527027816077,0,5.835718193403228e-16,OPTIMAL,460977.45473811147,2.0055593903794118
