cost,time,Pg,B,R,Pd,P0,P_rsrv,P_cul,status,cost_opt,peak_opt
14280.413414373783,23.641,6.444492054704219,38.31099999999983,-1.2410642626891448,6.444492054704219,5.33249193964667,0,1.0863976818847876e-15,OPTIMAL,464545.67626820435,2.0058424527220216
