cost,time,Pg,B,R,Pd,P0,P_rsrv,P_cul,status,cost_opt,peak_opt
36433.28811759529,26.156,1.3889284182959676,74.38499999999989,-0.03212870210421801,1.3889284182959676,10.852930627821058,0,5.48951888720145e-16,OPTIMAL,441669.7387642334,2.058320991847472
