cost,time,Pg,B,R,Pd,P0,P_rsrv,P_cul,status,cost_opt,peak_opt
7957.769294336086,22.937,6.045214937240319,74.85499999999988,1.566569064966923,6.045214937240319,3.171689635048261,0,-2.690989792109022e-16,OPTIMAL,464683.6479820204,2.0065928509509168
