cost,time,Pg,B,R,Pd,P0,P_rsrv,P_cul,status,cost_opt,peak_opt
57892.41113098758,20.672,0.446605401931031,53.815999999999775,0.2202145273759524,0.446605401931031,12.038347084838339,0,-1.9921876106242242e-16,OPTIMAL,440932.4052714298,2.0839824685605883
