cost,time,Pg,B,R,Pd,P0,P_rsrv,P_cul,status,cost_opt,peak_opt
15069.409455097855,22.515,0.0,68.49099999999984,-0.3968558580161572,0.0,9.138513920617257,0,0.0,OPTIMAL,458878.526899867,2.0270948440517316
