cost,time,Pg,B,R,Pd,P0,P_rsrv,P_cul,status,cost_opt,peak_opt
10493.956264578437,23.547,8.821066298604379,9.543999999999857,-1.6687718317203057,8.821066298604379,3.456507333523859,0,-4.665864049291368e-16,OPTIMAL,445218.94312557485,2.010118460048742
