cost,time,Pg,B,R,Pd,P0,P_rsrv,P_cul,status,cost_opt,peak_opt
8104.67067775992,28.125,0.0,60.54596698775204,3.749999999999982,0.0,4.402319759782683,0,0.0,OPTIMAL,451404.57276735967,2.0212391582008666
