cost,time,Pg,B,R,Pd,P0,P_rsrv,P_cul,status,cost_opt,peak_opt
12237.290136728972,21.156,4.568321836395665,58.3569999999999,-0.8599992321160356,4.568321836395665,7.041018490638074,0,-7.108300493358088e-16,OPTIMAL,464318.2440447898,2.0111119000749778
