cost,time,Pg,B,R,Pd,P0,P_rsrv,P_cul,status,cost_opt,peak_opt
40620.9680242534,17.891,0.0,25.67599999999987,0.22147023157228796,0.0,12.02159456177964,0,0.0,OPTIMAL,440052.56492015277,2.0799708700363997
