cost,time,Pg,B,R,Pd,P0,P_rsrv,P_cul,status,cost_opt,peak_opt
14533.412546831732,21.813,0.0,70.98799999999984,-0.44421805069694137,0.0,8.916204016461185,0,0.0,OPTIMAL,458155.9424344688,2.0241923146380465
