cost,time,Pg,B,R,Pd,P0,P_rsrv,P_cul,status,cost_opt,peak_opt
14618.564875621552,23.453,0.4542643839787599,19.463999999999864,-0.45496718408676745,0.4542643839787599,8.865109081638298,0,4.2002669788446245e-16,OPTIMAL,460324.33771524765,2.024345548410934
