cost,time,Pg,B,R,Pd,P0,P_rsrv,P_cul,status,cost_opt,peak_opt
39038.71451612325,23.375,0.6390177273061131,69.31799999999983,0.19387095743823607,0.6390177273061131,11.931147468252826,0,4.834152555251853e-16,OPTIMAL,441652.8901685176,2.0812698599379265
