cost,time,Pg,B,R,Pd,P0,P_rsrv,P_cul,status,cost_opt,peak_opt
33990.644802988456,17.515,0.0,2.378999999999861,0.08467470980572815,0.0,11.281329174573003,0,0.0,OPTIMAL,439693.78340218216,2.0472945342355846
