cost,time,Pg,B,R,Pd,P0,P_rsrv,P_cul,status,cost_opt,peak_opt
13384.370984089102,22.719,3.9735994473124627,67.70599999999985,-0.8752800000000005,3.9735994473124627,6.899160301076857,0,1.8241972602611733e-15,OPTIMAL,458496.9893006638,2.0088332306565464
