cost,time,Pg,B,R,Pd,P0,P_rsrv,P_cul,status,cost_opt,peak_opt
14115.511170840926,21.593,0.0,55.35599999999983,-0.4702046802235467,0.0,8.794711009869737,0,0.0,OPTIMAL,457507.40478709154,2.022666766304527
