cost,time,Pg,B,R,Pd,P0,P_rsrv,P_cul,status,cost_opt,peak_opt
12094.599067016949,20.906,4.474949711427993,19.061999999999873,-0.6098589433117362,4.474949711427993,6.887584890100769,0,6.075191348250963e-16,OPTIMAL,463583.97174587846,2.0119008027056866
