cost,time,Pg,B,R,Pd,P0,P_rsrv,P_cul,status,cost_opt,peak_opt
18314.47957837133,27.5,0.0,25.591999999999842,-0.2970593656209617,0.0,9.125301234863642,0,0.0,OPTIMAL,445120.3311736318,1.9463265847348756
