cost,time,Pg,B,R,Pd,P0,P_rsrv,P_cul,status,cost_opt,peak_opt
34519.48094515651,17.797,0.0,10.876999999999867,0.13718116956628645,0.0,11.599287952001514,0,0.0,OPTIMAL,440403.82145842724,2.0655467824933074
