cost,time,Pg,B,R,Pd,P0,P_rsrv,P_cul,status,cost_opt,peak_opt
13570.13863481157,21.672,0.0,30.328999999999862,-0.5104824723168587,0.0,8.599580883911008,0,0.0,OPTIMAL,456853.14682983747,2.020659303751604
