cost,time,Pg,B,R,Pd,P0,P_rsrv,P_cul,status,cost_opt,peak_opt
14170.123952486227,25.062,0.0,22.586173087099482,-0.4384156070327382,0.0,8.940141294943992,0,0.0,OPTIMAL,424985.7012846577,2.0249094804042196
