cost,time,Pg,B,R,Pd,P0,P_rsrv,P_cul,status,cost_opt,peak_opt
11392.996025232931,25.359,0.0,56.259107948401194,-0.5060231862605661,0.0,8.631057594873432,0,0.0,OPTIMAL,450955.7424083499,2.0210689982565193
