cost,time,Pg,B,R,Pd,P0,P_rsrv,P_cul,status,cost_opt,peak_opt
19734.212019254464,27.406,0.0,11.076999999999861,-0.19882668723285044,0.0,9.589024304788369,0,0.0,OPTIMAL,443021.8727940379,1.9537891236992466
