cost,time,Pg,B,R,Pd,P0,P_rsrv,P_cul,status,cost_opt,peak_opt
15054.828097610505,25.578,6.843426244651687,60.77599999999983,-1.3210034491481197,6.843426244651687,4.973514402910639,0,-2.1407029794640042e-15,OPTIMAL,444435.95051230723,2.0053672041789308
