cost,time,Pg,B,R,Pd,P0,P_rsrv,P_cul,status,cost_opt,peak_opt
12833.416533131429,24.938,0.0,43.545538047104294,-0.4975914967908434,0.0,8.671227387250966,0,0.0,OPTIMAL,450091.3910230121,2.0214471072512303
