cost,time,Pg,B,R,Pd,P0,P_rsrv,P_cul,status,cost_opt,peak_opt
22117.605834880625,23.25,0.0,2.52799999999986,-0.09042635063231436,0.0,10.09475391824766,0,0.0,OPTIMAL,441597.76974904374,1.9632230271754751
