cost,time,Pg,B,R,Pd,P0,P_rsrv,P_cul,status,cost_opt,peak_opt
35277.261479244626,16.703,0.0,17.697999999999862,0.1879470022679958,0.0,11.861890208219446,0,0.0,OPTIMAL,438845.022029493,2.0743784001234924
