cost,time,Pg,B,R,Pd,P0,P_rsrv,P_cul,status,cost_opt,peak_opt
18979.63796285531,23.86,0.0,36.29199999999985,-0.36521895697438345,0.0,8.811345386655205,0,0.0,OPTIMAL,445450.01794236945,1.9422283182566924
