cost,time,Pg,B,R,Pd,P0,P_rsrv,P_cul,status,cost_opt,peak_opt
35204.44335631507,16.844,0.0,16.21299999999985,0.18700578229260362,0.0,11.853347931419215,0,0.0,OPTIMAL,438970.4540311876,2.073493973121456
