cost,time,Pg,B,R,Pd,P0,P_rsrv,P_cul,status,cost_opt,peak_opt
9286.759379778776,44.344,8.511454314099751,61.837999999999845,-1.57944,8.511454314099751,3.7386309902491046,0,-4.630085377599347e-16,OPTIMAL,465112.2468339347,2.0093939774964893
