cost,time,Pg,B,R,Pd,P0,P_rsrv,P_cul,status,cost_opt,peak_opt
-4914.973475437469,25.547,11.448140571782991,74.99999999999989,1.2647535066436488,11.448140571782991,-1.9778565293510937,0,1.605486577016535e-15,OPTIMAL,465381.0123877181,2.0272854915946223
