cost,time,Pg,B,R,Pd,P0,P_rsrv,P_cul,status,cost_opt,peak_opt
12794.439737451092,25.844,0.0,47.76395144986986,-0.5033749806776652,0.0,8.639054515497023,0,0.0,OPTIMAL,450357.6584283947,2.021149902575262
