cost,time,Pg,B,R,Pd,P0,P_rsrv,P_cul,status,cost_opt,peak_opt
12484.768076545288,22.422,0.0,45.71672366190903,-0.4816002953552912,0.0,8.742834787496701,0,0.0,OPTIMAL,446096.6289248427,2.022530113249138
