cost,time,Pg,B,R,Pd,P0,P_rsrv,P_cul,status,cost_opt,peak_opt
-8111.613683378444,24.578,9.11100148337188,40.68799999999988,3.749999999999981,9.11100148337188,-2.327579249176024,0,-6.1257422745431e-17,OPTIMAL,444564.4021173329,2.0118599396156864
