cost,time,Pg,B,R,Pd,P0,P_rsrv,P_cul,status,cost_opt,peak_opt
15112.768995425537,23.203,6.0002448990874075,65.40399999999983,-1.1360274445104561,6.0002448990874075,5.80367472942609,0,1.566888979676051e-15,OPTIMAL,464960.1058240463,2.0065790152160936
