cost,time,Pg,B,R,Pd,P0,P_rsrv,P_cul,status,cost_opt,peak_opt
7870.07394566456,23.75,2.956321713301904,74.99999999999989,3.749999999999982,2.956321713301904,3.5482749980453376,0,-1.7509322984554654e-15,OPTIMAL,459403.2982428509,2.0164579251355135
