cost,time,Pg,B,R,Pd,P0,P_rsrv,P_cul,status,cost_opt,peak_opt
41338.95490806433,18.172,0.0,33.06599999999983,0.2506415560615146,0.0,12.180010285228148,0,0.0,OPTIMAL,440229.0896000634,2.0850285273657496
