cost,time,Pg,B,R,Pd,P0,P_rsrv,P_cul,status,cost_opt,peak_opt
14256.132627827785,25.953,0.0,26.320555153346383,-0.4463159678246428,0.0,8.910082892392365,0,0.0,OPTIMAL,425253.56485152966,2.024636887055792
