cost,time,Pg,B,R,Pd,P0,P_rsrv,P_cul,status,cost_opt,peak_opt
38368.07372233212,25.922,1.0168119533320823,72.72899999999987,0.09268404657725964,1.0168119533320823,11.442908953871793,0,3.030954935819008e-16,OPTIMAL,441488.6161462744,2.070811839395833
