cost,time,Pg,B,R,Pd,P0,P_rsrv,P_cul,status,cost_opt,peak_opt
33059.85197077267,18.86,0.0,4.084999999999861,0.11993675399603515,0.0,11.463194164622978,0,0.0,OPTIMAL,439794.23095857864,2.0539691257851636
