cost,time,Pg,B,R,Pd,P0,P_rsrv,P_cul,status,cost_opt,peak_opt
7799.701080242201,22.718,0.0,43.85599999999987,3.749999999999981,0.0,4.264462044965665,0,0.0,OPTIMAL,454953.74007994495,2.019740583868873
