cost,time,Pg,B,R,Pd,P0,P_rsrv,P_cul,status,cost_opt,peak_opt
32749.24748554517,18.172,0.0,3.182999999999858,0.10852850709387826,0.0,11.398972323545134,0,0.0,OPTIMAL,439760.6160484557,2.051020148001746
