cost,time,Pg,B,R,Pd,P0,P_rsrv,P_cul,status,cost_opt,peak_opt
11719.290933109656,21.718,0.0,74.99999999999989,2.0972934415861135,0.0,6.471171139210191,0,0.0,OPTIMAL,458370.59570939024,2.025122492255022
