cost,time,Pg,B,R,Pd,P0,P_rsrv,P_cul,status,cost_opt,peak_opt
23106.06197465541,21.953,0.0,0.3799999999998588,-0.06286719804739488,0.0,10.228447089267556,0,0.0,OPTIMAL,441464.07905438426,1.9659850996285846
