cost,time,Pg,B,R,Pd,P0,P_rsrv,P_cul,status,cost_opt,peak_opt
14268.46658344738,22.5,0.0,0.1399999999998554,-0.5038250554394561,0.0,8.642317736794293,0,0.0,OPTIMAL,456201.8273093458,2.0207575117255887
