cost,time,Pg,B,R,Pd,P0,P_rsrv,P_cul,status,cost_opt,peak_opt
9043.03366825187,21.688,6.885115275120624,74.99999999999989,0.0,6.885115275120624,3.892825513668476,0,-6.828576332856828e-16,OPTIMAL,464326.1852872232,2.0063928270530695
