cost,time,Pg,B,R,Pd,P0,P_rsrv,P_cul,status,cost_opt,peak_opt
13825.290613439929,23.078,0.0,8.721999999999857,-0.5097540716230748,0.0,8.613888232672853,0,0.0,OPTIMAL,456398.2917830867,2.0205268077970495
