cost,time,Pg,B,R,Pd,P0,P_rsrv,P_cul,status,cost_opt,peak_opt
11670.66716754261,24.469,8.188341235390904,23.54999999999983,-1.5477436020355602,8.188341235390904,3.992701733678621,0,-6.337161698177773e-17,OPTIMAL,444081.6353023639,2.009384326282117
