cost,time,Pg,B,R,Pd,P0,P_rsrv,P_cul,status,cost_opt,peak_opt
13702.450289326029,26.578,0.0,31.06794182880705,-0.4768227545275669,0.0,8.766762821065917,0,0.0,OPTIMAL,449388.8096299928,2.022344713454668
