cost,time,Pg,B,R,Pd,P0,P_rsrv,P_cul,status,cost_opt,peak_opt
13501.6689258758,23.938,0.6703752755038069,27.063999999999865,-0.4809738689193271,0.6703752755038069,8.744604226603498,0,-4.51654908134938e-16,OPTIMAL,460104.2157716255,2.0231568891913296
