cost,time,Pg,B,R,Pd,P0,P_rsrv,P_cul,status,cost_opt,peak_opt
-2213.3083950352743,24.11,7.341828129574032,71.83199999999988,3.749999999999982,7.341828129574032,-0.6350956657203082,0,-1.4435067724472006e-15,OPTIMAL,443474.26555131096,2.006299745290579
