cost,time,Pg,B,R,Pd,P0,P_rsrv,P_cul,status,cost_opt,peak_opt
-7897.337055339603,25.062,11.90664827402159,60.4469999999998,1.597137637378958,11.90664827402159,-2.881188272652172,0,-9.121392877120549e-16,OPTIMAL,465688.09707819624,2.034447624070487
