cost,time,Pg,B,R,Pd,P0,P_rsrv,P_cul,status,cost_opt,peak_opt
13008.455029158973,26.078,0.0,49.80626248744152,-0.4733444162842217,0.0,8.783561802268043,0,0.0,OPTIMAL,446568.6184650038,2.022979547612814
