cost,time,Pg,B,R,Pd,P0,P_rsrv,P_cul,status,cost_opt,peak_opt
34127.63816542165,24.141,1.3376494890976556,71.86199999999985,-0.0837777482830425,1.3376494890976556,10.611827787755491,0,9.211246132165285e-16,OPTIMAL,441847.23443073034,2.0536827879360584
