cost,time,Pg,B,R,Pd,P0,P_rsrv,P_cul,status,cost_opt,peak_opt
14254.06161971416,21.094,4.6477456744277905,18.32899999999986,-0.9031192990779898,4.6477456744277905,6.836480393148278,0,-6.871131268126884e-17,OPTIMAL,461247.00294178165,2.009168508640339
