cost,time,Pg,B,R,Pd,P0,P_rsrv,P_cul,status,cost_opt,peak_opt
9477.115738475815,23.172,0.0013623126381083015,74.99999999999989,3.749999999999982,0.0013623126381083015,4.9411448062960455,0,-1.9610422091536836e-16,OPTIMAL,459138.9101709509,2.026984818821855
