cost,time,Pg,B,R,Pd,P0,P_rsrv,P_cul,status,cost_opt,peak_opt
17920.21648597404,23.735,5.350861723646202,26.084999999999855,-0.98882625014759,5.350861723646202,6.041880136875941,0,3.9155961459313993e-16,OPTIMAL,461216.8995535702,2.006939827592138
