cost,time,Pg,B,R,Pd,P0,P_rsrv,P_cul,status,cost_opt,peak_opt
45484.709343522394,16.406,0.0,23.902999999999864,0.2007606173695309,0.0,11.931980415404617,0,0.0,OPTIMAL,439920.4176282906,2.0776458869854775
