cost,time,Pg,B,R,Pd,P0,P_rsrv,P_cul,status,cost_opt,peak_opt
41375.33108836855,23.156,0.2805556397683153,63.5239999999998,0.26512326043021256,0.2805556397683153,12.262990838283505,0,-4.803041035099202e-16,OPTIMAL,441980.50184051483,2.0893992119226947
