cost,time,Pg,B,R,Pd,P0,P_rsrv,P_cul,status,cost_opt,peak_opt
20622.343474885125,25.219,4.081076132610821,74.96199999999989,-0.0045600000000000016,4.081076132610821,6.408434889647335,0,1.2719046735970574e-16,OPTIMAL,450956.9581615564,2.0119305931197453
