cost,time,Pg,B,R,Pd,P0,P_rsrv,P_cul,status,cost_opt,peak_opt
14233.963546620074,24.219,0.0,37.49999999999994,-0.405050128118849,0.0,9.100999710115136,0,0.0,OPTIMAL,423073.6502008871,2.027211011396131
