cost,time,Pg,B,R,Pd,P0,P_rsrv,P_cul,status,cost_opt,peak_opt
22229.881942043245,23.547,0.0,1.7649999999998596,-0.07961166395657795,0.0,10.150631023764038,0,0.0,OPTIMAL,441523.4411644356,1.9639749499740184
