cost,time,Pg,B,R,Pd,P0,P_rsrv,P_cul,status,cost_opt,peak_opt
12803.682162131285,25.875,0.0,52.027225686588665,-0.5002351658769587,0.0,8.656985910839273,0,0.0,OPTIMAL,450653.837203444,2.0212558615904195
