cost,time,Pg,B,R,Pd,P0,P_rsrv,P_cul,status,cost_opt,peak_opt
16777.980040036666,22.297,3.2699559654555523,49.86899999999983,-0.6973614610086905,3.2699559654555523,7.7711811209062835,0,2.1563697008564198e-15,OPTIMAL,460130.41754933423,2.0154533911949306
