cost,time,Pg,B,R,Pd,P0,P_rsrv,P_cul,status,cost_opt,peak_opt
17981.96957417889,23.328,4.531008208754452,74.99999999999989,0.20612275371766417,4.531008208754452,5.5775339870281915,0,1.7602022270302164e-15,OPTIMAL,449897.5971570108,2.008520921173759
