cost,time,Pg,B,R,Pd,P0,P_rsrv,P_cul,status,cost_opt,peak_opt
18781.283137451726,26.359,5.831572566248432,67.49499999999985,-0.9005999999999996,5.831572566248432,5.856340236187005,0,9.217073718842395e-16,OPTIMAL,440476.4204726785,2.006583591847411
