cost,time,Pg,B,R,Pd,P0,P_rsrv,P_cul,status,cost_opt,peak_opt
-998.4913614865899,22.235,10.720940444774895,74.99999999999989,0.0,10.720940444774895,-0.35508227648882995,0,1.6787244337679308e-15,OPTIMAL,462478.99242154974,2.023068685617473
