cost,time,Pg,B,R,Pd,P0,P_rsrv,P_cul,status,cost_opt,peak_opt
17472.36279621379,23.672,6.202418573766316,55.37899999999982,-1.2112507637130399,6.202418573766316,5.460113373816809,0,-1.1040701772963013e-15,OPTIMAL,445783.2130912086,2.005447421199898
