cost,time,Pg,B,R,Pd,P0,P_rsrv,P_cul,status,cost_opt,peak_opt
39771.33962745107,22.078,0.6259901459245453,57.22999999999984,0.19062943081602962,0.6259901459245453,11.911152928257282,0,2.0568941515308747e-15,OPTIMAL,440748.99765421497,2.0811964738926814
