cost,time,Pg,B,R,P0,P_rsrv,status
1553.6084931079492,231.844,-0.0,19.25999999999993,-0.14956607641986858,3.3061361796941644,0.043,SLOW_PROGRESS
