cost,time,Pg,B,R,P0,P_rsrv,status
2117.783769352607,131.641,-0.0,29.520000000000095,0.15028115895554203,3.3966058850883845,1.536,SLOW_PROGRESS
