cost,time,Pg,B,R,P0,P_rsrv,status
1085.8044660634118,474.313,-0.0,24.47999999999991,0.1503825204019547,2.9485525215571267,6.223,SLOW_PROGRESS
