cost,time,Pg,B,R,P0,P_rsrv,status
1354.7752319559033,301.859,0.8466436220075684,32.17199999999995,0.15018503698592092,4.206622886011362,12.032,SLOW_PROGRESS
