cost,time,Pg,B,R,P0,P_rsrv,status
1200.7583943065729,254.047,-0.0,32.58000000000004,-0.149586873404492,3.6936941121965847,0.003,SLOW_PROGRESS
