cost,time,Pg,B,R,P0,P_rsrv,status
-1507.184393512725,234.516,6.806102907120306,25.200000000000053,0.15013143340030818,-2.5878158941121634,0.003,SLOW_PROGRESS
