cost,time,Pg,B,R,P0,P_rsrv,status
1097.6700880263652,198.109,-0.0,4.319999999999989,-0.15041874788623735,3.718814527474981,0.0,SLOW_PROGRESS
