cost,time,Pg,B,R,P0,P_rsrv,status
1214.0052019354118,307.266,-0.0,5.219999999999981,0.15255795744513612,4.000017139820138,0.0,SLOW_PROGRESS
