cost,time,Pg,B,R,P0,P_rsrv,status
947.6076162803056,246.625,-0.0,37.43999999999985,-0.15057450519750462,3.5613189462460593,0.002,SLOW_PROGRESS
