cost,time,Pg,B,R,P0,P_rsrv,status
702.0178099620681,220.813,-0.0,9.359999999999955,-0.15059637300794648,3.7357932237449303,0.0,SLOW_PROGRESS
