cost,time,Pg,B,R,P0,P_rsrv,status
926.1188784265876,254.453,-0.0,31.31999999999992,-0.15010501496854115,3.4664462074607143,0.003,SLOW_PROGRESS
