cost,time,Pg,B,R,P0,P_rsrv,status
1008.0021390357576,367.39,0.41298404449339166,34.20000000000005,0.15031108360467096,2.988037633394332,0.007,SLOW_PROGRESS
