cost,time,Pg,B,R,P0,P_rsrv,status
841.7132830334147,286.641,-0.0,30.77999999999992,0.15006169118080048,3.0973809863235133,3.266,SLOW_PROGRESS
