cost,time,Pg,B,R,P0,P_rsrv,status
1096.7644871949278,263.922,-0.0,45.0,0.15515476694960664,3.491953793138534,41.658,SLOW_PROGRESS
