cost,time,Pg,B,R,P0,P_rsrv,status
11.404776776368648,210.484,4.592866245843289,25.740000000000073,0.1498353389367858,-0.27725426895453764,0.0,SLOW_PROGRESS
