cost,time,Pg,B,R,P0,P_rsrv,status
1238.230996110808,142.797,-0.0,24.30000000000007,-0.15028771159917736,3.310778064467401,9.655,SLOW_PROGRESS
