cost,time,Pg,B,R,P0,P_rsrv,status
-295.5901959733739,204.797,5.871333888531084,37.75200000000008,0.1504490280271958,-1.4843254719420742,30.295,SLOW_PROGRESS
