cost,time,Pg,B,R,P0,P_rsrv,status
1590.0440695658237,192.422,-0.0,17.28000000000001,0.14978724094988774,3.0224186337382997,0.004,SLOW_PROGRESS
