cost,time,Pg,B,R,P0,P_rsrv,status
-128.7079283157807,345.047,4.147011561768908,32.040000000000106,-0.16376860192877557,-0.2568107423109807,2.513,SLOW_PROGRESS
