cost,time,Pg,B,R,P0,P_rsrv,status
1129.6724769603888,243.281,1.7396230509672959,32.891999999999946,-0.16815928786960385,3.7012189335544647,0.021,SLOW_PROGRESS
