cost,time,Pg,B,R,P0,P_rsrv,status
1164.730598294027,135.657,-0.0,23.040000000000017,-0.15007088364050392,3.1614492602416475,0.01,SLOW_PROGRESS
