cost,time,Pg,B,R,P0,P_rsrv,status
2096.081614213457,203.735,-0.0,7.3799999999999475,0.14870802649368117,4.626260689821867,0.0,SLOW_PROGRESS
