cost,time,Pg,B,R,P0,P_rsrv,status
-2138.7506345846305,136.703,11.334852787519306,30.0120000000001,-0.1502820497411171,-6.772699875640781,7.627,SLOW_PROGRESS
