cost,time,Pg,B,R,P0,P_rsrv,status
229.8064562398914,297.218,3.624600922043332,33.47999999999999,0.1503206704013351,0.2526719629179031,2.395,SLOW_PROGRESS
