cost,time,Pg,B,R,P0,P_rsrv,status
-116.03847573921735,126.328,4.9326521381852535,25.200000000000053,-0.14905836080682408,-0.4382760555298803,4.52,SLOW_PROGRESS
