cost,time,Pg,B,R,P0,P_rsrv,status
-2798.8318970705704,187.188,9.550888417237529,26.935999999999975,0.15016748325178708,-5.431347452543228,15.924,SLOW_PROGRESS
