cost,time,Pg,B,R,P0,P_rsrv,status
35.61277955432093,161.297,4.430844833434064,25.200000000000053,0.1494655815592419,-0.14173542982548637,2.618,SLOW_PROGRESS
