cost,time,Pg,B,R,P0,P_rsrv,status
-1957.2693737141694,147.734,12.24010760290133,28.752000000000006,-0.15045907930005184,-7.850389306105318,4.919,SLOW_PROGRESS
