cost,time,Pg,B,R,P0,P_rsrv,status
1233.060977799297,162.125,-0.0,26.280000000000094,0.15033497653350072,3.3057935061643358,2.448,SLOW_PROGRESS
