cost,time,Pg,B,R,P0,P_rsrv,status
1391.631676908444,309.282,-0.0,1.79999999999997,0.14798713813518377,4.0651363492943835,0.0,SLOW_PROGRESS
