cost,time,Pg,B,R,P0,P_rsrv,status
1083.9783352007416,356.938,0.3551320343436788,33.47999999999999,-0.15024422282528693,3.603939139638129,0.0,SLOW_PROGRESS
