cost,time,Pg,B,R,P0,P_rsrv,status
-1513.4200519748713,150.406,10.728938873764882,26.735999999999986,0.14999392735747455,-6.449063287015759,2.793,SLOW_PROGRESS
