cost,time,Pg,B,R,P0,P_rsrv,status
1213.9225383081177,218.344,-0.0,6.84,-0.1501274187582465,3.8793796164307364,0.0,SLOW_PROGRESS
