cost,time,Pg,B,R,P0,P_rsrv,status
804.7377296182367,261.219,-0.0,22.319999999999958,-0.1525407583218625,3.423201969308345,0.051,SLOW_PROGRESS
