cost,time,Pg,B,R,P0,P_rsrv,status
956.3641495859065,262.047,-0.0,36.359999999999815,0.15274309114624432,3.254784400178922,5.884,SLOW_PROGRESS
