cost,time,Pg,B,R,P0,P_rsrv,status
1295.596621988429,221.532,1.2527822824488168,26.77200000000001,0.08028124330977729,3.962070657558196,11.174,SLOW_PROGRESS
