cost,time,Pg,B,R,P0,P_rsrv,status
1158.4960559396714,131.141,-0.0,25.559999999999917,0.15019999384386268,3.144526729535412,0.007,SLOW_PROGRESS
