cost,time,Pg,B,R,P0,P_rsrv,status
1207.123157518545,271.531,-0.0,7.3799999999999475,0.15036774806979214,3.8586781806666335,0.003,SLOW_PROGRESS
