cost,time,Pg,B,R,P0,P_rsrv,status
1383.6266647954483,280.438,-0.0,0.719999999999975,-0.03856417567986138,4.406454346482319,0.002,SLOW_PROGRESS
