cost,time,Pg,B,R,P0,P_rsrv,status
-352.01231339573377,181.5,5.679795009463439,26.48799999999994,0.1500711755240214,-1.5293305021529253,0.0,SLOW_PROGRESS
