cost,time,Pg,B,R,P0,P_rsrv,status
303.4012110561049,208.172,3.8695027394162755,25.9199999999999,0.1502337461461703,0.2041331989851281,4.346,SLOW_PROGRESS
