cost,time,Pg,B,R,P0,P_rsrv,status
-811.596981657344,175.047,7.330110911877516,26.667999999999967,-0.09695090293961875,-2.9468166016373054,0.0,SLOW_PROGRESS
