cost,time,Pg,B,R,P0,P_rsrv,status
-323.58854030311244,265.015,5.1023693310668525,25.37999999999988,-0.10603003603386009,-0.7691703454467848,0.0,SLOW_PROGRESS
