cost,time,Pg,B,R,P0,P_rsrv,status
910.203658152016,189.875,-0.0,38.70000000000009,0.15030383553567847,3.2780443871020988,0.008,SLOW_PROGRESS
