cost,time,Pg,B,R,P0,P_rsrv,status
-1214.01769645292,145.656,8.92782145484544,24.971999999999916,-0.1492915260401348,-4.531893594707029,15.276,SLOW_PROGRESS
