cost,time,Pg,B,R,P0,P_rsrv,status
914.5390090162077,206.25,-0.0,30.600000000000136,-0.07475404703990608,3.378838703261852,0.003,SLOW_PROGRESS
