cost,time,Pg,B,R,P0,P_rsrv,status
804.5234132350334,200.797,-0.0,19.440000000000033,-0.15194922977222639,3.4953949887112246,0.895,SLOW_PROGRESS
