cost,time,Pg,B,R,P0,P_rsrv,status
-328.1554883906132,294.015,6.495774275690021,37.93199999999994,-0.15021465722013078,-1.730223900390501,0.001,SLOW_PROGRESS
