cost,time,Pg,B,R,P0,P_rsrv,status
1545.2834114946781,286.485,-0.0,6.663999999999985,0.12616602154305248,4.633533467750159,2.679,SLOW_PROGRESS
