cost,time,Pg,B,R,P0,P_rsrv,status
1251.533539548163,192.468,1.0004004435733571,33.251999999999974,0.14945567878292879,3.8244832397293536,0.003,SLOW_PROGRESS
