cost,time,Pg,B,R,P0,P_rsrv,status
1163.8822885562831,350.157,-0.0,9.53999999999996,-0.1644073804574311,3.720454838219339,4.283,SLOW_PROGRESS
