cost,time,Pg,B,R,P0,P_rsrv,status
2209.4972310187445,164.453,-0.0,8.459999999999964,0.1507660116448463,4.681964819393419,0.0,SLOW_PROGRESS
