cost,time,Pg,B,R,P0,P_rsrv,status
1446.6356752781878,208.484,-0.0,2.6999999999999704,-0.1498380774662775,4.342078064866998,0.0,SLOW_PROGRESS
