cost,time,Pg,B,R,P0,P_rsrv,status
1406.2052750821472,222.86,-0.0,1.9039999999999748,-0.08150031170473462,4.477172539396595,0.0,SLOW_PROGRESS
