cost,time,Pg,B,R,P0,P_rsrv,status
875.6281790614509,286.0,-0.0,25.01999999999992,-0.15097533481874575,3.4082186664733736,0.018,SLOW_PROGRESS
