cost,time,Pg,B,R,P0,P_rsrv,status
-155.47744468481423,344.641,4.010840682686302,29.159999999999872,0.1502737775640427,-0.19180139830055534,6.345,SLOW_PROGRESS
