cost,time,Pg,B,R,P0,P_rsrv,status
-1541.2395907886657,171.61,7.292097023284748,19.799999999999915,0.15019890563423585,-3.0222606572466284,0.003,SLOW_PROGRESS
