cost,time,Pg,B,R,P0,P_rsrv,status
1138.404182203442,220.406,-0.0,29.880000000000056,-0.1544430462951478,3.660463608371196,0.122,SLOW_PROGRESS
