cost,time,Pg,B,R,P0,P_rsrv,status
-2299.676850204176,307.86,14.613533729394838,22.415999999999976,-0.1500523799615777,-10.03635882294347,4.392,SLOW_PROGRESS
