cost,time,Pg,B,R,P0,P_rsrv,status
-1173.0645107704986,221.422,9.24842158062576,20.159999999999947,-0.15021807120846337,-4.385759573220469,0.0,SLOW_PROGRESS
