cost,time,Pg,B,R,P0,P_rsrv,status
1143.4528191379275,215.719,-0.0,21.239999999999963,0.1500840372167767,3.0655571558657577,4.899,SLOW_PROGRESS
