cost,time,Pg,B,R,P0,P_rsrv,status
1640.7812948236608,181.218,-0.0,12.060000000000006,-0.14980477821042593,5.2365360473095555,0.0,SLOW_PROGRESS
