cost,time,Pg,B,R,P0,P_rsrv,status
1369.4674977729073,195.625,-0.0,7.743999999999991,0.15045828772932981,4.3881468553471,0.018,SLOW_PROGRESS
