cost,time,Pg,B,R,P0,P_rsrv,status
-1890.657899061189,171.0,7.9080482905639515,18.71999999999992,0.15027658731365523,-3.8088626492586286,17.534,SLOW_PROGRESS
