cost,time,Pg,B,R,P0,P_rsrv,status
806.1371424851334,279.641,-0.0,17.999999999999975,-0.15134541821577585,3.524096797749217,0.344,SLOW_PROGRESS
