cost,time,Pg,B,R,P0,P_rsrv,status
1364.5250450513508,253.188,-0.0,4.683999999999967,0.15031158846691284,4.335266227327564,0.0,SLOW_PROGRESS
