cost,time,Pg,B,R,P0,P_rsrv,status
917.0671604464587,207.078,-0.0,38.34000000000007,0.15032574682680652,3.2723181461068997,0.115,SLOW_PROGRESS
