cost,time,Pg,B,R,P0,P_rsrv,status
74.95083656584187,140.484,4.726620878813508,22.627999999999986,-0.14977581558142716,-0.2532600522374204,4.469,SLOW_PROGRESS
