cost,time,Pg,B,R,P0,P_rsrv,status
-4135.305130443787,231.0,17.284869030218175,26.459999999999905,0.15014330426221434,-13.271296997383878,2.314,SLOW_PROGRESS
