cost,time,Pg,B,R,P0,P_rsrv,status
857.9426368578602,257.922,-0.0,34.02,0.15039306882552386,3.1378578611076877,2.792,SLOW_PROGRESS
