cost,time,Pg,B,R,P0,P_rsrv,status
1610.560414098274,257.906,0.09820579863734583,21.90399999999997,0.15101024752596862,5.0300299068397045,10.868,SLOW_PROGRESS
