cost,time,Pg,B,R,P0,P_rsrv,status
1838.8872903730928,290.968,-0.0,3.959999999999965,0.15033856789310984,4.036335738883687,0.027,SLOW_PROGRESS
