cost,time,Pg,B,R,P0,P_rsrv,status
1763.2073546918762,178.953,1.7240045223986764,37.21200000000006,0.1503304823605096,3.066266504643541,0.0,SLOW_PROGRESS
