cost,time,Pg,B,R,P0,P_rsrv,status
-387.05168729357143,244.218,6.214938702322939,23.712000000000053,-0.15023676764283828,-1.6352008225922008,0.0,SLOW_PROGRESS
