cost,time,Pg,B,R,P0,P_rsrv,status
-1334.8646529209113,265.0,7.255401881225318,39.372000000000085,0.15049281317972696,-2.7191302554694396,0.001,SLOW_PROGRESS
