cost,time,Pg,B,R,P0,P_rsrv,status
4491.88163961862,207.063,-0.0,17.395999999999976,0.1500339650682084,4.842570314933481,0.0,SLOW_PROGRESS
