cost,time,Pg,B,R,P0,P_rsrv,status
1095.2609176642036,231.969,-0.0,31.679999999999865,0.15020383451325536,3.1442897157824024,4.723,SLOW_PROGRESS
