cost,time,Pg,B,R,P0,P_rsrv,status
863.1757432341986,342.844,-0.0,20.879999999999946,-0.1517961107272955,3.6717862172316145,0.043,SLOW_PROGRESS
