cost,time,Pg,B,R,P0,P_rsrv,status
72.77605995651767,201.5,4.270398406211741,26.459999999999905,0.15047581649838426,-0.11104235636975887,2.047,SLOW_PROGRESS
