cost,time,Pg,B,R,P0,P_rsrv,status
1220.9376143726363,237.766,1.1077927199874786,31.091999999999917,0.1503927950995489,3.897656531177846,0.004,SLOW_PROGRESS
