cost,time,Pg,B,R,P0,P_rsrv,status
498.96891321562964,325.953,2.428758289328847,36.54,0.1502076020108041,1.1784620386183178,26.054,SLOW_PROGRESS
