cost,time,Pg,B,R,P0,P_rsrv,status
1189.6225252300383,122.718,-0.0,24.120000000000047,0.15017101872834743,3.1893365287668587,4.398,SLOW_PROGRESS
