cost,time,Pg,B,R,P0,P_rsrv,status
-2762.21557849227,205.406,9.75691705827823,20.879999999999946,0.15018820024442353,-5.471261077012928,0.0,SLOW_PROGRESS
