cost,time,Pg,B,R,P0,P_rsrv,status
1430.3453517989603,293.484,-0.0,22.319999999999958,0.1487076737483668,3.0454478746606677,0.025,SLOW_PROGRESS
