cost,time,Pg,B,R,P0,P_rsrv,status
2289.497171249096,305.422,-0.0,10.799999999999994,0.1559294231964227,4.851486147799603,2.594,SLOW_PROGRESS
