cost,time,Pg,B,R,P0,P_rsrv,status
-929.1380580711165,199.546,7.6058796784971845,26.280000000000094,0.150065688316835,-3.4238107811507277,0.001,SLOW_PROGRESS
