cost,time,Pg,B,R,P0,P_rsrv,status
1336.1048873414748,197.266,-0.0,3.599999999999985,-0.1510083791032754,4.265298922079728,0.0,SLOW_PROGRESS
