cost,time,Pg,B,R,P0,P_rsrv,status
1048.2285446982828,207.485,-0.0,5.579999999999958,-0.150233627964116,3.631276713735391,0.0,SLOW_PROGRESS
