cost,time,Pg,B,R,P0,P_rsrv,status
-984.1908058002091,172.625,8.967277958348658,25.656,0.15000640123693412,-4.595682204268458,3.025,SLOW_PROGRESS
