cost,time,Pg,B,R,P0,P_rsrv,status
-1592.57410459603,148.093,11.322846348461882,27.49199999999994,-0.1501654043372127,-6.82009717702218,4.702,SLOW_PROGRESS
