cost,time,Pg,B,R,P0,P_rsrv,status
947.9656584158423,289.0,-0.0,35.10000000000004,0.1503275474916477,3.3926596781956784,3.469,SLOW_PROGRESS
