cost,time,Pg,B,R,P0,P_rsrv,status
-102.33047886282635,124.25,5.047035832017669,23.888,-0.14529369548431414,-0.7754520043457748,4.278,SLOW_PROGRESS
