cost,time,Pg,B,R,P0,P_rsrv,status
1056.0283234735716,153.282,-0.0,27.36000000000004,-0.15028647364974784,3.644618890331567,0.007,SLOW_PROGRESS
