cost,time,Pg,B,R,P0,P_rsrv,status
100.2797170728686,0.8237550258636475,0,3,0.000239960874138796,0.24115362823134734,0,OPTIMAL
