cost,time,Pg,B,R,Pd,P0,P_rsrv,P_cul,status,cost_opt,peak_opt
19536.152265268753,18.562,3.8347027907187647,31.44200000000003,2.272545403027934,3.8347027907187647,6.600051440969173,0,-6.319678938146445e-16,OPTIMAL,593435.7646554534,0.0
