cost,time,Pg,B,R,Pd,P0,P_rsrv,P_cul,status,cost_opt,peak_opt
43448.79348748607,17.469,1.2666067451849898,31.46100000000005,-1.474680000000001,1.2666067451849898,13.278971114757358,0,3.0395442734206402e-15,OPTIMAL,606302.3928392895,0.0
