cost,time,Pg,B,R,Pd,P0,P_rsrv,P_cul,status,cost_opt,peak_opt
47057.806038470895,17.953,0.0,0.19600000000000767,-3.749544214948237,0.0,15.812434824755005,0,0.0,OPTIMAL,604758.5488689726,0.0
