cost,time,Pg,B,R,Pd,P0,P_rsrv,P_cul,status,cost_opt,peak_opt
18852.982779784925,17.062,7.738696075610838,43.855,-3.7373999999999987,7.738696075610838,6.890710080330747,0,2.985838572916455e-15,OPTIMAL,519117.23168921296,0.0
