cost,time,Pg,B,R,Pd,P0,P_rsrv,P_cul,status,cost_opt,peak_opt
-1788.1168351542349,15.921,7.686609550942285,43.85499999999999,3.750000000000007,7.686609550942285,-0.6022623223826995,0,-7.150313327541902e-17,OPTIMAL,523750.5790500284,0.0
