cost,time,Pg,B,R,Pd,P0,P_rsrv,P_cul,status,cost_opt,peak_opt
24412.388646379084,33.984,0.0,31.44200000000003,3.750000000000007,0.0,8.219659476895314,0,0.0,OPTIMAL,602466.192436695,0.0
