cost,time,Pg,B,R,Pd,P0,P_rsrv,P_cul,status,cost_opt,peak_opt
23754.912746954822,19.234,6.576092626539889,0.1060000000000116,-3.7490884298964673,6.576092626539889,8.903640459878119,0,-1.4722652350723786e-15,OPTIMAL,555780.1334494082,0.0
