cost,time,Pg,B,R,Pd,P0,P_rsrv,P_cul,status,cost_opt,peak_opt
47949.41710835655,18.75,0.0,0.10600000000000818,-3.749544214948237,0.0,16.12287058115553,0,0.0,OPTIMAL,604725.5280979266,0.0
