cost,time,Pg,B,R,Pd,P0,P_rsrv,P_cul,status,cost_opt,peak_opt
9062.374700690298,19.203,0.15623878789670964,12.710000000000006,1.5245619009275229,0.15623878789670964,5.495679018005032,0,-2.294307322250888e-15,OPTIMAL,484446.6983843863,0.0
