cost,time,Pg,B,R,Pd,P0,P_rsrv,P_cul,status,cost_opt,peak_opt
17681.575801876574,17.031,7.773405413200077,12.710000000000006,-3.7248000000000037,7.773405413200077,6.602530172470714,0,-6.452087128461237e-16,OPTIMAL,511958.90990690666,0.0
