cost,time,Pg,B,R,Pd,P0,P_rsrv,P_cul,status,cost_opt,peak_opt
20707.09603459022,15.844,0.0,0.31600000000000594,0.03728190092752334,0.0,10.071544763905749,0,0.0,OPTIMAL,598609.8506507161,0.0
