cost,time,Pg,B,R,Pd,P0,P_rsrv,P_cul,status,cost_opt,peak_opt
2293.8222629743377,18.906,7.096639152888229,62.866999999999955,3.750000000000007,7.096639152888229,0.76870719268577,0,-2.784502229485897e-16,OPTIMAL,543561.2064082235,0.0
