cost,time,Pg,B,R,Pd,P0,P_rsrv,P_cul,status,cost_opt,peak_opt
1215.195443521355,18.672,0.0,43.849557850517684,-3.7380530579378757,0.0,11.573289938298618,0,0.0,OPTIMAL,481216.6876738389,0.0
