cost,time,Pg,B,R,Pd,P0,P_rsrv,P_cul,status,cost_opt,peak_opt
30691.675611996772,18.25,0.6419703139353317,75.00000000000016,3.7500000000000075,0.6419703139353317,8.729145509669163,0,0.0,OPTIMAL,608496.856751185,0.0
