cost,time,Pg,B,R,Pd,P0,P_rsrv,P_cul,status,cost_opt,peak_opt
26072.89737421959,15.859,1.544295303304874,44.046000000000014,3.7500000000000075,1.544295303304874,7.766725461489303,0,-1.7394753308109037e-15,OPTIMAL,602766.0902666092,0.0
