cost,time,Pg,B,R,Pd,P0,P_rsrv,P_cul,status,cost_opt,peak_opt
18603.44876007576,19.234,0.0,31.44200000000002,3.750000000000007,0.0,7.09243185668157,0,0.0,OPTIMAL,596492.8115004331,0.0
