cost,time,Pg,B,R,Pd,P0,P_rsrv,P_cul,status,cost_opt,peak_opt
11085.199954060143,19.281,5.3962540288007625,31.44200000000003,3.750000000000007,5.3962540288007625,3.180832124550973,0,2.479285765404071e-15,OPTIMAL,577733.571691257,0.0
