cost,time,Pg,B,R,Pd,P0,P_rsrv,P_cul,status,cost_opt,peak_opt
53138.03726550019,17.063,0.919624228540305,0.10600000000000837,-3.737462314020712,0.919624228540305,15.84790851938568,0,-1.631687000141005e-15,OPTIMAL,604210.9549863121,0.0
