cost,time,Pg,B,R,Pd,P0,P_rsrv,P_cul,status,cost_opt,peak_opt
8083.194163256498,20.234,6.576092626539889,62.77700000000001,2.2832399999999975,6.576092626539889,2.896164157383195,0,2.2528094840990054e-15,OPTIMAL,557864.9906619065,0.0
