cost,time,Pg,B,R,Pd,P0,P_rsrv,P_cul,status,cost_opt,peak_opt
32655.125165983765,20.687,2.672042179848212,43.855,0.012600000000000116,2.672042179848212,9.97103058503321,0,-1.5537904621797105e-15,OPTIMAL,597050.3007087208,0.0
