cost,time,Pg,B,R,Pd,P0,P_rsrv,P_cul,status,cost_opt,peak_opt
30828.0583388238,17.39,0.0,31.46100000000005,3.750000000000007,0.0,9.09114076638862,0,0.0,OPTIMAL,604202.6756759236,0.0
