cost,time,Pg,B,R,Pd,P0,P_rsrv,P_cul,status,cost_opt,peak_opt
52280.7745422797,16.954,0.0,0.10600000000001,-3.7490884298964673,0.0,16.60234186798339,0,0.0,OPTIMAL,608452.3093159902,0.0
