cost,time,Pg,B,R,Pd,P0,P_rsrv,P_cul,status,cost_opt,peak_opt
31167.447917579284,19.281,0.0,31.53200000000008,-3.7161599999999995,0.0,14.231711377890086,0,0.0,OPTIMAL,596434.0723371635,0.0
