cost,time,Pg,B,R,Pd,P0,P_rsrv,P_cul,status,cost_opt,peak_opt
10980.947009619867,16.235,1.3707174361952545,43.85499999999999,0.012600000000000266,1.3707174361952545,6.410360192422574,0,3.6709730307643573e-16,OPTIMAL,484492.79427623365,0.0
