cost,time,Pg,B,R,Pd,P0,P_rsrv,P_cul,status,cost_opt,peak_opt
6986.631853607636,20.329,7.703927844046251,75.00000000000016,0.0,7.703927844046251,2.5705047290682987,0,-6.96870946365058e-16,OPTIMAL,503183.00674522785,0.0
