cost,time,Pg,B,R,Pd,P0,P_rsrv,P_cul,status,cost_opt,peak_opt
17661.14334081181,19.469,0.0,43.855,-3.737399999999999,0.0,10.835057264301724,0,-1.0746268885332682e-15,OPTIMAL,487490.6886211472,0.0
