cost,time,Pg,B,R,Pd,P0,P_rsrv,P_cul,status,cost_opt,peak_opt
39572.074489498526,20.922,3.6785073072156926,12.608999999999973,-3.749544214948237,3.6785073072156926,12.852248941051812,0,2.724857557472038e-15,OPTIMAL,595948.8162171189,0.0
