cost,time,Pg,B,R,Pd,P0,P_rsrv,P_cul,status,cost_opt,peak_opt
26063.146233510895,19.969,4.5112889047530755,75.00000000000016,0.0,4.5112889047530755,8.126955482853413,0,-3.7446987784933716e-16,OPTIMAL,582939.0851392308,0.0
