cost,time,Pg,B,R,Pd,P0,P_rsrv,P_cul,status,cost_opt,peak_opt
24368.559564829742,15.031,0.0,6.458000000000001,-3.7494530579378833,0.0,12.818810923108755,0,0.0,OPTIMAL,598239.3958806852,0.0
