cost,time,Pg,B,R,Pd,P0,P_rsrv,P_cul,status,cost_opt,peak_opt
24339.378478185765,17.875,0.0,62.60600000000007,3.750000000000007,0.0,7.808591106251448,0,0.0,OPTIMAL,599416.5560849324,0.0
