cost,time,Pg,B,R,Pd,P0,P_rsrv,P_cul,status,cost_opt,peak_opt
30859.725941323803,18.156,0.0,44.13599999999994,1.5460981612111755,0.0,10.28314759790863,0,0.0,OPTIMAL,598954.3853472575,0.0
