cost,time,Pg,B,R,Pd,P0,P_rsrv,P_cul,status,cost_opt,peak_opt
25255.35738258004,20.109,4.650126255110036,75.00000000000016,0.0,4.650126255110036,7.8799867028330866,0,4.2534606479321946e-16,OPTIMAL,583247.8595217668,0.0
