cost,time,Pg,B,R,Pd,P0,P_rsrv,P_cul,status,cost_opt,peak_opt
1651.949784066849,17.25,4.216443145873566,31.46100000000005,3.750000000000007,4.216443145873566,0.7461381138513319,0,4.4403499974143834e-16,OPTIMAL,486228.22407437343,0.0
