cost,time,Pg,B,R,Pd,P0,P_rsrv,P_cul,status,cost_opt,peak_opt
-2622.5830913603318,20.39,7.7560559409326935,62.60600000000007,3.750000000000007,7.7560559409326935,-0.9529735070350043,0,-3.143806829447593e-15,OPTIMAL,505755.26652085385,0.0
