cost,time,Pg,B,R,Pd,P0,P_rsrv,P_cul,status,cost_opt,peak_opt
17558.432538580695,20.953,0.0,31.46100000000005,-3.749544214948237,0.0,10.93983335737115,0,0.0,OPTIMAL,486030.60633481585,0.0
