cost,time,Pg,B,R,Pd,P0,P_rsrv,P_cul,status,cost_opt,peak_opt
3029.7593696932245,18.594,6.992545783635423,12.710000000000006,1.5245619009275229,6.992545783635423,1.2197098911808473,0,9.950265437985717e-17,OPTIMAL,495302.47072472476,0.0
