cost,time,Pg,B,R,Pd,P0,P_rsrv,P_cul,status,cost_opt,peak_opt
2142.810285700209,17.906,3.799924166099703,75.00000000000016,3.750000000000007,3.799924166099703,0.9709153990485768,0,-2.206026160356256e-15,OPTIMAL,486170.96992126503,0.0
