cost,time,Pg,B,R,Pd,P0,P_rsrv,P_cul,status,cost_opt,peak_opt
24351.566656776507,18.14,0.0,31.633000000000056,0.045777685979293596,0.0,10.789351642346702,0,0.0,OPTIMAL,596446.5205571755,0.0
