cost,time,Pg,B,R,Pd,P0,P_rsrv,P_cul,status,cost_opt,peak_opt
1811.618737282408,17.969,4.0949171599175855,62.60600000000007,3.750000000000007,4.0949171599175855,0.7866342758499383,0,5.930314832952588e-16,OPTIMAL,485207.1398170693,0.0
