cost,time,Pg,B,R,Pd,P0,P_rsrv,P_cul,status,cost_opt,peak_opt
29797.92424693107,20.875,0.0,0.19600000000000778,0.02288190092752365,0.0,11.110337153963858,0,0.0,OPTIMAL,597215.4721648406,0.0
