cost,time,Pg,B,R,Pd,P0,P_rsrv,P_cul,status,cost_opt,peak_opt
27159.900486370738,17.797,1.3013178149499753,62.60600000000007,3.750000000000007,1.3013178149499753,8.033096860801756,0,1.8999084532185517e-15,OPTIMAL,604327.3316006153,0.0
