cost,time,Pg,B,R,Pd,P0,P_rsrv,P_cul,status,cost_opt,peak_opt
5464.468041246718,17.172,0.0,75.00000000000016,3.750000000000007,0.0,3.3138071808652025,0,1.734113612254784e-16,OPTIMAL,483404.89542910893,0.0
