cost,time,Pg,B,R,Pd,P0,P_rsrv,P_cul,status,cost_opt,peak_opt
47008.70400212247,21.203,0.0,31.340999999999926,-3.7390799999999986,0.0,15.612322817044992,0,0.0,OPTIMAL,601196.7571418169,0.0
