cost,time,Pg,B,R,Pd,P0,P_rsrv,P_cul,status,cost_opt,peak_opt
14453.30228966038,22.969,0.0,43.85499999999999,-2.2373999999999996,0.0,9.141873680999607,0,0.0,OPTIMAL,486921.86892004265,0.0
