cost,time,Pg,B,R,Pd,P0,P_rsrv,P_cul,status,cost_opt,peak_opt
33146.08470966193,21.281,5.118627829007718,0.10600000000000886,-3.7493619009275285,5.118627829007718,10.950143610724126,0,-1.558621938110849e-15,OPTIMAL,576329.2986791099,0.0
