cost,time,Pg,B,R,Pd,P0,P_rsrv,P_cul,status,cost_opt,peak_opt
45027.5119618617,18.859,0.0,0.38700000000000756,-3.7037423140207055,0.0,15.72189663472825,0,0.0,OPTIMAL,603663.8475238583,0.0
