cost,time,Pg,B,R,Pd,P0,P_rsrv,P_cul,status,cost_opt,peak_opt
23016.668320947014,17.906,7.270113089453116,31.340999999999937,-3.749544214948237,7.270113089453116,8.008583271032364,0,9.748332783360292e-16,OPTIMAL,538983.9587031928,0.0
