cost,time,Pg,B,R,Pd,P0,P_rsrv,P_cul,status,cost_opt,peak_opt
6557.728553779204,21.234,6.6455944461541545,75.00000000000016,0.0,6.6455944461541545,2.8229567601288004,0,8.321793774912489e-16,OPTIMAL,491888.32952831313,0.0
