cost,time,Pg,B,R,Pd,P0,P_rsrv,P_cul,status,cost_opt,peak_opt
10597.331620775702,17.032,7.478429741139649,62.60600000000007,-1.4872800000000004,7.478429741139649,4.06963579906901,0,9.884671206550344e-16,OPTIMAL,498757.54870580323,0.0
