cost,time,Pg,B,R,Pd,P0,P_rsrv,P_cul,status,cost_opt,peak_opt
6069.326123349029,16.89,7.599865653956862,44.046000000000014,1.5353376859792942,7.599865653956862,2.042168951328745,0,-2.510199079847064e-16,OPTIMAL,526649.8181349122,0.0
