cost,time,Pg,B,R,Pd,P0,P_rsrv,P_cul,status,cost_opt,peak_opt
46521.01640747144,18.281,0.0,12.800000000000011,-3.749544214948237,0.0,15.47090668688774,0,0.0,OPTIMAL,602337.6233474722,0.0
