cost,time,Pg,B,R,Pd,P0,P_rsrv,P_cul,status,cost_opt,peak_opt
33959.59069374927,18.469,0.0,31.44200000000003,2.2725454030279346,0.0,10.750107848606923,0,0.0,OPTIMAL,609341.9964497351,0.0
