cost,time,Pg,B,R,Pd,P0,P_rsrv,P_cul,status,cost_opt,peak_opt
3526.418831431724,17.469,7.426246214629348,75.00000000000016,1.5000000000000033,7.426246214629348,1.305114297347048,0,-4.130268176083529e-16,OPTIMAL,498519.23756613844,0.0
