cost,time,Pg,B,R,Pd,P0,P_rsrv,P_cul,status,cost_opt,peak_opt
38614.57966922694,20.328,0.0,0.10600000000000762,-3.7493619009275285,0.0,14.727147089712792,0,0.0,OPTIMAL,597116.919383379,0.0
