cost,time,Pg,B,R,Pd,P0,P_rsrv,P_cul,status,cost_opt,peak_opt
8716.693018744658,17.625,5.014548317160872,31.53200000000008,0.03365768597929338,5.014548317160872,3.9495663881942265,0,-1.714801261057386e-15,OPTIMAL,487929.0645703407,0.0
