cost,time,Pg,B,R,Pd,P0,P_rsrv,P_cul,status,cost_opt,peak_opt
11236.072417637037,17.766,3.088490140416507,75.00000000000016,0.0,3.088490140416507,5.243150918169406,0,-1.089243712587562e-15,OPTIMAL,485114.54356397415,0.0
