cost,time,Pg,B,R,Pd,P0,P_rsrv,P_cul,status,cost_opt,peak_opt
51275.29786849842,17.937,1.1625185724594176,43.855,-3.7373999999999987,1.1625185724594176,15.845271281983443,0,0.0,OPTIMAL,607651.6464850593,0.0
