cost,time,Pg,B,R,Pd,P0,P_rsrv,P_cul,status,cost_opt,peak_opt
13987.839369629808,18.281,7.0619575301109165,31.722000000000012,0.05645768597929354,7.0619575301109165,4.509297024380983,0,-6.927780831639252e-16,OPTIMAL,547218.5476487016,0.0
