cost,time,Pg,B,R,Pd,P0,P_rsrv,P_cul,status,cost_opt,peak_opt
11539.202619873877,16.593,5.9514943031566325,12.710000000000004,-3.749544214948237,5.9514943031566325,6.98498947934254,0,2.5457609111045887e-15,OPTIMAL,489804.95962204423,0.0
