cost,time,Pg,B,R,Pd,P0,P_rsrv,P_cul,status,cost_opt,peak_opt
13996.91345957228,21.812,0.2602646022954424,0.10600000000000864,-1.4877357850517698,0.2602646022954424,8.624099482176389,0,-6.905419161831738e-16,OPTIMAL,483394.97294733213,0.0
