cost,time,Pg,B,R,Pd,P0,P_rsrv,P_cul,status,cost_opt,peak_opt
10079.341872084384,17.0,0.0,75.00000000000016,1.5000000000000047,0.0,5.501824165984925,0,0.0,OPTIMAL,484584.0361942819,0.0
