cost,time,Pg,B,R,Pd,P0,P_rsrv,P_cul,status,cost_opt,peak_opt
3743.696939705665,19.484,2.533364189659843,75.00000000000016,3.750000000000007,2.533364189659843,1.9287464913475865,0,-3.7699064790036596e-16,OPTIMAL,486336.884908284,0.0
