cost,time,Pg,B,R,Pd,P0,P_rsrv,P_cul,status,cost_opt,peak_opt
6197.697064955669,17.094,5.378899360006142,0.19600000000000767,0.022881900927523523,5.378899360006142,3.5374983247463865,0,-2.07128693537062e-15,OPTIMAL,488692.2707185183,0.0
