cost,time,Pg,B,R,Pd,P0,P_rsrv,P_cul,status,cost_opt,peak_opt
6608.680289999681,19.766,0.06935285250014922,43.85499999999999,3.750000000000007,0.06935285250014922,3.425961788491281,0,1.7348590012483678e-16,OPTIMAL,483422.8854152316,0.0
