cost,time,Pg,B,R,Pd,P0,P_rsrv,P_cul,status,cost_opt,peak_opt
7500.441073553746,19.75,7.686626872699741,75.00000000000016,0.0,7.686626872699741,2.7656493634047736,0,-1.1728085950318823e-15,OPTIMAL,503722.6488309491,0.0
