cost,time,Pg,B,R,Pd,P0,P_rsrv,P_cul,status,cost_opt,peak_opt
34657.616444753265,19.484,4.893072564301516,31.44200000000003,-3.749505403027939,4.893072564301516,11.363152932705988,0,-1.933877862535238e-15,OPTIMAL,580540.4505250528,0.0
