cost,time,Pg,B,R,Pd,P0,P_rsrv,P_cul,status,cost_opt,peak_opt
16291.862578098988,19.125,0.0,12.800000000000013,-3.7140000000000013,0.0,11.015458132588904,0,0.0,OPTIMAL,486775.0980395613,0.0
