cost,time,Pg,B,R,Pd,P0,P_rsrv,P_cul,status,cost_opt,peak_opt
5112.997930042392,18.984,6.5587951195448735,75.00000000000016,0.0,6.5587951195448735,2.8374017369824593,0,-5.949017320427963e-16,OPTIMAL,490438.887565127,0.0
