cost,time,Pg,B,R,Pd,P0,P_rsrv,P_cul,status,cost_opt,peak_opt
3042.250249668776,17.047,7.183402103806854,43.85499999999999,1.5124176859792897,7.183402103806854,1.1949136880081603,0,2.0677361732557298e-15,OPTIMAL,495984.58098292496,0.0
