cost,time,Pg,B,R,Pd,P0,P_rsrv,P_cul,status,cost_opt,peak_opt
25411.69446941395,17.563,6.472103187831812,43.855,-3.7373999999999983,6.472103187831812,9.284506565368632,0,1.4690939437178585e-15,OPTIMAL,560265.8642328379,0.0
