cost,time,Pg,B,R,Pd,P0,P_rsrv,P_cul,status,cost_opt,peak_opt
16996.059913198005,16.578,0.0,43.855,-3.7373999999999987,0.0,10.993570448381632,0,0.0,OPTIMAL,487774.90418044373,0.0
