cost,time,Pg,B,R,Pd,P0,P_rsrv,P_cul,status,cost_opt,peak_opt
33207.12787359832,74.625,0.0,110.33799999999928,0.5932343431508796,0.0,11.024942853120294,0,0.0,OPTIMAL,438507.3965134581,1.5910956637308078
