cost,time,Pg,B,R,Pd,P0,P_rsrv,P_cul,status,cost_opt,peak_opt
8619.81138057228,79.235,7.629822598185854,253.5486900552948,-0.9703917169466718,7.629822598185854,3.9056689535896147,0,-1.289170593193889e-15,OPTIMAL,455612.5040187605,1.5240058512524528
