cost,time,Pg,B,R,Pd,P0,P_rsrv,P_cul,status,cost_opt,peak_opt
35038.99750272798,81.125,0.0,229.3349999999993,0.7257826931973822,0.0,11.695259513594118,0,0.0,OPTIMAL,437985.6288759457,1.6123190011709783
