cost,time,Pg,B,R,Pd,P0,P_rsrv,P_cul,status,cost_opt,peak_opt
16886.512566821406,73.156,2.463697937245146,223.9026900552949,-0.09948579734908507,2.463697937245146,7.821450934146089,0,2.12448060445819e-15,OPTIMAL,455490.75903664576,1.5419641967073399
