cost,time,Pg,B,R,Pd,P0,P_rsrv,P_cul,status,cost_opt,peak_opt
15917.21958440617,77.375,3.365566358911788,226.37669005529517,-0.2327382750236844,3.365566358911788,7.212152054556488,0,-3.088620938868081e-16,OPTIMAL,455390.5304670583,1.5364148985764068
