cost,time,Pg,B,R,Pd,P0,P_rsrv,P_cul,status,cost_opt,peak_opt
12087.588338809412,53.625,0.0,186.67242048914397,-0.019957545747493793,0.0,8.172811588106432,0,0.0,OPTIMAL,446948.3459089878,1.5438653277624537
