cost,time,Pg,B,R,Pd,P0,P_rsrv,P_cul,status,cost_opt,peak_opt
12898.310608274718,54.609,0.0,196.25471439746607,0.03410438029912119,0.0,8.424761991035087,0,0.0,OPTIMAL,454361.02572636306,1.5475803222885411
