cost,time,Pg,B,R,Pd,P0,P_rsrv,P_cul,status,cost_opt,peak_opt
13355.087839623047,56.813,0.0,197.2078653051207,0.012075154932585874,0.0,8.320927002880403,0,0.0,OPTIMAL,453240.47859628685,1.5454261307761792
