cost,time,Pg,B,R,Pd,P0,P_rsrv,P_cul,status,cost_opt,peak_opt
-6830.3615924388605,119.422,11.055048054069475,368.5959999999993,1.499999999999998,11.055048054069475,-2.1140085399067967,0,-5.332648385369954e-16,OPTIMAL,446890.8321670552,1.5434645398475195
