cost,time,Pg,B,R,Pd,P0,P_rsrv,P_cul,status,cost_opt,peak_opt
15296.034686343304,60.625,0.0,5.196999999999226,0.11967138734343263,0.0,8.651603329379697,0,0.0,OPTIMAL,444972.8525381549,1.5221632371616476
