cost,time,Pg,B,R,Pd,P0,P_rsrv,P_cul,status,cost_opt,peak_opt
17986.470171891564,68.078,0.0,7.155999999999225,0.13198167076154824,0.0,8.722827435446927,0,0.0,OPTIMAL,444153.8176095905,1.5258151690569395
