cost,time,Pg,B,R,Pd,P0,P_rsrv,P_cul,status,cost_opt,peak_opt
12291.921134572895,87.078,0.0,184.92199999999957,0.006779620602149499,0.0,8.29974418269608,0,0.0,OPTIMAL,443024.2479412514,1.5457468579312568
