cost,time,Pg,B,R,Pd,P0,P_rsrv,P_cul,status,cost_opt,peak_opt
12967.078612080499,63.672,0.0,196.34286530512043,-0.019425520629023457,0.0,8.175963815939784,0,0.0,OPTIMAL,452599.42700389307,1.5438842062711433
