cost,time,Pg,B,R,Pd,P0,P_rsrv,P_cul,status,cost_opt,peak_opt
34346.86273994169,75.0,1.2315820284840846,357.7599999999992,0.5134534793721331,1.2315820284840846,10.679994633066446,0,-2.2220723525090413e-16,OPTIMAL,437857.071192787,1.5888582747433901
