cost,time,Pg,B,R,Pd,P0,P_rsrv,P_cul,status,cost_opt,peak_opt
18281.732226137123,78.203,0.0,9.693999999999217,0.16196415581360277,0.0,8.874627294241321,0,0.0,OPTIMAL,443373.56927530025,1.5302385232714004
