cost,time,Pg,B,R,Pd,P0,P_rsrv,P_cul,status,cost_opt,peak_opt
32573.928062101844,66.031,0.0,95.98799999999916,0.5505228958627294,0.0,10.81112780023294,0,0.0,OPTIMAL,438389.90141977486,1.5855817847307696
