cost,time,Pg,B,R,Pd,P0,P_rsrv,P_cul,status,cost_opt,peak_opt
15357.951645967583,102.688,5.394849819798765,370.24799999999925,-0.5671626015292466,5.394849819798765,5.611235530130648,0,-2.0702027331981343e-15,OPTIMAL,443778.9212226819,1.5262960010614477
