cost,time,Pg,B,R,Pd,P0,P_rsrv,P_cul,status,cost_opt,peak_opt
39278.766163493805,70.656,0.0,211.3869999999993,0.7062741874739425,0.0,11.593496506344097,0,0.0,OPTIMAL,438219.0831906153,1.6092826957192115
