cost,time,Pg,B,R,Pd,P0,P_rsrv,P_cul,status,cost_opt,peak_opt
13490.175324690088,73.422,0.0,196.06571439746594,0.052424934752709665,0.0,8.505785198417458,0,0.0,OPTIMAL,454458.118461607,1.5481549322538195
