cost,time,Pg,B,R,Pd,P0,P_rsrv,P_cul,status,cost_opt,peak_opt
26606.138880767627,62.469,0.0,52.829999999999224,0.4164594957619288,0.0,10.14726883324471,0,0.0,OPTIMAL,439262.73302450473,1.5667621899522504
