cost,time,Pg,B,R,Pd,P0,P_rsrv,P_cul,status,cost_opt,peak_opt
43049.42295536728,73.656,0.2085534435466555,295.2029999999994,0.7513588679765854,0.2085534435466555,11.826764548177824,0,2.089813239992966e-15,OPTIMAL,439062.9755725695,1.6161672657563158
