cost,time,Pg,B,R,Pd,P0,P_rsrv,P_cul,status,cost_opt,peak_opt
15427.702914930958,50.875,0.0,196.6208653051207,0.05552331921253271,0.0,8.518886203716708,0,0.0,OPTIMAL,454570.02755586896,1.5480967778722967
