cost,time,Pg,B,R,Pd,P0,P_rsrv,P_cul,status,cost_opt,peak_opt
-327.47608172496604,115.484,9.11100148337188,346.069999999999,1.4999999999999982,9.11100148337188,-0.09396731182925855,0,-1.052218208397182e-15,OPTIMAL,437229.9665508189,1.5281887726246932
