cost,time,Pg,B,R,Pd,P0,P_rsrv,P_cul,status,cost_opt,peak_opt
43059.55930004975,88.484,0.2102816775741487,271.9979999999994,0.7246839345527768,0.2102816775741487,11.691436139030614,0,5.639511481501241e-16,OPTIMAL,437254.115477853,1.613041159946492
