cost,time,Pg,B,R,Pd,P0,P_rsrv,P_cul,status,cost_opt,peak_opt
20033.52105408265,92.687,3.278366703376942,367.13699999999915,-0.20872539478096133,3.278366703376942,7.322193367720267,0,2.9249064108227696e-16,OPTIMAL,445467.2510623799,1.537822825627301
