cost,time,Pg,B,R,Pd,P0,P_rsrv,P_cul,status,cost_opt,peak_opt
16330.56815186787,65.563,0.0,3.585999999999228,0.10980618579397308,0.0,8.5905145459589,0,0.0,OPTIMAL,445912.5812303722,1.5183811657752029
