cost,time,Pg,B,R,Pd,P0,P_rsrv,P_cul,status,cost_opt,peak_opt
37132.401829142065,73.594,0.0,247.63499999999928,0.7461671173293419,0.0,11.791807503697068,0,0.0,OPTIMAL,436888.98000630573,1.6152845997591558
