cost,time,Pg,B,R,Pd,P0,P_rsrv,P_cul,status,cost_opt,peak_opt
18261.163952571056,65.203,0.0,8.443999999999225,0.16665661173612284,0.0,8.890537464737612,0,0.0,OPTIMAL,443841.98605641164,1.529218859768071
