cost,time,Pg,B,R,Pd,P0,P_rsrv,P_cul,status,cost_opt,peak_opt
55596.57705472364,87.032,0.446605401931031,277.71399999999943,0.6967349273988297,0.446605401931031,11.560943450763908,0,1.737467862725911e-16,OPTIMAL,438483.5785048967,1.6095245934978688
