cost,time,Pg,B,R,Pd,P0,P_rsrv,P_cul,status,cost_opt,peak_opt
13479.949380015565,81.141,0.0,185.2799999999997,0.03442541989479188,0.0,8.424968362509729,0,0.0,OPTIMAL,422352.49078358384,1.5475521334460347
