cost,time,Pg,B,R,Pd,P0,P_rsrv,P_cul,status,cost_opt,peak_opt
31768.96523941637,71.172,0.0,124.8189999999992,0.6060676587321511,0.0,11.092515795885605,0,0.0,OPTIMAL,438295.09900491266,1.5935399222689046
