cost,time,Pg,B,R,Pd,P0,P_rsrv,P_cul,status,cost_opt,peak_opt
11223.477467611856,87.796,6.687045728471642,374.9999999999992,0.0,6.687045728471642,3.7687970005412543,0,4.172009959724221e-16,OPTIMAL,447485.05288495217,1.5242711794546444
