cost,time,Pg,B,R,Pd,P0,P_rsrv,P_cul,status,cost_opt,peak_opt
8443.858562035406,136.36,8.494129306542217,340.37599999999946,-1.1853686692346348,8.494129306542217,2.9679643451794044,0,9.02300152996749e-16,OPTIMAL,453100.79669520166,1.5273714116792876
