cost,time,Pg,B,R,Pd,P0,P_rsrv,P_cul,status,cost_opt,peak_opt
-1919.2202179035328,120.859,12.407015313797796,337.9409999999991,-1.4574666585270546,12.407015313797796,-0.6677871321863371,0,3.2959746043559335e-17,OPTIMAL,453506.07621391304,1.5586950518178915
