cost,time,Pg,B,R,Pd,P0,P_rsrv,P_cul,status,cost_opt,peak_opt
22166.907985065413,49.844,0.0,39.931999999999206,0.34907871660498724,0.0,9.812708271387965,0,0.0,OPTIMAL,439197.204556952,1.5575465379696085
