cost,time,Pg,B,R,Pd,P0,P_rsrv,P_cul,status,cost_opt,peak_opt
22148.512112046974,98.218,5.089970451301246,374.9999999999992,0.0,5.089970451301246,6.518102446158616,0,1.8274363142514738e-15,OPTIMAL,429296.08879067353,1.5341123096120703
