cost,time,Pg,B,R,Pd,P0,P_rsrv,P_cul,status,cost_opt,peak_opt
10293.100338094358,124.36,4.982453700916295,298.20865675545065,-0.45084666394498035,4.982453700916295,6.230690277296828,0,-4.865357249028701e-16,OPTIMAL,457098.7227743806,1.529734616906839
