cost,time,Pg,B,R,Pd,P0,P_rsrv,P_cul,status,cost_opt,peak_opt
37281.66710330893,78.484,0.37488748413847706,312.9829999999994,0.7073602492547169,0.37488748413847706,11.614226511934245,0,2.321939231056218e-15,OPTIMAL,438849.15205276944,1.611479992348391
