cost,time,Pg,B,R,Pd,P0,P_rsrv,P_cul,status,cost_opt,peak_opt
-7361.61973327376,96.594,11.41832642792348,374.9999999999992,1.499999999999998,11.41832642792348,-2.472001253617784,0,5.489857700380352e-16,OPTIMAL,455496.3181490849,1.5437749102760914
