cost,time,Pg,B,R,Pd,P0,P_rsrv,P_cul,status,cost_opt,peak_opt
12897.16740763024,81.656,4.901862307060629,249.60569005529496,-0.4620634390614306,4.901862307060629,6.173847490488387,0,-1.150108112045467e-15,OPTIMAL,455833.35777923465,1.5288795336118495
