cost,time,Pg,B,R,Pd,P0,P_rsrv,P_cul,status,cost_opt,peak_opt
17454.97976720076,76.609,0.0,6.157999999999223,0.12781809487264736,0.0,8.697050207872826,0,0.0,OPTIMAL,444553.5607909232,1.5242027626504215
