cost,time,Pg,B,R,Pd,P0,P_rsrv,P_cul,status,cost_opt,peak_opt
13105.440126659281,57.625,0.0,189.0226147203408,-0.042905395390785514,0.0,8.064886231790327,0,0.0,OPTIMAL,448853.7036215202,1.5424684088123743
