cost,time,Pg,B,R,Pd,P0,P_rsrv,P_cul,status,cost_opt,peak_opt
28767.172117240556,60.25,0.0,67.07499999999922,0.47008200529164584,0.0,10.415341099652627,0,0.0,OPTIMAL,439480.1213912065,1.5737984406274792
