cost,time,Pg,B,R,Pd,P0,P_rsrv,P_cul,status,cost_opt,peak_opt
12975.552582066468,141.734,6.444492054704219,358.3339999999993,-0.7579795823975786,6.444492054704219,4.845239948493826,0,1.747327326231951e-15,OPTIMAL,456895.8004621966,1.524770744912571
