cost,time,Pg,B,R,Pd,P0,P_rsrv,P_cul,status,cost_opt,peak_opt
12399.47284626605,89.75,0.0,191.21860191270844,-0.05282753031375812,0.0,8.020357597843498,0,0.0,OPTIMAL,450125.64101288095,1.5420446966739927
