cost,time,Pg,B,R,Pd,P0,P_rsrv,P_cul,status,cost_opt,peak_opt
13159.244118505805,73.422,1.5974620716211985,191.80412015399807,-0.11257089943797247,1.5974620716211985,7.754416098117741,0,2.800704275700977e-15,OPTIMAL,454885.8620280826,1.540604585225669
