cost,time,Pg,B,R,Pd,P0,P_rsrv,P_cul,status,cost_opt,peak_opt
37672.773567831806,58.485,0.0,182.86899999999935,0.6815899159072897,0.0,11.46811980755915,0,0.0,OPTIMAL,437362.3756382456,1.6047697284993472
