cost,time,Pg,B,R,Pd,P0,P_rsrv,P_cul,status,cost_opt,peak_opt
34476.5333016364,62.516,0.0,235.45999999999935,0.7461882079679013,0.0,11.790880062119154,0,0.0,OPTIMAL,437443.6603285845,1.613996648665155
