cost,time,Pg,B,R,Pd,P0,P_rsrv,P_cul,status,cost_opt,peak_opt
33774.27602413158,57.266,0.0,160.97699999999926,0.6632184667931625,0.0,11.371810109135211,0,0.0,OPTIMAL,437230.1808315113,1.6020266443549087
