cost,time,Pg,B,R,Pd,P0,P_rsrv,P_cul,status,cost_opt,peak_opt
33155.95091067263,65.469,0.0,134.84199999999916,0.6158733591713824,0.0,11.141112537188384,0,0.0,OPTIMAL,438584.28415911994,1.595781384903018
