cost,time,Pg,B,R,Pd,P0,P_rsrv,P_cul,status,cost_opt,peak_opt
22587.420636362956,47.969,0.0,43.08199999999921,0.39007246534903617,0.0,10.007718491964093,0,0.0,OPTIMAL,439308.1028211054,1.561817446908335
