cost,time,Pg,B,R,Pd,P0,P_rsrv,P_cul,status
1103.375795561766,2.156,0.0,0.0,0.0,8.123016780016403,8.123011991865761,0,0.0,OPTIMAL
