cost,time,Pg,B,R,Pd,P0,P_rsrv,P_cul,status
1269.6798447907834,2.437,2.946897815173637,0.0,0.0,7.1097331571252464,7.109733148618479,0,0.0,OPTIMAL
