cost,time,Pg,B,R,Pd,P0,P_rsrv,P_cul,status
987.0759195743071,2.734,4.901862307060627,0.0,0.0,5.670138058116537,5.670134530824166,0,0.0,OPTIMAL
