cost,time,Pg,B,R,Pd,P0,P_rsrv,P_cul,status
1502.4781299062352,3.203,0.0,0.0,0.0,9.590285638685986,9.590285935571714,0,0.0,OPTIMAL
