cost,time,Pg,B,R,Pd,P0,P_rsrv,P_cul,status
2736.623008850827,2.235,0.0,0.0,0.0,11.430378395190914,11.43037803905671,0,0.0,OPTIMAL
