cost,time,Pg,B,R,Pd,P0,P_rsrv,P_cul,status
3620.954306935009,2.297,0.0,0.0,0.0,12.386388764347789,12.386388735239485,0,0.0,OPTIMAL
