cost,time,Pg,B,R,Pd,P0,P_rsrv,P_cul,status
2773.795355358897,3.047,0.0,0.0,0.0,11.622047667545836,11.6220475783194,0,0.0,OPTIMAL
