cost,time,Pg,B,R,Pd,P0,P_rsrv,P_cul,status
1541.7471364198934,2.219,0.0,0.0,0.0,8.981051045769206,8.981051280115883,0,0.0,OPTIMAL
