cost,time,Pg,B,R,Pd,P0,P_rsrv,P_cul,status
1380.9681449331204,2.766,0.0013623126381083015,0.0,0.0,8.64005094234301,8.640050958914205,0,0.0,OPTIMAL
