cost,time,Pg,B,R,Pd,P0,P_rsrv,P_cul,status
1107.7550309229323,2.812,0.0,0.0,0.0,8.28228090871554,8.28228060503127,0,0.0,OPTIMAL
