cost,time,Pg,B,R,Pd,P0,P_rsrv,P_cul,status
3268.470009916604,2.235,0.0,0.0,0.0,12.45526814572249,12.455268376944822,0,0.0,OPTIMAL
