cost,time,Pg,B,R,Pd,P0,P_rsrv,P_cul,status
938.4526934439166,2.266,6.2620545013802476,0.0,0.0,4.4058806797075,4.405881189877542,0,0.0,OPTIMAL
