cost,time,Pg,B,R,Pd,P0,P_rsrv,P_cul,status
3202.4768947872217,2.407,0.8110623445986056,0.0,0.0,11.70923215139422,11.709239103426771,0,0.0,OPTIMAL
