cost,time,Pg,B,R,Pd,P0,P_rsrv,P_cul,status
2834.4232583908297,2.36,0.0,0.0,0.0,11.288775008450552,11.288775008526372,0,0.0,OPTIMAL
