cost,time,Pg,B,R,Pd,P0,P_rsrv,P_cul,status
2777.6910118456053,2.5,0.0,0.0,0.0,11.10706169450633,11.107061693484592,0,0.0,OPTIMAL
