cost,time,Pg,B,R,Pd,P0,P_rsrv,P_cul,status
1599.8120944871878,2.187,0.0,0.0,0.0,9.328350141074399,9.328350405173108,0,0.0,OPTIMAL
