cost,time,Pg,B,R,Pd,P0,P_rsrv,P_cul,status
1312.761987772607,2.5,0.1970631445767869,0.0,0.0,8.52442464379641,8.524428492029916,0,0.0,OPTIMAL
