cost,time,Pg,B,R,Pd,P0,P_rsrv,P_cul,status
145.9419254173983,2.719,0.0,0.0,0.0,8.107884805792176,8.107884745411017,0,0.0,OPTIMAL
