cost,time,Pg,B,R,Pd,P0,P_rsrv,P_cul,status
1201.4708259459285,2.437,0.6273252475071214,0.0,0.0,8.309885138288948,8.309884675130341,0,0.0,OPTIMAL
