cost,time,Pg,B,R,Pd,P0,P_rsrv,P_cul,status
1870.875361006878,2.75,4.292367488573433,0.0,0.0,6.661886023384688,6.661870721686212,0,0.0,OPTIMAL
