cost,time,Pg,B,R,Pd,P0,P_rsrv,P_cul,status
927.154700367772,3.359,6.687045728471642,0.0,0.0,3.736017899608449,3.7360162540004245,0,0.0,OPTIMAL
