cost,time,Pg,B,R,Pd,P0,P_rsrv,P_cul,status
1999.3095424739988,2.734,0.0,0.0,0.0,10.310148040497117,10.310148048856032,0,0.0,OPTIMAL
