cost,time,Pg,B,R,Pd,P0,P_rsrv,P_cul,status
1110.5602023439872,3.031,0.0,0.0,0.0,8.303253351636357,8.303253849300837,0,0.0,OPTIMAL
