cost,time,Pg,B,R,Pd,P0,P_rsrv,P_cul,status
3026.2096379401896,2.812,0.0,0.0,0.0,11.821131412321689,11.821131398203866,0,0.0,OPTIMAL
