cost,time,Pg,B,R,Pd,P0,P_rsrv,P_cul,status
744.9695351714113,2.688,5.528868169258918,0.0,0.0,5.1436329123987345,5.14363315423299,0,0.0,OPTIMAL
