cost,time,Pg,B,R,Pd,P0,P_rsrv,P_cul,status
816.6521357892005,2.5,5.8593739111881735,0.0,0.0,4.575081944236381,4.575081993216807,0,0.0,OPTIMAL
