cost,time,Pg,B,R,Pd,P0,P_rsrv,P_cul,status
3449.8530696114253,2.14,0.0,0.0,0.0,12.219079874388079,12.219078168635509,0,0.0,OPTIMAL
