cost,time,Pg,B,R,Pd,P0,P_rsrv,P_cul,status
1084.9885874825536,3.219,0.0,0.0,0.0,8.438018736999801,8.438018826824786,0,0.0,OPTIMAL
