cost,time,Pg,B,R,Pd,P0,P_rsrv,P_cul,status
2276.127980646048,2.531,0.0,0.0,0.0,10.413089728783037,10.413090266013182,0,0.0,OPTIMAL
