cost,time,Pg,B,R,Pd,P0,P_rsrv,P_cul,status
1184.104831451348,2.234,2.3885153319652717,0.0,0.0,7.309289068705624,7.309289083033011,0,0.0,OPTIMAL
