cost,time,Pg,B,R,Pd,P0,P_rsrv,P_cul,status
1611.2011891679244,2.891,3.2783667033769426,0.0,0.0,7.066672147498326,7.066671882315458,0,0.0,OPTIMAL
