cost,time,Pg,B,R,Pd,P0,P_rsrv,P_cul,status
1598.416876049253,3.016,0.0,0.0,0.0,9.324745978863257,9.32474599542588,0,0.0,OPTIMAL
