cost,time,Pg,B,R,Pd,P0,P_rsrv,P_cul,status
1628.8186665261464,3.297,0.0,0.0,0.0,9.492872131680894,9.492872267272345,0,0.0,OPTIMAL
