cost,time,Pg,B,R,Pd,P0,P_rsrv,P_cul,status
1125.8642301015893,2.125,0.0,0.0,0.0,8.638343807797574,8.638344476482784,0,0.0,OPTIMAL
