cost,time,Pg,B,R,Pd,P0,P_rsrv,P_cul,status
1586.1376149670846,2.344,0.0,0.0,0.0,9.190561238945026,9.190560782040084,0,0.0,OPTIMAL
