cost,time,Pg,B,R,Pd,P0,P_rsrv,P_cul,status
604.0981098521656,2.5,7.680424929542179,0.0,0.0,2.7171390915155467,2.7170829528583127,0,0.0,OPTIMAL
