cost,time,Pg,B,R,Pd,P0,P_rsrv,P_cul,status
-816.7769043281329,2.265,13.808571365003575,0.0,0.0,-3.429442290979636,-3.429434167927784,0,0.0,OPTIMAL
