cost,time,Pg,B,R,Pd,P0,P_rsrv,P_cul,status
960.8512480459644,2.234,5.668333641716692,0.0,0.0,4.965640083302592,4.965639524785345,0,0.0,OPTIMAL
