cost,time,Pg,B,R,Pd,P0,P_rsrv,P_cul,status
954.985058886363,2.515,3.3690307603119534,0.0,0.0,6.121699258107502,6.121699095425404,0,0.0,OPTIMAL
