cost,time,Pg,B,R,Pd,P0,P_rsrv,P_cul,status
3316.1303727555733,2.593,0.0,0.0,0.0,12.16184764844861,12.1618473328444,0,0.0,OPTIMAL
