cost,time,Pg,B,R,Pd,P0,P_rsrv,P_cul,status
911.8760708724494,2.344,4.474949711427992,0.0,0.0,6.231499348458681,6.231499345369814,0,0.0,OPTIMAL
