cost,time,Pg,B,R,Pd,P0,P_rsrv,P_cul,status
1023.2859458031104,2.235,4.647745674427792,0.0,0.0,5.889415519370678,5.889415515413583,0,0.0,OPTIMAL
