cost,time,Pg,B,R,Pd,P0,P_rsrv,P_cul,status
52.73506853334432,2.609,10.113900465570563,0.0,0.0,0.19328974087144202,0.1932867508858016,0,0.0,OPTIMAL
