cost,time,Pg,B,R,Pd,P0,P_rsrv,P_cul,status
1369.8519949503016,2.906,0.0,0.0,0.0,8.647145551434644,8.64714568090669,0,0.0,OPTIMAL
