cost,time,Pg,B,R,P0,P_rsrv,B_rsrv,P_cul,status
-37.31640379836759,1.2454559803009033,0,2.75,-0.0008324243576958313,0.24785015541877492,2.763,0,0,OPTIMAL
