cost,time,Pg,B,R,Pd,P0,P_rsrv,P_cul,status
668.0444406647214,31.234,0.0,64.60451952972215,3.7491308623539115,8.103421667131464,4.354445023344192,0,0.0,OPTIMAL
