cost,time,Pg,B,R,Pd,P0,P_rsrv,P_cul,status
3176.6465401468,32.656,0.0,66.20305549462752,0.3576071735340027,12.45526814572249,12.105353598527026,0,0.0,OPTIMAL
