cost,time,Pg,B,R,Pd,P0,P_rsrv,P_cul,status
1100.003651859661,32.485,0.0,58.56751952972216,-0.45951923200658246,7.9741872610347375,8.434532793812096,0,0.0,OPTIMAL
