cost,time,Pg,B,R,Pd,P0,P_rsrv,P_cul,status
3739.4218737545643,28.828,0.0,39.64705549462756,0.29192264202295143,12.0491089851769,11.771527409510696,0,0.0,OPTIMAL
