cost,time,Pg,B,R,Pd,P0,P_rsrv,P_cul,status
2965.3449573215785,31.188,0.0,22.567055494627517,0.29099401550398846,11.821131412321689,11.583378739537416,0,0.0,OPTIMAL
