cost,time,Pg,B,R,Pd,P0,P_rsrv,P_cul,status
1937.1244159596718,31.672,0.0,0.169055494627533,0.019656517191016236,10.33324957874932,10.299287989151999,0,0.0,OPTIMAL
