cost,time,Pg,B,R,Pd,P0,P_rsrv,P_cul,status
1156.5923898320823,33.86,0.0,63.40905549462746,-0.4311063488436372,8.350385011026566,8.751014298855605,0,0.0,OPTIMAL
