cost,time,Pg,B,R,Pd,P0,P_rsrv,P_cul,status
2998.3704372242246,29.657,0.0,57.570055494627596,0.32861048622113004,12.338103205581673,12.00949440810771,0,0.0,OPTIMAL
