cost,time,Pg,B,R,Pd,P0,P_rsrv,P_cul,status
3522.229276131155,30.0,0.0,54.93005549462765,0.34172800425258393,12.386388764347789,12.048674832831775,0,0.0,OPTIMAL
