cost,time,Pg,B,R,Pd,P0,P_rsrv,P_cul,status
2982.6744449977555,31.14,0.0,24.417055494627537,0.23384201557580836,11.788440814484318,11.557020774934797,0,0.0,OPTIMAL
