cost,time,Pg,B,R,Pd,P0,P_rsrv,P_cul,status
1385.0131194275884,32.921,0.0,19.61005549462752,-0.27432214366219504,8.591889496461025,8.864083964336565,0,0.0,OPTIMAL
