cost,time,Pg,B,R,Pd,P0,P_rsrv,P_cul,status
1574.627567173689,28.672,0.0,11.479055494627545,-0.19761192212420725,9.001755941143337,9.1993820867012,0,0.0,OPTIMAL
