cost,time,Pg,B,R,Pd,P0,P_rsrv,P_cul,status
1130.2224698387074,30.985,0.0,33.3670554946276,-0.4542447659974893,8.106457770306019,8.551494097140283,0,0.0,OPTIMAL
