cost,time,Pg,B,R,Pd,P0,P_rsrv,P_cul,status
3012.0316618897405,28.828,0.0,34.988055494627595,0.27188912988533337,11.939933259375463,11.682087893560725,0,0.0,OPTIMAL
