cost,time,Pg,B,R,Pd,P0,P_rsrv,P_cul,status
1207.054481088885,30.531,0.0,3.679519529722141,-0.3607223207079806,8.55580644843418,8.919121781444964,0,0.0,OPTIMAL
