cost,time,Pg,B,R,Pd,P0,P_rsrv,P_cul,status
1135.6927246448133,28.563,0.0,43.59151952972204,-0.40292713737398617,7.963027191565521,8.366060586702126,0,0.0,OPTIMAL
