cost,time,Pg,B,R,Pd,P0,P_rsrv,P_cul,status
2693.551247134709,30.656,0.0,1.0230554946275323,0.06596426440521935,10.809920095805372,10.759858510524804,0,0.0,OPTIMAL
