cost,time,Pg,B,R,Pd,P0,P_rsrv,P_cul,status
1411.3856499402211,30.734,0.0,21.990055494627544,-0.2650607052805542,8.647145551434644,8.909325512510602,0,0.0,OPTIMAL
