cost,time,Pg,B,R,Pd,P0,P_rsrv,P_cul,status,cost_opt,peak_opt
12361.617293773335,245.875,4.6477456744277905,187.4999999999996,0.0,4.6477456744277905,5.928833234423662,0,1.7696483384579964e-15,OPTIMAL,481920.0405917445,1.8109936005274703
