cost,time,Pg,B,R,Pd,P0,P_rsrv,P_cul,status,cost_opt,peak_opt
12554.1991554235,219.562,0.0,134.72321202000128,-0.2895238659025191,0.0,8.476839402716745,0,0.0,OPTIMAL,484534.8808560318,1.8246830609472304
