cost,time,Pg,B,R,Pd,P0,P_rsrv,P_cul,status,cost_opt,peak_opt
4815.694707844029,137.875,7.629822598185854,181.3509999999998,0.749999999999999,7.629822598185854,2.182009382802007,0,-5.7145586006279725e-16,OPTIMAL,482001.229618042,1.8067131940017676
