cost,time,Pg,B,R,Pd,P0,P_rsrv,P_cul,status,cost_opt,peak_opt
10997.17324177215,173.921,6.9865220203576,183.14299999999983,-0.3876111087114921,6.9865220203576,4.041592518108104,0,9.940507618433347e-16,OPTIMAL,483151.0212953177,1.808408856138244
