cost,time,Pg,B,R,Pd,P0,P_rsrv,P_cul,status,cost_opt,peak_opt
31963.081864551106,158.5,0.0,25.634999999999565,0.24061548699602825,0.0,10.640173723219409,0,0.0,OPTIMAL,453502.05556216766,1.8056909131624612
