cost,time,Pg,B,R,Pd,P0,P_rsrv,P_cul,status,cost_opt,peak_opt
14104.412532507013,161.797,0.6260848407778699,185.6406863932322,0.15703176990440967,0.6260848407778699,8.3113803962917,0,2.490107458338192e-15,OPTIMAL,480230.548231415,1.828075191955992
