cost,time,Pg,B,R,Pd,P0,P_rsrv,P_cul,status,cost_opt,peak_opt
32355.855689485248,123.516,0.0,51.2489999999996,0.3091368584146616,0.0,11.285614122596877,0,0.0,OPTIMAL,452855.16060568346,1.8574616185618598
