cost,time,Pg,B,R,Pd,P0,P_rsrv,P_cul,status,cost_opt,peak_opt
32497.373990115862,135.454,0.0,54.084999999999575,0.3520849235939482,0.0,11.346848460235986,0,0.0,OPTIMAL,454264.89304155577,1.8645485966594852
