cost,time,Pg,B,R,Pd,P0,P_rsrv,P_cul,status,cost_opt,peak_opt
13021.722797215483,221.906,0.0,161.07606966738487,-0.013204164093582063,0.0,8.113222926614007,0,0.0,OPTIMAL,484552.2739061278,1.8234260181348987
