cost,time,Pg,B,R,Pd,P0,P_rsrv,P_cul,status,cost_opt,peak_opt
15143.80234169021,149.75,0.353014457034478,185.9326863932322,0.04076495866287668,0.353014457034478,8.698335635663533,0,7.746404293842643e-16,OPTIMAL,480759.0030273907,1.831351826212254
