cost,time,Pg,B,R,Pd,P0,P_rsrv,P_cul,status,cost_opt,peak_opt
13740.343034037009,226.656,0.2949649732032831,185.6230587540545,0.061259243887476944,0.2949649732032831,8.466015424545292,0,-3.477976573732465e-16,OPTIMAL,480492.35718682664,1.8288720093164352
