cost,time,Pg,B,R,Pd,P0,P_rsrv,P_cul,status,cost_opt,peak_opt
34777.73692720832,139.797,0.0,76.80599999999956,0.35354610113566687,0.0,11.693926337326271,0,0.0,OPTIMAL,455162.6332033097,1.8819341167838302
