cost,time,Pg,B,R,Pd,P0,P_rsrv,P_cul,status,cost_opt,peak_opt
18224.114217715232,187.421,4.909729439696407,181.5419999999997,-0.7149600000000006,4.909729439696407,6.131936143242004,0,1.9268983110498628e-16,OPTIMAL,476467.1180055067,1.8116186882378598
