cost,time,Pg,B,R,Pd,P0,P_rsrv,P_cul,status,cost_opt,peak_opt
19280.32260449026,197.016,0.0,4.35599999999958,0.010961705751695352,0.0,9.37302994870698,0,0.0,OPTIMAL,445963.0454440096,1.7516237701602952
