cost,time,Pg,B,R,Pd,P0,P_rsrv,P_cul,status,cost_opt,peak_opt
13769.217874261665,192.469,0.0,150.32295039534924,-0.3157267215654075,0.0,8.411250992218488,0,0.0,OPTIMAL,486773.36728287954,1.8231410094573977
