cost,time,Pg,B,R,Pd,P0,P_rsrv,P_cul,status,cost_opt,peak_opt
18999.88910176959,201.063,0.0,4.670999999999578,-0.04702267544623855,0.0,9.174258378449826,0,0.0,OPTIMAL,445577.55245368346,1.7479085602867173
