cost,time,Pg,B,R,Pd,P0,P_rsrv,P_cul,status,cost_opt,peak_opt
12986.733122247608,203.235,0.0,161.95847041206824,-0.11042682735575612,0.0,8.178043527863732,0,0.0,OPTIMAL,483853.72086626245,1.823615751405139
