cost,time,Pg,B,R,Pd,P0,P_rsrv,P_cul,status,cost_opt,peak_opt
6566.701627374378,158.89,6.025961883827257,187.40499999999966,0.7385999999999963,6.025961883827257,4.023714232459791,0,-1.3934708421869946e-16,OPTIMAL,480528.93844997673,1.8083732577385658
