cost,time,Pg,B,R,Pd,P0,P_rsrv,P_cul,status,cost_opt,peak_opt
21751.513019008875,182.531,0.0,8.800999999999577,0.13613500641431323,0.0,9.932197725574829,0,0.0,OPTIMAL,447853.2825635427,1.7509036682381214
