cost,time,Pg,B,R,Pd,P0,P_rsrv,P_cul,status,cost_opt,peak_opt
39569.0459728351,191.687,0.025484894471506044,127.5229999999996,0.4314232149652303,0.025484894471506044,12.071093951444508,0,-7.587704200845077e-16,OPTIMAL,459814.85603287723,1.9117596653000797
