cost,time,Pg,B,R,Pd,P0,P_rsrv,P_cul,status,cost_opt,peak_opt
22086.654299222566,184.86,0.0,9.741999999999575,0.12490466212392781,0.0,9.939988433493504,0,0.0,OPTIMAL,448009.42537514935,1.752671345525764
