cost,time,Pg,B,R,Pd,P0,P_rsrv,P_cul,status,cost_opt,peak_opt
7299.8350137173675,137.109,7.8487615472831616,187.4999999999996,0.4583226197327868,7.8487615472831616,2.309343566503438,0,1.6551972466249953e-15,OPTIMAL,452548.5631185591,1.8091111843046785
