cost,time,Pg,B,R,Pd,P0,P_rsrv,P_cul,status,cost_opt,peak_opt
12196.335024314023,267.313,0.0,117.01163244395678,-0.28151863237923497,0.0,8.540850857362761,0,0.0,OPTIMAL,471109.6165842016,1.8253069171414913
