cost,time,Pg,B,R,Pd,P0,P_rsrv,P_cul,status,cost_opt,peak_opt
7696.8680222597695,221.281,5.528868169258918,181.3509999999998,0.749999999999999,5.528868169258918,4.428577688296761,0,-3.8968936584560243e-16,OPTIMAL,479702.6208793563,1.8083411153723747
