cost,time,Pg,B,R,Pd,P0,P_rsrv,P_cul,status,cost_opt,peak_opt
14909.378393610055,296.297,0.0,124.52144866593534,-0.3035924304226164,0.0,8.500215731818733,0,0.0,OPTIMAL,473012.3834779081,1.8244711910192883
