cost,time,Pg,B,R,Pd,P0,P_rsrv,P_cul,status,cost_opt,peak_opt
35439.81563994196,134.062,0.0,65.1529999999996,0.3631541599319039,0.0,11.536398320293607,0,0.0,OPTIMAL,455440.26578095043,1.8741006607910031
