cost,time,Pg,B,R,Pd,P0,P_rsrv,P_cul,status,cost_opt,peak_opt
10792.061889775292,157.0,6.885115275120624,169.14099999999956,-0.7498308389382692,6.885115275120624,4.645743387763793,0,1.447138849725027e-16,OPTIMAL,479223.44920456386,1.8075396678514362
