cost,time,Pg,B,R,Pd,P0,P_rsrv,P_cul,status,cost_opt,peak_opt
5151.314428242441,142.359,8.578923748073485,187.4999999999996,0.09809438646330305,8.578923748073485,2.053134487143261,0,-6.953530633235783e-16,OPTIMAL,480695.693978396,1.8121739073776726
