cost,time,Pg,B,R,Pd,P0,P_rsrv,P_cul,status,cost_opt,peak_opt
12512.105005691714,226.516,0.0,142.46121202000126,-0.3050185323086099,0.0,8.45984111270569,0,0.0,OPTIMAL,483905.028926983,1.8237817322340202
