cost,time,Pg,B,R,Pd,P0,P_rsrv,P_cul,status,cost_opt,peak_opt
12855.991727733055,69.5,0.0,237.59699999999953,0.011099188440936289,0.0,8.105921644220086,0,0.0,OPTIMAL,476239.6842662002,0.0
