cost,time,Pg,B,R,Pd,P0,P_rsrv,P_cul,status,cost_opt,peak_opt
16032.88082536274,55.547,0.0,212.611999999999,1.499999999999998,0.0,7.741613145998425,0,0.0,OPTIMAL,434713.72747937904,0.0
