cost,time,Pg,B,R,Pd,P0,P_rsrv,P_cul,status,cost_opt,peak_opt
12027.6228346208,84.656,0.0,237.59699999999953,0.011099188440935619,0.0,8.121284830939096,0,0.0,OPTIMAL,475741.0885462584,0.0
