cost,time,Pg,B,R,Pd,P0,P_rsrv,P_cul,status,cost_opt,peak_opt
23518.19586467002,57.906,4.531008208754452,312.8889999999988,-1.4996391230683075,4.531008208754452,7.294725764475812,0,-1.6114361364380492e-15,OPTIMAL,450747.23835097894,0.0
