cost,time,Pg,B,R,Pd,P0,P_rsrv,P_cul,status,cost_opt,peak_opt
19339.909635828142,52.11,2.8459772857710153,262.7889999999997,-1.4996391230683075,2.8459772857710153,8.74317795471435,0,1.4045364806099248e-15,OPTIMAL,472304.06584853155,0.0
