cost,time,Pg,B,R,Pd,P0,P_rsrv,P_cul,status,cost_opt,peak_opt
40286.02225386542,88.391,0.0,100.22599999999935,-1.4764827615403497,0.0,13.546073387311845,0,0.0,OPTIMAL,448876.30967586394,0.0
