cost,time,Pg,B,R,Pd,P0,P_rsrv,P_cul,status,cost_opt,peak_opt
12918.025053282934,66.609,0.0,237.59699999999953,0.011099188440934762,0.0,8.145034712032116,0,0.0,OPTIMAL,476235.5424107471,0.0
