cost,time,Pg,B,R,Pd,P0,P_rsrv,P_cul,status,cost_opt,peak_opt
32084.887842199278,79.5,0.0,87.82499999999955,1.499999999999998,0.0,10.359989616467317,0,0.0,OPTIMAL,446812.2319189735,0.0
