cost,time,Pg,B,R,Pd,P0,P_rsrv,P_cul,status,cost_opt,peak_opt
21833.283541739747,58.969,0.0,137.62499999999935,0.011758115391342264,0.0,9.969535863808105,0,0.0,OPTIMAL,438264.4811490872,0.0
