cost,time,Pg,B,R,Pd,P0,P_rsrv,P_cul,status,cost_opt,peak_opt
2561.8815694692908,53.781,7.7493345986350235,289.53652977582817,1.499999999999998,7.7493345986350235,1.462261169788408,0,-1.026603932072212e-15,OPTIMAL,476324.1921235975,0.0
