cost,time,Pg,B,R,Pd,P0,P_rsrv,P_cul,status,cost_opt,peak_opt
12743.571380481468,149.594,0.0,237.59699999999953,0.0110991884409353,0.0,8.075774005374821,0,0.0,OPTIMAL,476238.1907972902,0.0
