cost,time,Pg,B,R,Pd,P0,P_rsrv,P_cul,status,cost_opt,peak_opt
15962.207360685741,54.344,0.0,187.4999999999996,-1.4999999999999973,0.0,10.206014936499834,0,0.0,OPTIMAL,475689.10069282266,0.0
