cost,time,Pg,B,R,Pd,P0,P_rsrv,P_cul,status,cost_opt,peak_opt
14862.86565668473,51.047,0.0,225.28399999999968,-1.4421968115590664,0.0,10.022161602619507,0,0.0,OPTIMAL,476911.30274721724,0.0
