cost,time,Pg,B,R,Pd,P0,P_rsrv,P_cul,status,cost_opt,peak_opt
12935.425903687003,55.172,0.0,237.59699999999953,0.011099188440935511,0.0,8.059455391705297,0,0.0,OPTIMAL,477220.52646017284,0.0
