cost,time,Pg,B,R,Pd,P0,P_rsrv,P_cul,status,cost_opt,peak_opt
36274.80648665923,60.422,0.0,137.62499999999935,1.499999999999998,0.0,10.735367412447243,0,0.0,OPTIMAL,451717.8599397538,0.0
