cost,time,Pg,B,R,Pd,P0,P_rsrv,P_cul,status,cost_opt,peak_opt
12074.317266289418,55.031,0.0,237.59699999999953,0.011099188440934818,0.0,8.15832247722258,0,0.0,OPTIMAL,475694.58400721033,0.0
