cost,time,Pg,B,R,Pd,P0,P_rsrv,P_cul,status,cost_opt,peak_opt
34743.11029575337,48.891,0.0,137.63299999999936,1.499999999999998,0.0,11.033061383217968,0,0.0,OPTIMAL,453070.85112596466,0.0
