cost,time,Pg,B,R,Pd,P0,P_rsrv,P_cul,status,cost_opt,peak_opt
20994.88298431897,59.609,0.0,150.2169999999993,-1.4996391230683068,0.0,11.167490949105835,0,0.0,OPTIMAL,436487.3638211857,0.0
