cost,time,Pg,B,R,Pd,P0,P_rsrv,P_cul,status,cost_opt,peak_opt
1759.7149397067544,58.031,0.0,237.59699999999953,0.011099188440935432,0.0,8.146828424568307,0,0.0,OPTIMAL,475152.08420642343,0.0
