cost,time,Pg,B,R,Pd,P0,P_rsrv,P_cul,status,cost_opt,peak_opt
13556.724494199798,51.985,0.0,237.59699999999953,0.011099188440931189,0.0,8.547745582723707,0,0.0,OPTIMAL,474438.89389368764,0.0
