cost,time,Pg,B,R,Pd,P0,P_rsrv,P_cul,status,cost_opt,peak_opt
19536.41229045664,56.141,2.956321713301904,250.57899999999952,-1.499999999999998,2.956321713301904,8.808120960530495,0,-3.350997864609573e-16,OPTIMAL,467645.5080472842,0.0
