cost,time,Pg,B,R,Pd,P0,P_rsrv,P_cul,status,cost_opt,peak_opt
1535.0893184658341,57.75,11.41832642792348,350.0929999999993,-1.4888400000000008,11.41832642792348,0.5154766012309718,0,-6.640738306473715e-16,OPTIMAL,466180.64305620454,0.0
