cost,time,Pg,B,R,Pd,P0,P_rsrv,P_cul,status,cost_opt,peak_opt
23182.54320584504,52.906,3.278366703376942,338.7489999999999,-1.35033832212347,3.278366703376942,8.47315175652231,0,6.060419093650848e-16,OPTIMAL,456726.0254476287,0.0
