cost,time,Pg,B,R,Pd,P0,P_rsrv,P_cul,status,cost_opt,peak_opt
16572.479944561535,51.594,2.9973907852703254,350.09199999999925,1.499999999999998,2.9973907852703254,5.937828715357053,0,-2.6485703821105266e-16,OPTIMAL,455308.0523692516,0.0
