cost,time,Pg,B,R,Pd,P0,P_rsrv,P_cul,status,cost_opt,peak_opt
12752.177600691512,49.532,4.372451926928029,313.19099999999946,1.499999999999998,4.372451926928029,4.662587788187024,0,1.3262638600200494e-15,OPTIMAL,472823.9045630912,0.0
