cost,time,Pg,B,R,Pd,P0,P_rsrv,P_cul,status,cost_opt,peak_opt
32389.369920182293,63.078,0.0,50.41899999999912,-1.4996391230683068,0.0,12.07657342288676,0,0.0,OPTIMAL,446551.0471095215,0.0
