cost,time,Pg,B,R,Pd,P0,P_rsrv,P_cul,status,cost_opt,peak_opt
14831.980570175361,50.547,3.641121495312326,337.61099999999954,1.499999999999998,3.641121495312326,5.473055560950318,0,-1.092990986346215e-15,OPTIMAL,474538.1118403963,0.0
