cost,time,Pg,B,R,Pd,P0,P_rsrv,P_cul,status,cost_opt,peak_opt
13434.37410486139,62.782,2.1183606748789376,237.59699999999953,0.011099188440927029,2.1183606748789376,7.3331736380247765,0,1.5419387771817283e-17,OPTIMAL,472254.61622311885,0.0
