cost,time,Pg,B,R,Pd,P0,P_rsrv,P_cul,status,cost_opt,peak_opt
37165.70024936315,64.281,0.0,112.62699999999936,0.011637238459646752,0.0,12.012184954545297,0,0.0,OPTIMAL,451153.9442532513,0.0
