cost,time,Pg,B,R,Pd,P0,P_rsrv,P_cul,status,cost_opt,peak_opt
7512.128313938743,53.781,6.262054501380247,350.1979999999987,1.499999999999998,6.262054501380247,2.9390173372217303,0,-1.6672589957938966e-15,OPTIMAL,471120.4010886098,0.0
