cost,time,Pg,B,R,Pd,P0,P_rsrv,P_cul,status,cost_opt,peak_opt
6916.725073357184,52.625,6.444492054704219,325.5919999999993,1.499999999999998,6.444492054704219,2.5827950236583956,0,-1.890902798923344e-15,OPTIMAL,473081.71309844,0.0
