cost,time,Pg,B,R,Pd,P0,P_rsrv,P_cul,status,cost_opt,peak_opt
10057.084035711254,54.766,4.5552317120333825,301.74652977582844,1.499999999999998,4.5552317120333825,4.556902598872339,0,1.1821191811881016e-15,OPTIMAL,474817.91324927093,0.0
