cost,time,Pg,B,R,Pd,P0,P_rsrv,P_cul,status,cost_opt,peak_opt
-6468.639069102629,54.656,11.09549460696021,337.98799999999903,1.499999999999998,11.09549460696021,-2.174332460202564,0,-6.456966038237422e-16,OPTIMAL,466833.3512470991,0.0
