cost,time,Pg,B,R,Pd,P0,P_rsrv,P_cul,status,cost_opt,peak_opt
14487.94004680197,58.344,0.6273252475071212,237.59699999999953,0.011099188440927648,0.6273252475071212,8.350397721499693,0,-1.9788553120344415e-16,OPTIMAL,471793.2630507242,0.0
