cost,time,Pg,B,R,Pd,P0,P_rsrv,P_cul,status,cost_opt,peak_opt
12933.54185789097,54.938,0.0,237.59699999999953,0.011099188440931235,0.0,8.447773911097956,0,0.0,OPTIMAL,477238.7179306099,0.0
