cost,time,Pg,B,R,Pd,P0,P_rsrv,P_cul,status,cost_opt,peak_opt
25370.889005987046,61.578,0.0,113.56699999999906,-1.499366706720553,0.0,11.58488082465162,0,0.0,OPTIMAL,439068.33610602724,0.0
