cost,time,Pg,B,R,Pd,P0,P_rsrv,P_cul,status,cost_opt,peak_opt
7680.059892542956,60.5,9.567048840600863,313.3769999999996,-1.4998195615341527,9.567048840600863,2.3873359939518046,0,1.6736828936658732e-15,OPTIMAL,461600.390285805,0.0
