cost,time,Pg,B,R,Pd,P0,P_rsrv,P_cul,status,cost_opt,peak_opt
11947.795753840071,54.109,0.0,237.59699999999953,0.011099188440935678,0.0,8.067384033652985,0,0.0,OPTIMAL,476404.72556794353,0.0
