cost,time,Pg,B,R,Pd,P0,P_rsrv,P_cul,status,cost_opt,peak_opt
13362.27540407694,61.032,2.317479413848145,237.59699999999953,0.011099188440928111,2.317479413848145,7.137967630382981,0,5.435728906919013e-15,OPTIMAL,473202.749927616,0.0
