cost,time,Pg,B,R,Pd,P0,P_rsrv,P_cul,status,cost_opt,peak_opt
-10404.943156606581,54.625,12.407015313797796,350.1979999999987,1.499999999999998,12.407015313797796,-3.620369922270905,0,7.117787262367337e-17,OPTIMAL,464754.31441282935,0.0
