cost,time,Pg,B,R,Pd,P0,P_rsrv,P_cul,status,cost_opt,peak_opt
13356.439855732555,64.078,0.0,237.59699999999953,0.011099188440938603,0.0,8.321769380518726,0,0.0,OPTIMAL,476205.46965693176,0.0
