cost,time,Pg,B,R,Pd,P0,P_rsrv,P_cul,status,cost_opt,peak_opt
47190.40049298313,59.921,0.0,125.414999999999,-1.4534418846086552,0.0,13.904066144072814,0,0.0,OPTIMAL,449779.481330869,0.0
