cost,time,Pg,B,R,Pd,P0,P_rsrv,P_cul,status,cost_opt,peak_opt
-10007.161104268856,59.156,12.222815144092166,362.59899999999936,1.499999999999998,12.222815144092166,-3.3671470741146896,0,-2.8145888397723695e-16,OPTIMAL,462590.5197540339,0.0
