cost,time,Pg,B,R,Pd,P0,P_rsrv,P_cul,status,cost_opt,peak_opt
33735.474281107745,56.375,0.8110623445986057,264.32999999999913,1.499999999999998,0.8110623445986057,10.278937928430146,0,-1.8019372344073303e-15,OPTIMAL,446920.4780516668,0.0
