cost,time,Pg,B,R,Pd,P0,P_rsrv,P_cul,status,cost_opt,peak_opt
13844.948924779961,57.437,0.4542643839787599,237.59699999999953,0.01109918844092738,0.4542643839787599,8.395966600836848,0,-8.985376326450453e-16,OPTIMAL,476202.8995624004,0.0
