cost,time,Pg,B,R,Pd,P0,P_rsrv,P_cul,status,cost_opt,peak_opt
28891.431889177853,55.703,1.8172487183857142,301.3419999999992,1.499999999999998,1.8172487183857142,8.8218112638711,0,6.11584892971917e-16,OPTIMAL,444855.6254413446,0.0
