cost,time,Pg,B,R,Pd,P0,P_rsrv,P_cul,status,cost_opt,peak_opt
13623.980100559902,57.641,0.0,237.59699999999953,0.011099188440938804,0.0,8.05199769536637,0,0.0,OPTIMAL,478846.79098374536,0.0
