cost,time,Pg,B,R,Pd,P0,P_rsrv,P_cul,status,cost_opt,peak_opt
14111.89172067831,54.89,3.985028529804762,240.96052977582752,0.13955179821025476,3.985028529804762,6.373934833188034,0,-9.077347163863325e-16,OPTIMAL,473215.0794163365,0.0
