cost,time,Pg,B,R,Pd,P0,P_rsrv,P_cul,status,cost_opt,peak_opt
-324.1735932444358,63.36,9.11100148337188,374.9999999999992,1.499999999999998,9.11100148337188,-0.09301968242308056,0,9.679214894864341e-17,OPTIMAL,444541.3855391471,0.0
