cost,time,Pg,B,R,Pd,P0,P_rsrv,P_cul,status,cost_opt,peak_opt
47263.260322671435,61.047,0.1471817378121918,137.67899999999935,0.015706807739741636,0.1471817378121918,12.543328111112377,0,-9.120723721092218e-17,OPTIMAL,457710.7590329543,0.0
