cost,time,Pg,B,R,Pd,P0,P_rsrv,P_cul,status,cost_opt,peak_opt
12538.512357136313,52.907,0.0,237.59699999999953,0.011099188440937515,0.0,8.011828982195727,0,0.0,OPTIMAL,476814.922016619,0.0
