cost,time,Pg,B,R,Pd,P0,P_rsrv,P_cul,status,cost_opt,peak_opt
15510.602040251508,56.078,0.0,175.40899999999925,1.499999999999998,0.0,7.551412872566459,0,0.0,OPTIMAL,435164.92965868965,0.0
