cost,time,Pg,B,R,Pd,P0,P_rsrv,P_cul,status,cost_opt,peak_opt
34262.71209671494,69.313,0.0,12.642999999999248,-1.4996391230683068,0.0,12.405036964777313,0,0.0,OPTIMAL,448589.8478577966,0.0
