cost,time,Pg,B,R,Pd,P0,P_rsrv,P_cul,status,cost_opt,peak_opt
13410.984895949912,60.672,0.0,237.59699999999953,0.01109918844093671,0.0,8.122946635947857,0,0.0,OPTIMAL,478235.0038302869,0.0
