cost,time,Pg,B,R,Pd,P0,P_rsrv,P_cul,status,cost_opt,peak_opt
32700.01451268409,51.328,0.0,150.21699999999933,1.499999999999998,0.0,10.9145575810027,0,0.0,OPTIMAL,449870.20622835006,0.0
