cost,time,Pg,B,R,Pd,P0,P_rsrv,P_cul,status,cost_opt,peak_opt
31682.81639636527,66.985,0.0,63.01099999999922,-1.4996391230683068,0.0,12.083454003190417,0,0.0,OPTIMAL,444619.73354645295,0.0
