cost,time,Pg,B,R,Pd,P0,P_rsrv,P_cul,status,cost_opt,peak_opt
2938.4981346121453,53.11,10.8980750773828,325.3959999999988,-1.4998195615341527,10.8980750773828,1.0224419396701967,0,2.336238841271765e-15,OPTIMAL,466364.6485773509,0.0
