cost,time,Pg,B,R,Pd,P0,P_rsrv,P_cul,status,cost_opt,peak_opt
40953.13576795829,51.078,0.025484894471506044,137.63999999999936,0.012706807739742584,0.025484894471506044,12.493330008529067,0,5.515832812740852e-15,OPTIMAL,453912.46564899286,0.0
