cost,time,Pg,B,R,Pd,P0,P_rsrv,P_cul,status,cost_opt,peak_opt
26386.054416458148,60.813,0.0,88.38599999999921,-1.499486706720553,0.0,11.680413641637074,0,0.0,OPTIMAL,439950.2591539866,0.0
