cost,time,Pg,B,R,Pd,P0,P_rsrv,P_cul,status,cost_opt,peak_opt
15511.351535966685,50.422,4.6477456744277905,265.0785297758278,-1.4998195615341527,4.6477456744277905,7.439497139552366,0,1.3300314625694365e-15,OPTIMAL,474406.75867659645,0.0
