cost,time,Pg,B,R,Pd,P0,P_rsrv,P_cul,status,cost_opt,peak_opt
9498.427772734443,55.328,7.629822598185854,290.2625297758282,-1.3673020806037184,7.629822598185854,4.303773345144741,0,3.1008182133085427e-16,OPTIMAL,473292.64615461865,0.0
