cost,time,Pg,B,R,Pd,P0,P_rsrv,P_cul,status,cost_opt,peak_opt
37208.73481199825,75.187,0.0,0.15499999999925435,-1.4864462692671356,0.0,12.3863964087877,0,0.0,OPTIMAL,447873.9590294194,0.0
