cost,time,Pg,B,R,Pd,P0,P_rsrv,P_cul,status,cost_opt,peak_opt
15514.005953445632,53.562,0.0,187.80999999999935,1.499999999999998,0.0,7.5310708511872,0,0.0,OPTIMAL,435127.5672157461,0.0
