cost,time,Pg,B,R,Pd,P0,P_rsrv,P_cul,status,cost_opt,peak_opt
13303.626862401072,55.594,0.0,237.59699999999953,0.011099188440938814,0.0,8.1617342714117,0,0.0,OPTIMAL,476149.0277236634,0.0
