cost,time,Pg,B,R,Pd,P0,P_rsrv,P_cul,status,cost_opt,peak_opt
12300.335134585906,53.609,0.0,237.59699999999953,0.011099188440935553,0.0,7.956232299214687,0,0.0,OPTIMAL,476361.6279872412,0.0
