cost,time,Pg,B,R,Pd,P0,P_rsrv,P_cul,status,cost_opt,peak_opt
13034.459283597083,73.719,1.7702808991612855,237.59699999999953,0.011099188440928111,1.7702808991612855,7.609141438176932,0,-1.3324438124032167e-15,OPTIMAL,471799.2444237582,0.0
