cost,time,Pg,B,R,Pd,P0,P_rsrv,P_cul,status,cost_opt,peak_opt
15879.323570769426,61.906,5.831572566248432,374.9999999999992,-9.14476827595934e-16,5.831572566248432,4.951457303015101,0,3.960048435003305e-17,OPTIMAL,441763.4036388429,0.0
