cost,time,Pg,B,R,Pd,P0,P_rsrv,P_cul,status,cost_opt,peak_opt
2649.943532481042,63.203,7.817047914750988,325.46024332967687,1.499999999999998,7.817047914750988,1.4721908513783566,0,8.519660671391094e-16,OPTIMAL,469209.7575497624,0.0
