cost,time,Pg,B,R,Pd,P0,P_rsrv,P_cul,status,cost_opt,peak_opt
2878.2621081887596,65.766,11.055048054069475,325.96899999999937,-1.4997816778765383,11.055048054069475,0.8908270220330423,0,-4.807352432800727e-16,OPTIMAL,463126.02342573093,0.0
