cost,time,Pg,B,R,Pd,P0,P_rsrv,P_cul,status,cost_opt,peak_opt
12638.537546363235,117.156,5.460235604817807,350.3889999999998,1.499999999999998,5.460235604817807,4.269776198095688,0,-1.4276909732560683e-15,OPTIMAL,444483.27867453895,0.0
