cost,time,Pg,B,R,Pd,P0,P_rsrv,P_cul,status,cost_opt,peak_opt
21361.021051037584,48.859,4.295619329008464,337.80199999999934,-1.4998195615341527,4.295619329008464,7.761998928429354,0,2.709150178498154e-16,OPTIMAL,474013.62063925073,0.0
