cost,time,Pg,B,R,Pd,P0,P_rsrv,P_cul,status,cost_opt,peak_opt
10941.120445681334,52.516,6.39090051894292,374.9999999999992,-5.2145787687862805e-15,6.39090051894292,4.357276163154653,0,-1.6780197023558152e-15,OPTIMAL,470555.62300839636,0.0
