cost,time,Pg,B,R,Pd,P0,P_rsrv,P_cul,status,cost_opt,peak_opt
29697.214865275684,73.937,0.0,62.91899999999932,1.499999999999998,0.0,9.85636072528234,0,0.0,OPTIMAL,429029.68053793476,0.0
