cost,time,Pg,B,R,Pd,P0,P_rsrv,P_cul,status,cost_opt,peak_opt
16999.126108296266,60.328,6.139856830027499,313.18599999999935,-1.4998195615341527,6.139856830027499,5.696758079187757,0,7.987859505786954e-17,OPTIMAL,465213.84616127954,0.0
