cost,time,Pg,B,R,Pd,P0,P_rsrv,P_cul,status,cost_opt,peak_opt
12835.952523519492,59.906,0.684490863177398,237.59699999999953,0.011099188440928158,0.684490863177398,8.217639259615552,0,-1.102426933378628e-15,OPTIMAL,471301.7308410572,0.0
