cost,time,Pg,B,R,Pd,P0,P_rsrv,P_cul,status,cost_opt,peak_opt
37181.91282316976,50.172,0.2805556397683153,188.35299999999913,1.499999999999998,0.2805556397683153,11.020128281911607,0,-1.8691179585529107e-15,OPTIMAL,446175.4449261109,0.0
