cost,time,Pg,B,R,Pd,P0,P_rsrv,P_cul,status,cost_opt,peak_opt
12744.037903840084,72.953,0.0,237.59699999999953,0.01109918844093896,0.0,8.14315521012146,0,0.0,OPTIMAL,476223.13658437046,0.0
