cost,time,Pg,B,R,Pd,P0,P_rsrv,P_cul,status,cost_opt,peak_opt
13183.799941867735,62.063,0.0,237.59699999999953,0.011099188440938618,0.0,8.214205571257155,0,0.0,OPTIMAL,476462.7406782517,0.0
