cost,time,Pg,B,R,Pd,P0,P_rsrv,P_cul,status,cost_opt,peak_opt
25667.59081618992,56.968,4.384049408029378,337.98799999999903,-1.4998195615341527,4.384049408029378,8.336339985771328,0,-3.9372801893811094e-16,OPTIMAL,443397.74488899275,0.0
