cost,time,Pg,B,R,Pd,P0,P_rsrv,P_cul,status,cost_opt,peak_opt
12883.59724614427,54.437,0.0,237.59699999999953,0.011099188440936185,0.0,8.138722202238958,0,0.0,OPTIMAL,476590.3047379198,0.0
