cost,time,Pg,B,R,Pd,P0,P_rsrv,P_cul,status,cost_opt,peak_opt
42150.39568397716,51.578,1.4629492172240663,276.53999999999945,-1.4998195615341527,1.4629492172240663,12.3753363722775,0,1.1207770551479451e-15,OPTIMAL,435707.988295953,0.0
