cost,time,Pg,B,R,Pd,P0,P_rsrv,P_cul,status,cost_opt,peak_opt
18186.073578705986,58.343,0.0,138.20599999999936,-1.4996391230683068,0.0,10.286240711937776,0,0.0,OPTIMAL,435208.0767174655,0.0
