cost,time,Pg,B,R,Pd_net,P0,P_rsrv,P_cul,status
18928.22733568891,2.328,0.0,0.0,0.0,9.069400414347037,9.139655883963743,0,0.0,OPTIMAL
