cost,time,Pg,B,R,Pd_net,P0,P_rsrv,P_cul,status
20634.258708549016,3.453,4.081076132610821,0.0,0.0,6.361723363734519,6.412137572575828,0,0.0,OPTIMAL
