cost,time,Pg,B,R,Pd_net,P0,P_rsrv,P_cul,status
5365.961286580222,2.5,8.511454314099751,0.0,0.0,2.122815413313114,2.1602098577215063,0,0.0,OPTIMAL
