cost,time,Pg,B,R,Pd_net,P0,P_rsrv,P_cul,status
15029.517118638447,3.11,0.0,0.0,0.0,8.103421667131464,8.16377898893995,0,0.0,OPTIMAL
