cost,time,Pg,B,R,Pd_net,P0,P_rsrv,P_cul,status
27517.5847365509,2.25,0.0,0.0,0.0,10.413089728783037,10.490882476763591,0,0.0,OPTIMAL
