cost,time,Pg,B,R,Pd_net,P0,P_rsrv,P_cul,status
12721.797853726559,2.562,0.0,0.0,0.0,8.513704183897886,8.578420670078597,0,0.0,OPTIMAL
