cost,time,Pg,B,R,Pd_net,P0,P_rsrv,P_cul,status
7138.89547528577,2.39,8.188341235390904,0.0,0.0,2.4089587114339426,2.4423179867553095,0,0.0,OPTIMAL
