cost,time,Pg,B,R,Pd_net,P0,P_rsrv,P_cul,status
23504.127810302016,2.265,0.0,0.0,0.0,10.33324957874932,10.413880288126723,0,0.0,OPTIMAL
