cost,time,Pg,B,R,Pd_net,P0,P_rsrv,P_cul,status
13232.164630487547,2.563,0.0,0.0,0.0,8.17521496349423,8.2443393336371,0,0.0,OPTIMAL
