cost,time,Pg,B,R,Pd_net,P0,P_rsrv,P_cul,status
11550.820195260521,2.453,3.369030760311953,0.0,0.0,6.121699258107502,6.1703099333656635,0,0.0,OPTIMAL
