cost,time,Pg,B,R,Pd_net,P0,P_rsrv,P_cul,status
21922.996833804616,2.687,2.9080465719189523,0.0,0.0,7.687193060205154,7.749380287665117,0,0.0,OPTIMAL
