cost,time,Pg,B,R,Pd_net,P0,P_rsrv,P_cul,status
19320.134216017384,2.469,0.0,0.0,0.0,9.324745978863257,9.392384159463969,0,0.0,OPTIMAL
