cost,time,Pg,B,R,Pd_net,P0,P_rsrv,P_cul,status
12652.686027598003,2.609,5.994441364441011,0.0,0.0,4.625297806495815,4.668887833061993,0,0.0,OPTIMAL
