cost,time,Pg,B,R,Pd_net,P0,P_rsrv,P_cul,status
13674.914522014242,3.0,0.0,0.0,0.0,8.014220072698246,8.082100781332294,0,0.0,OPTIMAL
