cost,time,Pg,B,R,Pd_net,P0,P_rsrv,P_cul,status
3705.362661512533,2.656,8.620274958499213,0.0,0.0,2.0182904758363236,2.0562500896295965,0,0.0,OPTIMAL
