cost,time,Pg,B,R,Pd_net,P0,P_rsrv,P_cul,status
12084.940393639157,2.625,0.0,0.0,0.0,8.103117936956911,8.171021226260418,0,0.0,OPTIMAL
