cost,time,Pg,B,R,Pd_net,P0,P_rsrv,P_cul,status
19458.635915092713,2.812,3.488899485853552,0.0,0.0,7.046399775255493,7.1016919398148595,0,0.0,OPTIMAL
