cost,time,Pg,B,R,Pd_net,P0,P_rsrv,P_cul,status
-1328.356204193346,2.985,10.8980750773828,0.0,0.0,-0.5118638270775854,-0.4621977050081232,0,0.0,OPTIMAL
