cost,time,Pg,B,R,Pd_net,P0,P_rsrv,P_cul,status
16688.291785739657,2.562,2.463697937245146,0.0,0.0,7.67226863666468,7.729639548744631,0,0.0,OPTIMAL
