cost,time,Pg,B,R,Pd_net,P0,P_rsrv,P_cul,status
38734.913203467004,2.985,0.8110623445986057,0.0,0.0,11.70923215139422,11.802228276498173,0,0.0,OPTIMAL
