cost,time,Pg,B,R,Pd_net,P0,P_rsrv,P_cul,status
12981.499155194948,2.484,1.5974620716211985,0.0,0.0,7.593371200418262,7.649675400822009,0,0.0,OPTIMAL
