cost,time,Pg,B,R,Pd_net,P0,P_rsrv,P_cul,status
15779.5116869732,2.157,0.11475978001708123,0.0,0.0,8.487616131751839,8.552580860148076,0,0.0,OPTIMAL
