cost,time,Pg,B,R,Pd_net,P0,P_rsrv,P_cul,status
23474.15510167334,2.734,3.3810058517727457,0.0,0.0,7.268960470612145,7.324229360896518,0,0.0,OPTIMAL
