cost,time,Pg,B,R,Pd_net,P0,P_rsrv,P_cul,status
39979.587981879784,2.609,0.0,0.0,0.0,12.070218741112525,12.170346417619417,0,0.0,OPTIMAL
