cost,time,Pg,B,R,Pd_net,P0,P_rsrv,P_cul,status
34554.62432673526,3.031,0.0,0.0,0.0,10.998559279792469,11.085859585093122,0,0.0,OPTIMAL
