cost,time,Pg,B,R,Pd_net,P0,P_rsrv,P_cul,status
12804.675071351727,2.922,0.0,0.0,0.0,8.03092001522799,8.099098716857512,0,0.0,OPTIMAL
