cost,time,Pg,B,R,Pd_net,P0,P_rsrv,P_cul,status
13029.47532576635,2.859,0.0,0.0,0.0,8.055044015761192,8.12311429287179,0,0.0,OPTIMAL
