cost,time,Pg,B,R,Pd_net,P0,P_rsrv,P_cul,status
7323.874802011331,2.687,8.194932373642242,0.0,0.0,2.368873776698518,2.401270426888961,0,0.0,OPTIMAL
