cost,time,Pg,B,R,Pd_net,P0,P_rsrv,P_cul,status
12901.553131840401,2.797,2.8570137547648145,0.0,0.0,6.747435681748774,6.801029589794624,0,0.0,OPTIMAL
