cost,time,Pg,B,R,Pd_net,P0,P_rsrv,P_cul,status
16885.730077352524,2.391,4.372451926928029,0.0,0.0,6.125292815023311,6.173941527368382,0,0.0,OPTIMAL
