cost,time,Pg,B,R,Pd_net,P0,P_rsrv,P_cul,status
34287.28801634979,2.5,0.0,0.0,0.0,11.288775008450552,11.379783609807431,0,0.0,OPTIMAL
