cost,time,Pg,B,R,Pd_net,P0,P_rsrv,P_cul,status
8761.079437120117,2.515,7.8487615472831616,0.0,0.0,2.7383422321161475,2.771616398962391,0,0.0,OPTIMAL
