cost,time,Pg,B,R,Pd_net,P0,P_rsrv,P_cul,status
19631.064779167737,2.75,4.468233700742987,0.0,0.0,5.941276506322586,5.98690600157601,0,0.0,OPTIMAL
