cost,time,Pg,B,R,Pd_net,P0,P_rsrv,P_cul,status
20337.800694117173,2.625,0.0,0.0,0.0,9.771696544153132,9.844046802573656,0,0.0,OPTIMAL
