cost,time,Pg,B,R,Pd_net,P0,P_rsrv,P_cul,status
40218.08712810913,2.891,0.5612257649197546,0.0,0.0,11.882427469681977,11.973232250106914,0,0.0,OPTIMAL
