cost,time,Pg,B,R,Pd_net,P0,P_rsrv,P_cul,status
12071.872549379059,2.094,0.0,0.0,0.0,8.082775489956221,8.151163098837987,0,0.0,OPTIMAL
