cost,time,Pg,B,R,Pd_net,P0,P_rsrv,P_cul,status
12790.839841669449,2.906,0.0,0.0,0.0,8.104455374237988,8.173060601705718,0,0.0,OPTIMAL
