cost,time,Pg,B,R,Pd_net,P0,P_rsrv,P_cul,status
11364.873512275162,2.453,6.262054501380247,0.0,0.0,4.4058806797075,4.446351139387779,0,0.0,OPTIMAL
