cost,time,Pg,B,R,Pd_net,P0,P_rsrv,P_cul,status
21467.867729931582,2.812,5.379120444501105,0.0,0.0,6.24650956207554,6.2992569630080935,0,0.0,OPTIMAL
