cost,time,Pg,B,R,Pd_net,P0,P_rsrv,P_cul,status
18162.070421802004,2.5,0.0,0.0,0.0,9.590285638685986,9.66067575627766,0,0.0,OPTIMAL
