cost,time,Pg,B,R,Pd_net,P0,P_rsrv,P_cul,status
33917.7144812761,2.813,0.0,0.0,0.0,11.18888761819329,11.279585793573695,0,0.0,OPTIMAL
