cost,time,Pg,B,R,Pd_net,P0,P_rsrv,P_cul,status
11629.587950046178,2.594,5.6683336417166945,0.0,0.0,4.965640083302592,5.008435809666744,0,0.0,OPTIMAL
