cost,time,Pg,B,R,Pd_net,P0,P_rsrv,P_cul,status
12573.788767426786,2.828,0.0,0.0,0.0,7.9741872610347375,8.034369819442036,0,0.0,OPTIMAL
