cost,time,Pg,B,R,Pd_net,P0,P_rsrv,P_cul,status
33089.46306151602,2.922,0.0,0.0,0.0,11.430378395190914,11.517390553956151,0,0.0,OPTIMAL
