cost,time,Pg,B,R,Pd_net,P0,P_rsrv,P_cul,status
18594.52235442956,2.187,4.197644635485881,0.0,0.0,6.210235954219912,6.262890654910596,0,0.0,OPTIMAL
