cost,time,Pg,B,R,Pd_net,P0,P_rsrv,P_cul,status
16565.406742301697,2.14,0.0,0.0,0.0,8.647145551434644,8.71404878606086,0,0.0,OPTIMAL
