cost,time,Pg,B,R,Pd_net,P0,P_rsrv,P_cul,status
35035.8108852857,2.765,0.0,0.0,0.0,11.542628875555229,11.632075327120084,0,0.0,OPTIMAL
