cost,time,Pg,B,R,Pd_net,P0,P_rsrv,P_cul,status
13488.049964775424,2.266,0.0,0.0,0.0,8.446439497298247,8.509810703328345,0,0.0,OPTIMAL
