cost,time,Pg,B,R,Pd_net,P0,P_rsrv,P_cul,status
12931.406065166322,2.187,0.0,0.0,0.0,8.100344335677706,8.168923604021682,0,0.0,OPTIMAL
