cost,time,Pg,B,R,Pd_net,P0,P_rsrv,P_cul,status
13393.28620989561,2.453,4.5552317120333825,0.0,0.0,6.022042678585975,6.0685483506550115,0,0.0,OPTIMAL
