cost,time,Pg,B,R,Pd_net,P0,P_rsrv,P_cul,status
9904.081430279493,2.438,6.861016599846907,0.0,0.0,3.5919723092265508,3.62919803234866,0,0.0,OPTIMAL
