cost,time,Pg,B,R,Pd_net,P0,P_rsrv,P_cul,status
41024.77115571366,2.843,0.025484894471506044,0.0,0.0,12.41748308885926,12.515183391004777,0,0.0,OPTIMAL
