cost,time,Pg,B,R,Pd_net,P0,P_rsrv,P_cul,status
1880.2249159376036,3.094,9.935064739932399,0.0,0.0,0.6884645492436966,0.7217753995921703,0,0.0,OPTIMAL
