cost,time,Pg,B,R,Pd_net,P0,P_rsrv,P_cul,status
12148.974519879177,2.875,6.0002448990874075,0.0,0.0,4.624947155697489,4.665504807941312,0,0.0,OPTIMAL
