cost,time,Pg,B,R,Pd,P0,P_rsrv,P_cul,status,cost_opt,peak_opt
12594.022759870566,33.281,0.0,26.958487165852606,-0.6511312636910427,0.0,8.11470538651454,0,0.0,OPTIMAL,481123.02852896857,2.0125683055610053
