cost,time,Pg,B,R,Pd,P0,P_rsrv,P_cul,status,cost_opt,peak_opt
14036.05345011841,35.203,0.0,39.44244240016416,-0.6218572098453332,0.0,8.00687589852733,0,0.0,OPTIMAL,482575.4644535964,2.0139292925386805
