cost,time,Pg,B,R,Pd,P0,P_rsrv,P_cul,status,cost_opt,peak_opt
14913.139504075802,28.531,0.0,37.70065523659048,-0.6162908393492373,0.0,8.03942830408399,0,0.0,OPTIMAL,480928.05882952805,2.0140161510547934
