cost,time,Pg,B,R,Pd,P0,P_rsrv,P_cul,status,cost_opt,peak_opt
10435.752335144236,30.0,8.27181087620061,46.74500000000006,-1.382254462033265,8.27181087620061,3.907058156175304,0,1.5593537745772768e-15,OPTIMAL,486362.5020420926,2.0057491551061513
