cost,time,Pg,B,R,Pd,P0,P_rsrv,P_cul,status,cost_opt,peak_opt
197740.40698363673,31.61,2.6767450550797642,49.48300000000003,0.1323753357268453,2.6767450550797642,10.414515562418323,0,-9.00328260295541e-16,OPTIMAL,570028.106363663,2.184593476745014
