cost,time,Pg,B,R,Pd,P0,P_rsrv,P_cul,status,cost_opt,peak_opt
23199.04965207631,28.656,6.840547809635008,26.02099999999999,-0.11196958416389485,6.840547809635008,5.498708142231883,0,-1.3488084889441698e-15,OPTIMAL,525044.6604278858,2.052696150282456
