cost,time,Pg,B,R,Pd,P0,P_rsrv,P_cul,status,cost_opt,peak_opt
10707.523666542209,30.234,8.309050597264745,70.00000000000016,-0.6000000000000003,8.309050597264745,3.356590491079063,0,-8.857931749206571e-16,OPTIMAL,487830.17357268557,2.00600270538102
