cost,time,Pg,B,R,Pd,P0,P_rsrv,P_cul,status,cost_opt,peak_opt
27978.75327944916,32.032,6.004081101114367,23.452000000000005,-0.5062034737911485,6.004081101114367,7.21473782347838,0,-9.180481895521009e-17,OPTIMAL,536821.8218352415,2.0268605712022594
