cost,time,Pg,B,R,Pd,P0,P_rsrv,P_cul,status,cost_opt,peak_opt
10681.176293448083,30.906,7.565460510194184,21.32800000000005,-1.5460999884324762,7.565460510194184,3.835251810932884,0,8.652475437520568e-16,OPTIMAL,483831.39754434885,2.0063026992774944
