cost,time,Pg,B,R,Pd,P0,P_rsrv,P_cul,status,cost_opt,peak_opt
15146.722598836848,25.0,8.14171680180742,61.38300000000003,-0.8492158249801051,8.14171680180742,4.554035658098872,0,1.064794953598014e-15,OPTIMAL,504858.06366996374,2.011731543844847
