cost,time,Pg,B,R,Pd,P0,P_rsrv,P_cul,status,cost_opt,peak_opt
36424.34729350531,25.907,0.0,12.893000000000002,-0.025603268140718644,0.0,10.981111635063403,0,0.0,OPTIMAL,486727.0205100491,1.9629529190763022
