cost,time,Pg,B,R,Pd,P0,P_rsrv,P_cul,status,cost_opt,peak_opt
13116.933529155262,26.922,0.0,42.9126552365905,-0.6337004241456138,0.0,8.121940265730812,0,0.0,OPTIMAL,481058.7126079912,2.0134329120071794
