cost,time,Pg,B,R,Pd,P0,P_rsrv,P_cul,status,cost_opt,peak_opt
7857.885008980068,33.516,0.0,56.1614531111128,3.558803433276873,0.0,3.9113414678845535,0,-4.924954487197514e-16,OPTIMAL,480520.7304607029,2.008406301285533
