cost,time,Pg,B,R,Pd,P0,P_rsrv,P_cul,status,cost_opt,peak_opt
15529.079272786454,32.25,0.4647022836517711,67.39373459636441,-0.9056062773755894,0.4647022836517711,7.910891122153059,0,-1.843401191241323e-15,OPTIMAL,478192.1479920354,2.0043689866463934
