cost,time,Pg,B,R,Pd,P0,P_rsrv,P_cul,status,cost_opt,peak_opt
78134.67335727216,30.313,1.1525701092057936,38.335000000000036,0.19359459647302146,1.1525701092057936,11.833208141340627,0,0.0,OPTIMAL,640975.4288788042,2.2374072551392166
