cost,time,Pg,B,R,Pd,P0,P_rsrv,P_cul,status,cost_opt,peak_opt
281885.3001917891,24.844,0.16738761008314249,27.044000000000015,0.12663474153373727,0.16738761008314249,12.84683712477391,0,0.0,OPTIMAL,610002.4055549661,2.1958591924727795
