cost,time,Pg,B,R,Pd,P0,P_rsrv,P_cul,status,cost_opt,peak_opt
9645.384853066016,28.671,4.349669193737285,54.71800000000003,-0.9593165561574323,4.349669193737285,5.000199509106282,0,-1.9032084935810545e-15,OPTIMAL,477858.3115677142,2.002395318875912
