cost,time,Pg,B,R,Pd,P0,P_rsrv,P_cul,status,cost_opt,peak_opt
34946.558482835506,32.266,0.0,12.048999999999998,0.0491446561633766,0.0,11.405534752883652,0,0.0,OPTIMAL,489584.65149492165,2.023589976672389
