cost,time,Pg,B,R,Pd,P0,P_rsrv,P_cul,status,cost_opt,peak_opt
17062.50556121369,30.079,0.0,41.731221663463536,-0.5774581000470905,0.0,8.539792573180025,0,0.0,OPTIMAL,481884.1039837871,2.0161249701519197
