cost,time,Pg,B,R,Pd,P0,P_rsrv,P_cul,status,cost_opt,peak_opt
42722.07212748125,28.375,3.252945676390433,38.28600000000005,-0.33885828431937953,3.252945676390433,9.834731152735095,0,1.037039377982385e-16,OPTIMAL,545706.1308963406,2.036219342014231
