cost,time,Pg,B,R,Pd,P0,P_rsrv,P_cul,status,cost_opt,peak_opt
56331.089748865874,37.422,3.4016930134972325,51.94500000000006,0.014755786579452555,3.4016930134972325,9.60953424579766,0,1.412444380205491e-16,OPTIMAL,551780.3288021237,2.12626884918687
