cost,time,Pg,B,R,Pd,P0,P_rsrv,P_cul,status,cost_opt,peak_opt
36757.356766654375,28.453,2.4165068030210763,8.091000000000015,-0.2064222562556796,2.4165068030210763,10.505103391441661,0,1.4007892068512717e-16,OPTIMAL,519772.8779857168,2.0461133774056868
