cost,time,Pg,B,R,Pd,P0,P_rsrv,P_cul,status,cost_opt,peak_opt
8451.631067211809,31.11,5.204731638992216,62.44800000000005,0.03047416265800437,5.204731638992216,3.420328234403808,0,5.797771117366235e-16,OPTIMAL,478635.48171187285,2.003978211654922
