cost,time,Pg,B,R,Pd,P0,P_rsrv,P_cul,status,cost_opt,peak_opt
19542.050353518393,20.485,0.0,35.61100000000003,-0.3407128473458187,0.0,9.621885944617624,0,0.0,OPTIMAL,478261.3501435225,1.9565536821572889
