cost,time,Pg,B,R,Pd,P0,P_rsrv,P_cul,status,cost_opt,peak_opt
14635.15718489141,27.64,0.0,60.5393977408255,3.4109626639117043,0.0,5.341298242661098,0,0.0,OPTIMAL,478685.99642377975,2.020934180226797
