cost,time,Pg,B,R,Pd,P0,P_rsrv,P_cul,status,cost_opt,peak_opt
34335.55044564692,28.546,0.0,17.154000000000007,-0.15054831373371863,0.0,10.793948583982056,0,0.0,OPTIMAL,483521.9895794124,1.9651728738883
