cost,time,Pg,B,R,Pd,P0,P_rsrv,P_cul,status,cost_opt,peak_opt
10479.590243594626,32.266,7.119413344932774,62.469000000000044,-1.5037199999999997,7.119413344932774,4.004428828274599,0,1.7486554738932458e-15,OPTIMAL,481156.9683073568,2.0066488685111357
