cost,time,Pg,B,R,Pd,P0,P_rsrv,P_cul,status,cost_opt,peak_opt
18611.729118936262,27.453,7.658379812209562,13.295999999999998,-0.8458493935200475,7.658379812209562,5.340524854788023,0,-3.222248856626919e-16,OPTIMAL,505910.99327063095,2.012487363506981
