cost,time,Pg,B,R,Pd,P0,P_rsrv,P_cul,status,cost_opt,peak_opt
12778.408480428418,38.156,2.342107154993146,54.685,-1.1724006236405429,2.342107154993146,6.457002769291773,0,-9.954060145589416e-16,OPTIMAL,477114.3593546089,2.0012814316690637
