cost,time,Pg,B,R,Pd,P0,P_rsrv,P_cul,status,cost_opt,peak_opt
104973.26422296221,31.516,4.907314903202213,48.58200000000006,-0.1686805437873295,4.907314903202213,8.002230844866764,0,-1.2767158207374618e-15,OPTIMAL,557130.3586767795,2.0488506908662534
