cost,time,Pg,B,R,Pd,P0,P_rsrv,P_cul,status,cost_opt,peak_opt
-3098.602471229651,28.359,8.309050597264745,75.00000000000016,3.750000000000007,8.309050597264745,-0.8190860352179887,0,-1.1223660889569942e-15,OPTIMAL,488076.8047880896,2.005829605671648
