cost,time,Pg,B,R,Pd,P0,P_rsrv,P_cul,status,cost_opt,peak_opt
131415.70488535866,34.531,4.498416530844083,49.6070000000001,-0.1513844196221503,4.498416530844083,8.425163795701927,0,1.0435988011259223e-15,OPTIMAL,537867.6641079246,2.059833368596486
