cost,time,Pg,B,R,Pd,P0,P_rsrv,P_cul,status,cost_opt,peak_opt
203381.11580458318,28.031,0.48326276252776834,31.325000000000028,0.1341651556069655,0.48326276252776834,12.641004152189893,0,0.0,OPTIMAL,654889.0948319389,2.213384135152493
