cost,time,Pg,B,R,Pd,P0,P_rsrv,P_cul,status,cost_opt,peak_opt
34001.04082601208,32.968,0.0,11.762999999999991,0.01971467402524587,0.0,11.448161894280162,0,0.0,OPTIMAL,487671.5439442876,2.0104341691441965
