cost,time,Pg,B,R,Pd,P0,P_rsrv,P_cul,status,cost_opt,peak_opt
24857.740952246877,38.75,0.0,37.50000000000008,-0.3989183190165777,0.0,9.405123326616298,0,0.0,OPTIMAL,483946.4196557109,2.0265931343603083
