cost,time,Pg,B,R,Pd,P0,P_rsrv,P_cul,status,cost_opt,peak_opt
12330.8314121069,32.61,5.873920222358098,62.00600000000005,-1.4903567642299893,5.873920222358098,4.695670758608872,0,5.705342882161846e-16,OPTIMAL,478783.1700203698,2.0050063929644004
