cost,time,Pg,B,R,Pd,P0,P_rsrv,P_cul,status,cost_opt,peak_opt
36886.732473883436,31.579,0.0,12.580999999999994,0.04579067504399074,0.0,11.563239020026156,0,0.0,OPTIMAL,488574.7972600856,2.041864258402556
