cost,time,Pg,B,R,Pd,P0,P_rsrv,P_cul,status,cost_opt,peak_opt
16522.949494200366,32.343,0.0,24.473000000000006,-0.3158890284484231,0.0,9.80590474433256,0,0.0,OPTIMAL,475995.6399367603,1.9584366352087643
