cost,time,Pg,B,R,Pd,P0,P_rsrv,P_cul,status,cost_opt,peak_opt
11274.588481848004,34.062,3.754789330238474,8.029000000000005,-1.4033774624680588,3.754789330238474,5.6288509644772855,0,1.3955579313690292e-15,OPTIMAL,477690.31719396194,2.0020361311590915
