cost,time,Pg,B,R,Pd,P0,P_rsrv,P_cul,status,cost_opt,peak_opt
51684.52416853454,27.406,4.3310734570029945,50.948000000000064,-0.11445182336145923,4.3310734570029945,8.621271754551216,0,2.8732712823581474e-16,OPTIMAL,541076.021613528,2.0733391696436283
