cost,time,Pg,B,R,Pd,P0,P_rsrv,P_cul,status,cost_opt,peak_opt
110110.09455729142,26.266,1.6729278500110256,42.762000000000036,0.17383643417341005,1.6729278500110256,11.257549796267398,0,7.409522350060663e-16,OPTIMAL,597323.1888497211,2.219047229250326
