cost,time,Pg,B,R,Pd,P0,P_rsrv,P_cul,status,cost_opt,peak_opt
48944.85227928686,27.672,1.784539383951811,41.20600000000007,-0.31362483142389774,1.784539383951811,11.267231187681137,0,-1.080190624447308e-15,OPTIMAL,548575.254822365,2.0380629702953854
