cost,time,Pg,B,R,Pd,P0,P_rsrv,P_cul,status,cost_opt,peak_opt
30523.821613130367,30.235,5.557930017954832,27.768000000000033,-0.45991876640376067,5.557930017954832,7.706089778624178,0,1.3891611385513647e-15,OPTIMAL,539302.2200071556,2.029463528490358
