cost,time,Pg,B,R,Pd,P0,P_rsrv,P_cul,status,cost_opt,peak_opt
15292.28601354488,38.063,0.0,34.231442400164106,-0.6148900287736528,0.0,7.874503611506116,0,0.0,OPTIMAL,483314.182329335,2.014338959891728
