cost,time,Pg,B,R,Pd,P0,P_rsrv,P_cul,status,cost_opt,peak_opt
58903.10182477844,48.407,2.788178444052334,51.901000000000096,0.038272499031364204,2.788178444052334,10.039731008143589,0,1.120360314937896e-15,OPTIMAL,557402.4574643672,2.137828006528863
