cost,time,Pg,B,R,Pd,P0,P_rsrv,P_cul,status,cost_opt,peak_opt
133789.3245611107,25.203,0.6877305054743563,32.494000000000014,0.15145879147840302,0.6877305054743563,12.203714727821827,0,0.0,OPTIMAL,661415.8184274137,2.2167511520892087
