cost,time,Pg,B,R,Pd,P0,P_rsrv,P_cul,status,cost_opt,peak_opt
52378.41723647267,51.453,4.052220911442495,53.003999999999984,-0.009820905020157828,4.052220911442495,8.822371102656675,0,-2.583802854831674e-15,OPTIMAL,553787.7958393935,2.1084726555670215
