cost,time,Pg,B,R,Pd,P0,P_rsrv,P_cul,status,cost_opt,peak_opt
15667.539787231726,33.734,0.05579092155637482,47.43273459636441,-0.8595289675348388,0.05579092155637482,8.220115313342983,0,-5.422366115143129e-17,OPTIMAL,479364.36354160844,2.00553412138579
