cost,time,Pg,B,R,Pd,P0,P_rsrv,P_cul,status,cost_opt,peak_opt
11340.672474445242,25.718,8.290454860530456,58.34500000000002,-1.3943000719837788,8.290454860530456,4.178582341357863,0,7.010451247291272e-16,OPTIMAL,487526.14541911683,2.0058677359144936
