cost,time,Pg,B,R,Pd,P0,P_rsrv,P_cul,status,cost_opt,peak_opt
11870.516996825747,32.922,6.059760682065608,49.63500000000002,-1.4705316407254494,6.059760682065608,4.3883611818209785,0,6.688172151519955e-16,OPTIMAL,480140.19601749815,2.0052794915167578
