cost,time,Pg,B,R,Pd,P0,P_rsrv,P_cul,status,cost_opt,peak_opt
277024.6924558978,25.906,0.07429387445305247,26.080000000000005,0.12759327823421668,0.07429387445305247,12.650106966340829,0,0.0,OPTIMAL,590141.5367969954,2.1881812677483037
