cost,time,Pg,B,R,Pd,P0,P_rsrv,P_cul,status,cost_opt,peak_opt
12943.143154843241,23.703,8.253209572436063,33.83500000000007,-1.1349789523570892,8.253209572436063,4.624202627668183,0,3.983087731168622e-16,OPTIMAL,497257.66646312596,2.0067821917387536
