cost,time,Pg,B,R,Pd,P0,P_rsrv,P_cul,status,cost_opt,peak_opt
17490.36531204137,30.812,0.0,21.933411110520286,-0.5764640746499521,0.0,8.732084529226844,0,0.0,OPTIMAL,479526.8593356067,2.0163590045576805
