cost,time,Pg,B,R,Pd,P0,P_rsrv,P_cul,status,cost_opt,peak_opt
12418.530487326729,32.813,5.613685681652914,43.672000000000054,-1.5346554827065588,5.613685681652914,4.794799415956266,0,1.876103439268917e-15,OPTIMAL,479108.0601584234,2.0047871003011104
