cost,time,Pg,B,R,Pd,P0,P_rsrv,P_cul,status,cost_opt,peak_opt
16381.201467676692,33.203,0.0,37.19061273463434,-0.6123284911591127,0.0,8.207014763365075,0,0.0,OPTIMAL,481059.4670293438,2.01445184810377
