cost,time,Pg,B,R,Pd,P0,P_rsrv,P_cul,status,cost_opt,peak_opt
15518.15422601193,37.547,0.0,48.275256956419426,-0.656331247346062,0.0,7.990810621015411,0,0.0,OPTIMAL,482108.01557757566,2.012320151029457
