cost,time,Pg,B,R,Pd,P0,P_rsrv,P_cul,status,cost_opt,peak_opt
8822.136960326916,37.859,4.647134177122846,74.41700000000013,-0.06996000000000001,4.647134177122846,3.849099895430591,0,-1.1189237470593527e-15,OPTIMAL,477367.4004205258,2.0028615426974015
