cost,time,Pg,B,R,Pd,P0,P_rsrv,P_cul,status,cost_opt,peak_opt
59967.00671120217,34.172,2.8068446965032097,50.74600000000002,0.09750815062495771,2.8068446965032097,10.05314446122417,0,-1.5418168044373237e-15,OPTIMAL,561361.5346333222,2.164248521459213
