cost,time,Pg,B,R,Pd,P0,P_rsrv,P_cul,status,cost_opt,peak_opt
40742.697003918125,25.485,0.0,15.690999999999994,0.06683194690072143,0.0,11.969064924770308,0,0.0,OPTIMAL,487291.1498268831,2.084786214057725
