cost,time,Pg,B,R,Pd_net,P0,P_rsrv,P_cul,status
36794.40840236807,2.844,0.0,0.0,0.0,11.788440814484318,11.88066141503651,0,0.0,OPTIMAL
