cost,time,Pg,B,R,Pd_net,P0,P_rsrv,P_cul,status
19174.51735579368,2.734,0.0,0.0,0.0,9.190561238945026,9.25857911916643,0,0.0,OPTIMAL
