cost,time,Pg,B,R,Pd_net,P0,P_rsrv,P_cul,status
9950.646644502322,2.188,6.9865220203576,0.0,0.0,3.6185457525341476,3.6569814937531504,0,0.0,OPTIMAL
