cost,time,Pg,B,R,Pd_net,P0,P_rsrv,P_cul,status
22984.585004072673,3.0,0.0,0.0,0.0,10.098408003137681,10.174672423228275,0,0.0,OPTIMAL
