cost,time,Pg,B,R,Pd_net,P0,P_rsrv,P_cul,status
11245.380529538492,2.546,6.687045728471642,0.0,0.0,3.736017899608449,3.776151957534752,0,0.0,OPTIMAL
