cost,time,Pg,B,R,Pd_net,P0,P_rsrv,P_cul,status
33597.588824725724,2.719,0.0,0.0,0.0,11.10706169450633,11.195464453424101,0,0.0,OPTIMAL
