cost,time,Pg,B,R,Pd_net,P0,P_rsrv,P_cul,status
39546.46553797757,2.203,0.0,0.0,0.0,12.45526814572249,12.55842030421644,0,0.0,OPTIMAL
