cost,time,Pg,B,R,Pd_net,P0,P_rsrv,P_cul,status
12872.559357656803,2.343,0.684490863177398,0.0,0.0,8.177882857805104,8.241075132942896,0,0.0,OPTIMAL
