cost,time,Pg,B,R,Pd_net,P0,P_rsrv,P_cul,status
11035.262882661073,2.797,4.474949711427993,0.0,0.0,6.231499348458681,6.284318270308129,0,0.0,OPTIMAL
