cost,time,Pg,B,R,Pd_net,P0,P_rsrv,P_cul,status
11912.619762833292,2.875,6.045214937240319,0.0,0.0,4.704306151963819,4.747955266175087,0,0.0,OPTIMAL
