cost,time,Pg,B,R,Pd_net,P0,P_rsrv,P_cul,status
13821.32754489354,2.172,5.394849819798765,0.0,0.0,5.004936345332507,5.049809113954527,0,0.0,OPTIMAL
