cost,time,Pg,B,R,Pd_net,P0,P_rsrv,P_cul,status
5358.669890229542,2.562,7.817047914750988,0.0,0.0,2.9407982344217976,2.977038827905301,0,0.0,OPTIMAL
