cost,time,Pg,B,R,Pd_net,P0,P_rsrv,P_cul,status
10818.314817619921,2.953,7.341828129574032,0.0,0.0,3.070677996229644,3.1042510237072944,0,0.0,OPTIMAL
