cost,time,Pg,B,R,Pd_net,P0,P_rsrv,P_cul,status
32920.743453082476,2.688,0.0,0.0,0.0,10.883644994414485,10.966270304158053,0,0.0,OPTIMAL
