cost,time,Pg,B,R,Pd_net,P0,P_rsrv,P_cul,status
14692.04568390725,2.141,0.0,0.0,0.0,7.966071716075722,8.032829788905003,0,0.0,OPTIMAL
