cost,time,Pg,B,R,Pd_net,P0,P_rsrv,P_cul,status
15226.608781528354,2.516,0.0,0.0,0.0,8.630454908173636,8.69595018933658,0,0.0,OPTIMAL
