cost,time,Pg,B,R,Pd_net,P0,P_rsrv,P_cul,status
13068.627613809651,2.468,1.7702808991612855,0.0,0.0,7.5730219835401495,7.629087923998629,0,0.0,OPTIMAL
