cost,time,Pg,B,R,Pd_net,P0,P_rsrv,P_cul,status
16201.430648238507,2.515,2.956321713301904,0.0,0.0,7.250499004100821,7.30452238423738,0,0.0,OPTIMAL
