cost,time,Pg,B,R,Pd_net,P0,P_rsrv,P_cul,status
6488.274049478903,2.875,7.629822598185854,0.0,0.0,2.90095815368632,2.9398613726682843,0,0.0,OPTIMAL
