cost,time,Pg,B,R,Pd_net,P0,P_rsrv,P_cul,status
35033.08911266909,2.906,0.0,0.0,0.0,11.680490713731254,11.771871341622678,0,0.0,OPTIMAL
