cost,time,Pg,B,R,Pd_net,P0,P_rsrv,P_cul,status
45840.13709661731,3.313,0.2085534435466555,0.0,0.0,12.494379445723581,12.593444257312449,0,0.0,OPTIMAL
