cost,time,Pg,B,R,Pd_net,P0,P_rsrv,P_cul,status
11058.990916321723,2.438,6.843426244651687,0.0,0.0,3.613870168017379,3.653449262081838,0,0.0,OPTIMAL
