cost,time,Pg,B,R,Pd_net,P0,P_rsrv,P_cul,status
21043.055016700895,2.141,4.384049408029378,0.0,0.0,6.781090194294598,6.834379674147741,0,0.0,OPTIMAL
