cost,time,Pg,B,R,Pd_net,P0,P_rsrv,P_cul,status
-977.8304018727084,2.218,10.720940444774895,0.0,0.0,-0.38350664489155,-0.34773485130608406,0,0.0,OPTIMAL
