cost,time,Pg,B,R,Pd_net,P0,P_rsrv,P_cul,status
32723.014565206267,2.797,0.0,0.0,0.0,10.809920095805372,10.893147325301687,0,0.0,OPTIMAL
