cost,time,Pg,B,R,Pd_net,P0,P_rsrv,P_cul,status
11404.712888679107,3.25,6.876622452527954,0.0,0.0,3.501639533734092,3.537441962989797,0,0.0,OPTIMAL
