cost,time,Pg,B,R,Pd_net,P0,P_rsrv,P_cul,status
5405.211873800606,2.562,8.578923748073485,0.0,0.0,2.1207135330457576,2.1543291645279417,0,0.0,OPTIMAL
