cost,time,Pg,B,R,Pd_net,P0,P_rsrv,P_cul,status
15873.551015692641,2.859,6.087891184589813,0.0,0.0,4.661021350567796,4.701881225027441,0,0.0,OPTIMAL
