cost,time,Pg,B,R,Pd_net,P0,P_rsrv,P_cul,status
39704.645586821825,2.954,0.6390177273061131,0.0,0.0,12.042341147660357,12.134671634114252,0,0.0,OPTIMAL
