cost,time,Pg,B,R,Pd_net,P0,P_rsrv,P_cul,status
13397.574115518075,2.844,2.317479413848145,0.0,0.0,7.103605356938833,7.156823779657092,0,0.0,OPTIMAL
