cost,time,Pg,B,R,Pd_net,P0,P_rsrv,P_cul,status
-1228.8079123556938,2.469,11.222478779447142,0.0,0.0,-0.5082545558877585,-0.454777169635712,0,0.0,OPTIMAL
