cost,time,Pg,B,R,Pd_net,P0,P_rsrv,P_cul,status
17756.0542745829,2.703,0.0,0.0,0.0,8.770757332556576,8.847062418825562,0,0.0,OPTIMAL
