cost,time,Pg,B,R,Pd_net,P0,P_rsrv,P_cul,status
41544.16412842119,2.594,0.0,0.0,0.0,12.183800697389588,12.28390423667096,0,0.0,OPTIMAL
