cost,time,Pg,B,R,Pd,P0,P_rsrv,P_cul,status,cost_opt,peak_opt
-4294.86389483357,29.703,11.405562004728594,75.00000000000016,0.0,11.405562004728594,-1.729707569405385,0,8.649764932089354e-16,OPTIMAL,515561.40680961753,2.0805878378361307
