cost,time,Pg,B,R,Pd,P0,P_rsrv,P_cul,status,cost_opt,peak_opt
20446.38173648129,30.093,0.0,41.48498811920296,-0.5365965672031273,0.0,9.492284928728546,0,0.0,OPTIMAL,519332.03293374716,2.0444803963512785
