cost,time,Pg,B,R,Pd,P0,P_rsrv,P_cul,status,cost_opt,peak_opt
6930.777817645632,28.234,7.615922433782911,43.83699999999999,-1.0121794554758423,7.615922433782911,2.5631574769399528,0,2.2605615296322767e-17,OPTIMAL,516123.76677412284,2.0741012731232935
