cost,time,Pg,B,R,Pd,P0,P_rsrv,P_cul,status,cost_opt,peak_opt
33903.69599428089,27.719,0.0,12.530999999999986,0.0129889458713211,0.0,11.407703901171228,0,0.0,OPTIMAL,313347.7390373219,2.010038978731598
