cost,time,Pg,B,R,Pd,P0,P_rsrv,P_cul,status,cost_opt,peak_opt
22063.672568409165,32.359,3.0244848560346447,71.58500000000014,-0.35282511861545757,3.0244848560346447,8.36061863145478,0,1.2558313763899598e-15,OPTIMAL,486869.61642830144,2.0599551680623462
