cost,time,Pg,B,R,Pd,P0,P_rsrv,P_cul,status,cost_opt,peak_opt
42095.16342482505,36.25,0.437304021132312,43.465000000000074,0.11970324132940173,0.437304021132312,12.524594889861664,0,0.0,OPTIMAL,314455.25363915693,2.1747646019662534
