cost,time,Pg,B,R,Pd,P0,P_rsrv,P_cul,status,cost_opt,peak_opt
29037.370181607228,27.484,0.0,31.357000000000017,-0.2510271743982427,0.0,10.363087145470104,0,0.0,OPTIMAL,313838.82697825134,1.971160499250806
