cost,time,Pg,B,R,Pd,P0,P_rsrv,P_cul,status,cost_opt,peak_opt
40952.52574891878,29.875,0.0,12.51699999999999,-0.0018110983060664948,0.0,11.350478311784585,0,0.0,OPTIMAL,313078.64472019766,1.9990207890683236
