cost,time,Pg,B,R,Pd,P0,P_rsrv,P_cul,status,cost_opt,peak_opt
30469.546543751858,31.234,1.8219460889755457,66.90300000000009,0.07918434845844938,1.8219460889755457,10.968159303006427,0,9.839338003213294e-16,OPTIMAL,366235.5512399934,2.130948409707944
