cost,time,Pg,B,R,Pd,P0,P_rsrv,P_cul,status,cost_opt,peak_opt
6902.106006686297,24.704,2.6600090592315917,75.00000000000016,1.7019733972129785,2.6600090592315917,3.514310594035793,0,-5.9004992732092365e-16,OPTIMAL,513212.44732629135,2.0329496623023027
