cost,time,Pg,B,R,Pd,P0,P_rsrv,P_cul,status,cost_opt,peak_opt
26643.225502640355,25.813,2.7329209523500397,65.2050000000001,-0.16281410690580644,2.7329209523500397,9.280120342264143,0,-1.6896409943921442e-15,OPTIMAL,430043.3590910728,2.075463844038173
