cost,time,Pg,B,R,Pd,P0,P_rsrv,P_cul,status,cost_opt,peak_opt
16705.353061980968,38.75,0.0,56.80400000000007,-0.6827075750443233,0.0,8.081931815181889,0,0.0,OPTIMAL,520507.61068939953,2.0370400331445477
