cost,time,Pg,B,R,Pd,P0,P_rsrv,P_cul,status,cost_opt,peak_opt
-3767.2020996298215,30.5,7.14214609611088,75.00000000000016,3.0669723515537637,7.14214609611088,-1.4790742440635343,0,1.324624004234165e-15,OPTIMAL,513466.2697169143,2.0576406102018576
