cost,time,Pg,B,R,Pd,P0,P_rsrv,P_cul,status,cost_opt,peak_opt
19706.40208664467,28.781,0.0,50.25695818172155,-0.5157067803107278,0.0,9.144502128373396,0,0.0,OPTIMAL,518986.57982535404,2.045788366834602
