cost,time,Pg,B,R,Pd,P0,P_rsrv,P_cul,status,cost_opt,peak_opt
6170.454969370789,27.985,5.2836840373143,75.00000000000016,0.0,5.2836840373143,3.017337393335349,0,2.2490418815496183e-15,OPTIMAL,512950.5641617938,2.041884170177805
