cost,time,Pg,B,R,Pd,P0,P_rsrv,P_cul,status,cost_opt,peak_opt
16550.605165093846,28.938,0.0,48.179000000000066,-0.732574188064681,0.0,8.022590967083783,0,-1.1309312861196297e-15,OPTIMAL,520468.86693626456,2.035656095620211
