cost,time,Pg,B,R,Pd,P0,P_rsrv,P_cul,status,cost_opt,peak_opt
10516.979887162612,28.0,2.4048338032975156,72.21600000000014,-0.33408,2.4048338032975156,5.75012569008344,0,3.7104108847885175e-16,OPTIMAL,513598.1479816744,2.0278334715231647
