cost,time,Pg,B,R,Pd,P0,P_rsrv,P_cul,status,cost_opt,peak_opt
40460.131533023596,26.891,0.0,23.683000000000003,0.12456587061881552,0.0,12.128336790474698,0,0.0,OPTIMAL,312714.2371367095,2.1186265545080896
