cost,time,Pg,B,R,Pd,P0,P_rsrv,P_cul,status,cost_opt,peak_opt
12519.300896520594,27.75,0.0,29.522000000000013,-0.7163581146738872,0.0,7.979159271204967,0,1.4426427988410012e-15,OPTIMAL,521476.25509186345,2.0361770722403487
