cost,time,Pg,B,R,Pd,P0,P_rsrv,P_cul,status,cost_opt,peak_opt
18545.766899235172,28.656,2.9516639072522723,75.00000000000016,2.96168233513043,2.9516639072522723,5.604643970757078,0,-2.1697595976866157e-16,OPTIMAL,463588.36647193227,2.063455259947041
