cost,time,Pg,B,R,Pd,P0,P_rsrv,P_cul,status,cost_opt,peak_opt
16326.209971902294,36.438,0.0,50.53000000000006,-0.7125307499639109,0.0,8.208250362947357,0,0.0,OPTIMAL,521804.4961187204,2.035855037346683
