cost,time,Pg,B,R,Pd,P0,P_rsrv,P_cul,status,cost_opt,peak_opt
25627.27759622705,31.969,2.6600163347784775,63.53700000000008,-0.17830683047549373,2.6600163347784775,9.265103975497848,0,-1.4338167155306114e-15,OPTIMAL,441996.24147220794,2.073647097386572
