cost,time,Pg,B,R,Pd,P0,P_rsrv,P_cul,status,cost_opt,peak_opt
28991.029145394157,43.953,2.222825084622899,67.37300000000008,0.053235554354437935,2.222825084622899,10.443454303095876,0,-2.5590728809036373e-15,OPTIMAL,369834.43983359495,2.1171030897280088
