cost,time,Pg,B,R,Pd,P0,P_rsrv,P_cul,status,cost_opt,peak_opt
10934.514315083688,26.656,2.113495441566378,75.00000000000016,0.0,2.113495441566378,5.939442865336061,0,4.160354786370002e-16,OPTIMAL,512990.5339388242,2.032310918532184
