cost,time,Pg,B,R,Pd,P0,P_rsrv,P_cul,status,cost_opt,peak_opt
30257.143165568174,24.844,0.0,14.016999999999998,-0.030608424708168998,0.0,11.050819271573475,0,0.0,OPTIMAL,309945.39875844214,1.9825266965493717
