cost,time,Pg,B,R,Pd,P0,P_rsrv,P_cul,status,cost_opt,peak_opt
38286.377040425024,33.937,1.2026369869420601,56.16600000000007,0.20070000932618204,1.2026369869420601,11.733489745763109,0,1.3276055602085002e-16,OPTIMAL,323076.6783599742,2.212739955228959
