cost,time,Pg,B,R,Pd,P0,P_rsrv,P_cul,status,cost_opt,peak_opt
18126.09568304456,37.906,0.0,64.45200000000004,-0.6249007731091504,0.0,8.430742178160262,0,0.0,OPTIMAL,520764.80725107784,2.0397749387209223
