cost,time,Pg,B,R,Pd,P0,P_rsrv,P_cul,status,cost_opt,peak_opt
25297.91422675591,27.578,0.0,34.32900000000001,-0.3784649239824476,0.0,9.571666374103637,0,0.0,OPTIMAL,313676.07002808317,1.9621165784661074
