cost,time,Pg,B,R,Pd,P0,P_rsrv,P_cul,status,cost_opt,peak_opt
32953.32565966162,27.422,0.0,13.302999999999995,-0.022724273026008747,0.0,11.073026095316404,0,0.0,OPTIMAL,311609.0197772423,1.9858653364225558
