cost,time,Pg,B,R,Pd,P0,P_rsrv,P_cul,status,cost_opt,peak_opt
8947.314875740443,28.688,6.304054023667289,60.02200000000005,-1.7973600000000007,6.304054023667289,3.9502493932628893,0,-1.6918974901636297e-15,OPTIMAL,515547.4568522421,2.0403736583690484
