cost,time,Pg,B,R,Pd,P0,P_rsrv,P_cul,status,cost_opt,peak_opt
20147.79484562167,37.734,3.5710712291687177,74.52800000000015,-0.05664,3.5710712291687177,7.608683854086733,0,-1.1231521355320462e-15,OPTIMAL,482177.6414645775,2.0526400124307704
