cost,time,Pg,B,R,Pd,P0,P_rsrv,P_cul,status,cost_opt,peak_opt
27044.837892136595,26.953,2.842283335367548,70.9780000000002,0.7120734158891461,2.842283335367548,8.934535147716087,0,2.5193131543595204e-15,OPTIMAL,385295.96665626485,2.0793061916261464
