cost,time,Pg,B,R,Pd,P0,P_rsrv,P_cul,status,cost_opt,peak_opt
6370.865153373761,28.454,8.453949026304526,18.365000000000002,-2.2603707998511067,8.453949026304526,2.664519093840971,0,1.713039432527097e-16,OPTIMAL,515331.34884337336,2.0598389637521635
