cost,time,Pg,B,R,Pd,P0,P_rsrv,P_cul,status,cost_opt,peak_opt
15879.88184795673,38.484,0.0,44.50200000000005,-0.7137919009743122,0.0,7.932008915063302,0,0.0,OPTIMAL,521565.7760917146,2.0357557569673683
