cost,time,Pg,B,R,Pd,P0,P_rsrv,P_cul,status,cost_opt,peak_opt
17140.306889646334,38.922,0.0,48.533000000000065,-0.8247000573540951,0.0,8.357048702899236,0,-1.2041420378167134e-17,OPTIMAL,519767.5642172345,2.032453472178108
