cost,time,Pg,B,R,Pd,P0,P_rsrv,P_cul,status,cost_opt,peak_opt
36282.61559931409,38.593,0.0,13.581999999999988,0.03628376434153717,0.0,11.787724366248892,0,0.0,OPTIMAL,312342.5419363575,2.032504038728779
