cost,time,Pg,B,R,Pd,P0,P_rsrv,P_cul,status,cost_opt,peak_opt
39961.9077496709,27.875,0.0,26.524999999999995,0.12821997607013977,0.0,12.280856714711401,0,0.0,OPTIMAL,315968.03729062853,2.125751364528492
