cost,time,Pg,B,R,Pd,P0,P_rsrv,P_cul,status,cost_opt,peak_opt
12837.432910892523,27.891,1.3118756856625058,41.87899999999999,-1.4094085845049649,1.3118756856625058,7.856446089897505,0,6.693593162382383e-16,OPTIMAL,513772.95908722375,2.0267853738546315
