cost,time,Pg,B,R,Pd,P0,P_rsrv,P_cul,status,cost_opt,peak_opt
34930.370542568984,32.969,0.0,12.59699999999999,0.012001715764309487,0.0,11.570179046892674,0,0.0,OPTIMAL,314059.0987599625,2.0185761550826293
