cost,time,Pg,B,R,Pd,P0,P_rsrv,P_cul,status,cost_opt,peak_opt
25777.43354996449,26.75,0.0,29.38600000000001,-0.2275644764778781,0.0,10.269893844607367,0,0.0,OPTIMAL,314628.8381854412,1.9728154843206904
