cost,time,Pg,B,R,Pd,P0,P_rsrv,P_cul,status,cost_opt,peak_opt
19797.476074508708,29.39,3.789701413094216,66.55000000000011,-0.4485656870111853,3.789701413094216,7.544769845468259,0,-5.563583448109366e-16,OPTIMAL,500418.86125149135,2.053730593056866
