cost,time,Pg,B,R,Pd,P0,P_rsrv,P_cul,status,cost_opt,peak_opt
17464.03975952898,28.625,0.0,51.21600000000006,-0.6559351694254275,0.0,8.404253974749269,0,0.0,OPTIMAL,521341.14286716096,2.038341174359544
