cost,time,Pg,B,R,Pd,P0,P_rsrv,P_cul,status,cost_opt,peak_opt
28993.81455757265,30.843,2.2594247232331224,63.90800000000011,-0.18449720498509928,2.2594247232331224,10.288791539237987,0,1.759118024857731e-15,OPTIMAL,400893.97357681347,2.073751918024861
