cost,time,Pg,B,R,Pd,P0,P_rsrv,P_cul,status,cost_opt,peak_opt
-6242.250628932663,32.422,13.336888665588864,64.45000000000006,-0.25742811153380735,13.336888665588864,-2.507935166304806,0,2.5626067023595822e-15,OPTIMAL,525180.6875391938,2.047654868445177
