cost,time,Pg,B,R,Pd,P0,P_rsrv,P_cul,status,cost_opt,peak_opt
17885.850804395497,37.469,0.0,59.84600000000003,-0.6530480404447103,0.0,8.557823351385405,0,0.0,OPTIMAL,519674.097326851,2.0385316449403543
