cost,time,Pg,B,R,Pd,P0,P_rsrv,P_cul,status,cost_opt,peak_opt
12841.035874068393,34.329,0.7287042250119807,66.5200000000001,-0.7778726023047531,0.7287042250119807,7.796621660029384,0,1.220621910838493e-15,OPTIMAL,513943.48909543897,2.0262243931755566
