cost,time,Pg,B,R,Pd,P0,P_rsrv,P_cul,status,cost_opt,peak_opt
22145.641465110453,30.907,3.352346463133702,75.00000000000016,0.0,3.352346463133702,7.75679210686881,0,1.108352775877619e-15,OPTIMAL,477075.82291534264,2.0588402357899365
