cost,time,Pg,B,R,Pd,P0,P_rsrv,P_cul,status,cost_opt,peak_opt
29264.612325607726,33.969,2.1863309414425234,65.27300000000007,-0.0014469904081473878,2.1863309414425234,10.553412306385765,0,-1.1082782369782607e-15,OPTIMAL,357585.2805897128,2.109942997007586
