cost,time,Pg,B,R,Pd,P0,P_rsrv,P_cul,status,cost_opt,peak_opt
18664.265939142493,29.516,0.0,61.100495392772885,-0.5807181026137216,0.0,9.069128250312193,0,0.0,OPTIMAL,520064.97855043877,2.042402226379227
