cost,time,Pg,B,R,Pd,P0,P_rsrv,P_cul,status,cost_opt,peak_opt
28604.47892232387,25.844,0.0,40.70100000000004,-0.3294279987850903,0.0,10.139836555237103,0,0.0,OPTIMAL,311481.4809385955,1.9656464811666299
