cost,time,Pg,B,R,Pd,P0,P_rsrv,P_cul,status,cost_opt,peak_opt
29011.475824615263,26.719,2.4048483543912873,66.7160000000001,-0.15611148825407078,2.4048483543912873,10.112051524787473,0,-2.269912773369964e-16,OPTIMAL,395131.63549777004,2.075704282968887
