cost,time,Pg,B,R,Pd,P0,P_rsrv,P_cul,status,cost_opt,peak_opt
15008.502281712874,27.235,0.0,35.541000000000025,-0.704868914737301,0.0,8.15236408566696,0,0.0,OPTIMAL,522155.0979357457,2.0362361138618903
