cost,time,Pg,B,R,Pd,P0,P_rsrv,P_cul,status,cost_opt,peak_opt
-5741.488435057225,32.468,10.531135851136124,43.85499999999999,1.620624840154565,10.531135851136124,-2.3123191442034736,0,9.355580546377418e-16,OPTIMAL,515359.1003771981,2.0857176007180565
