cost,time,Pg,B,R,Pd,P0,P_rsrv,P_cul,status,cost_opt,peak_opt
10555.981122425195,28.938,0.0,74.20500000000017,2.7650006475420676,0.0,5.08967267233616,0,0.0,OPTIMAL,520082.1737763677,2.039250334391835
