cost,time,Pg,B,R,Pd,P0,P_rsrv,P_cul,status,cost_opt,peak_opt
-1002.1696715754861,32.813,10.567557238847636,69.72900000000013,0.5786739439991329,10.567557238847636,-0.3807635530301998,0,-9.394069723500653e-16,OPTIMAL,511869.64659838355,2.045435478115141
