cost,time,Pg,B,R,Pd,P0,P_rsrv,P_cul,status,cost_opt,peak_opt
7859.245517838701,35.187,0.0,56.549000000000035,3.242676629621476,0.0,3.957324027109115,0,0.0,OPTIMAL,520468.3269674559,2.0358290375105064
