cost,time,Pg,B,R,Pd,P0,P_rsrv,P_cul,status,cost_opt,peak_opt
-7149.650659448669,29.219,13.81057769669826,66.20900000000012,-0.7146867100614034,13.81057769669826,-2.6363018655784174,0,1.9760939846263925e-16,OPTIMAL,527311.1137654609,2.040227060750043
