cost,time,Pg,B,R,Pd,P0,P_rsrv,P_cul,status,cost_opt,peak_opt
31974.542604634895,31.407,0.0,13.577999999999996,-0.042114113219505624,0.0,11.199489528768789,0,0.0,OPTIMAL,311317.0512337249,1.9764712792907513
