cost,time,Pg,B,R,Pd,P0,P_rsrv,P_cul,status,cost_opt,peak_opt
-11803.960110708278,31.797,10.130074966816617,31.46100000000005,3.750000000000007,10.130074966816617,-3.8739613097171905,0,-2.5156200907094917e-16,OPTIMAL,532284.5372167181,2.032954327817944
