cost,time,Pg,B,R,Pd,P0,P_rsrv,P_cul,status,cost_opt,peak_opt
11316.047439382482,32.079,5.793958155940149,74.70300000000016,0.5978300168550071,5.793958155940149,4.302679634746191,0,-1.9786689647860456e-18,OPTIMAL,514499.180663873,2.0428123459766576
