cost,time,Pg,B,R,Pd,P0,P_rsrv,P_cul,status,cost_opt,peak_opt
9360.016364349382,34.906,0.0,75.00000000000016,3.750000000000007,0.0,4.3636439927036745,0,0.0,OPTIMAL,520192.81342984946,2.0422368071107084
