cost,time,Pg,B,R,Pd,P0,P_rsrv,P_cul,status,cost_opt,peak_opt
36723.31585649161,34.875,1.6761986959809523,54.58200000000007,0.18388367548500004,1.6761986959809523,11.19613288307671,0,4.045808403330435e-15,OPTIMAL,318071.06104349904,2.2021443115827877
