cost,time,Pg,B,R,Pd,P0,P_rsrv,P_cul,status,cost_opt,peak_opt
25427.18842104616,28.563,2.51423983959634,54.76900000000001,-0.2746855665272035,2.51423983959634,9.580704001901342,0,-3.5579449542827435e-16,OPTIMAL,455335.2481684382,2.0664477229858953
