cost,time,Pg,B,R,Pd,P0,P_rsrv,P_cul,status,cost_opt,peak_opt
28128.8696155424,35.171,2.4048410788444015,67.52400000000004,0.05561043327797614,2.4048410788444015,10.1621638784474,0,3.9119369635992607e-17,OPTIMAL,361778.28643004363,2.113269774043817
