cost,time,Pg,B,R,Pd,P0,P_rsrv,P_cul,status,cost_opt,peak_opt
7667.83112644612,24.344,7.287966244574333,58.54600000000004,-1.9744800000000002,7.287966244574333,3.400368570486084,0,-1.8022150612140297e-15,OPTIMAL,513054.7223611821,2.0520155975248793
