cost,time,Pg,B,R,Pd,P0,P_rsrv,P_cul,status,cost_opt,peak_opt
24381.814523145193,31.562,3.0972330493481572,61.51500000000011,-0.2368472794122716,3.0972330493481572,8.973799971713357,0,8.398501078615839e-17,OPTIMAL,446001.038062318,2.068971685824308
