cost,time,Pg,B,R,Pd,P0,P_rsrv,P_cul,status,cost_opt,peak_opt
35854.711491613256,29.25,0.0,12.626999999999995,-0.007905671652632828,0.0,11.40417032175994,0,0.0,OPTIMAL,311807.95487492904,1.9990253060987522
