cost,time,Pg,B,R,Pd,P0,P_rsrv,P_cul,status,cost_opt,peak_opt
38561.54424340219,38.0,1.1661901348164434,51.53800000000009,0.18289417449310225,1.1661901348164434,11.767331169790108,0,2.9640641086996255e-15,OPTIMAL,322536.0419811718,2.2057598647525025
