cost,time,Pg,B,R,Pd,P0,P_rsrv,P_cul,status,cost_opt,peak_opt
17051.210577314207,36.188,0.0,50.86700000000001,-0.7027549237102859,0.0,8.25324810131375,0,0.0,OPTIMAL,522144.9864156679,2.0362475757666263
