cost,time,Pg,B,R,Pd,P0,P_rsrv,P_cul,status,cost_opt,peak_opt
-6688.941836567,30.812,12.207159933991806,72.17900000000013,0.9311008527150183,12.207159933991806,-2.5776269119718687,0,-1.5091958715726661e-15,OPTIMAL,526138.1821950744,2.043389117038771
