cost,time,Pg,B,R,Pd,P0,P_rsrv,P_cul,status,cost_opt,peak_opt
17990.841309436328,35.25,0.0,49.136,-0.6205205605507623,0.0,8.62456438611521,0,0.0,OPTIMAL,521144.6961785462,2.0400777190221926
