cost,time,Pg,B,R,Pd,P0,P_rsrv,P_cul,status,cost_opt,peak_opt
-8842.819631956507,33.344,9.401505339422027,75.00000000000016,3.750000000000007,9.401505339422027,-3.567091420716623,0,-5.636224993665895e-16,OPTIMAL,513479.25290439744,2.1117081086689136
