cost,time,Pg,B,R,Pd,P0,P_rsrv,P_cul,status,cost_opt,peak_opt
11848.4622345969,27.484,6.158255701844492,69.97400000000013,-0.17249038234743144,6.158255701844492,4.50683234484477,0,1.7607443281164592e-15,OPTIMAL,510815.1107856089,2.0545360571467604
