cost,time,Pg,B,R,Pd,P0,P_rsrv,P_cul,status,cost_opt,peak_opt
2302.542795374634,23.016,5.502397890028987,75.00000000000016,1.7988526799518199,5.502397890028987,1.0192752524898778,0,1.192622389734055e-16,OPTIMAL,515512.486896988,2.0362253211184718
